Compiling Agda.Primitive in /usr/share/libghc-agda-dev/lib/prim/Agda/Primitive.agdai to /tmp/tmp.QooGeSKrDL/MAlonzo/Code/Agda/Primitive.hs
Compiling Agda.Builtin.Sigma in /usr/share/libghc-agda-dev/lib/prim/Agda/Builtin/Sigma.agdai to /tmp/tmp.QooGeSKrDL/MAlonzo/Code/Agda/Builtin/Sigma.hs
Compiling Agda.Builtin.Maybe in /usr/share/libghc-agda-dev/lib/prim/Agda/Builtin/Maybe.agdai to /tmp/tmp.QooGeSKrDL/MAlonzo/Code/Agda/Builtin/Maybe.hs
Compiling Agda.Builtin.Bool in /usr/share/libghc-agda-dev/lib/prim/Agda/Builtin/Bool.agdai to /tmp/tmp.QooGeSKrDL/MAlonzo/Code/Agda/Builtin/Bool.hs
Compiling Agda.Builtin.Nat in /usr/share/libghc-agda-dev/lib/prim/Agda/Builtin/Nat.agdai to /tmp/tmp.QooGeSKrDL/MAlonzo/Code/Agda/Builtin/Nat.hs
Compiling Agda.Builtin.Char in /usr/share/libghc-agda-dev/lib/prim/Agda/Builtin/Char.agdai to /tmp/tmp.QooGeSKrDL/MAlonzo/Code/Agda/Builtin/Char.hs
Compiling Agda.Builtin.List in /usr/share/libghc-agda-dev/lib/prim/Agda/Builtin/List.agdai to /tmp/tmp.QooGeSKrDL/MAlonzo/Code/Agda/Builtin/List.hs
Compiling Agda.Builtin.String in /usr/share/libghc-agda-dev/lib/prim/Agda/Builtin/String.agdai to /tmp/tmp.QooGeSKrDL/MAlonzo/Code/Agda/Builtin/String.hs
Compiling Agda.Builtin.Equality in /usr/share/libghc-agda-dev/lib/prim/Agda/Builtin/Equality.agdai to /tmp/tmp.QooGeSKrDL/MAlonzo/Code/Agda/Builtin/Equality.hs
Compiling Prastava in /home/user/math/formal/executable/Prastava.agdai to /tmp/tmp.QooGeSKrDL/MAlonzo/Code/Prastava.hs
NOT calling: ghc -O -Werror -i/tmp/tmp.QooGeSKrDL /tmp/tmp.QooGeSKrDL/MAlonzo/Code/Prastava.hs --make -fwarn-incomplete-patterns
[ 1 of 13] Compiling MAlonzo.RTE      ( /tmp/tmp.QooGeSKrDL/MAlonzo/RTE.hs, /tmp/tmp.QooGeSKrDL/build/MAlonzo/RTE.o )
[ 2 of 13] Compiling MAlonzo.Code.Agda.Primitive ( /tmp/tmp.QooGeSKrDL/MAlonzo/Code/Agda/Primitive.hs, /tmp/tmp.QooGeSKrDL/build/MAlonzo/Code/Agda/Primitive.o )
[ 3 of 13] Compiling MAlonzo.Code.Agda.Builtin.String ( /tmp/tmp.QooGeSKrDL/MAlonzo/Code/Agda/Builtin/String.hs, /tmp/tmp.QooGeSKrDL/build/MAlonzo/Code/Agda/Builtin/String.o )
[ 4 of 13] Compiling MAlonzo.Code.Agda.Builtin.Sigma ( /tmp/tmp.QooGeSKrDL/MAlonzo/Code/Agda/Builtin/Sigma.hs, /tmp/tmp.QooGeSKrDL/build/MAlonzo/Code/Agda/Builtin/Sigma.o )
[ 5 of 13] Compiling MAlonzo.Code.Agda.Builtin.Maybe ( /tmp/tmp.QooGeSKrDL/MAlonzo/Code/Agda/Builtin/Maybe.hs, /tmp/tmp.QooGeSKrDL/build/MAlonzo/Code/Agda/Builtin/Maybe.o )
[ 6 of 13] Compiling MAlonzo.Code.Agda.Builtin.List ( /tmp/tmp.QooGeSKrDL/MAlonzo/Code/Agda/Builtin/List.hs, /tmp/tmp.QooGeSKrDL/build/MAlonzo/Code/Agda/Builtin/List.o )
[ 7 of 13] Compiling MAlonzo.Code.Agda.Builtin.Equality ( /tmp/tmp.QooGeSKrDL/MAlonzo/Code/Agda/Builtin/Equality.hs, /tmp/tmp.QooGeSKrDL/build/MAlonzo/Code/Agda/Builtin/Equality.o )
[ 8 of 13] Compiling MAlonzo.Code.Agda.Builtin.Char ( /tmp/tmp.QooGeSKrDL/MAlonzo/Code/Agda/Builtin/Char.hs, /tmp/tmp.QooGeSKrDL/build/MAlonzo/Code/Agda/Builtin/Char.o )
[ 9 of 13] Compiling MAlonzo.Code.Agda.Builtin.Bool ( /tmp/tmp.QooGeSKrDL/MAlonzo/Code/Agda/Builtin/Bool.hs, /tmp/tmp.QooGeSKrDL/build/MAlonzo/Code/Agda/Builtin/Bool.o )
[10 of 13] Compiling MAlonzo.Code.Prastava ( /tmp/tmp.QooGeSKrDL/MAlonzo/Code/Prastava.hs, /tmp/tmp.QooGeSKrDL/build/MAlonzo/Code/Prastava.o )
[11 of 13] Compiling PrastavaAPI      ( /tmp/tmp.QooGeSKrDL/PrastavaAPI.hs, /tmp/tmp.QooGeSKrDL/build/PrastavaAPI.o )
[12 of 13] Compiling Main             ( formal/executable/Mukha.hs, /tmp/tmp.QooGeSKrDL/build/Main.o )
[13 of 13] Linking /tmp/tmp.QooGeSKrDL/mukha
mukha: 403 pairs from the refusal list, 262 new (receipts remember 665)
  P666  refused by the proposer: gcd: the fuel-typed definition is owed (SanghattaSamapti names this close as separate work)
  P667  refused by the proposer: gcd: the fuel-typed definition is owed (SanghattaSamapti names this close as separate work)
  P668  refused by the proposer: gcd: the fuel-typed definition is owed (SanghattaSamapti names this close as separate work)
  P669  refused by the proposer: gcd: the fuel-typed definition is owed (SanghattaSamapti names this close as separate work)
  P670  refused by the proposer: unparsed: outside the closed signature {0,s,+,*,-,le,max} over x..w with primes
  P671  refused by the kernel: Checking Prastuta.P671 (/home/user/math/formal/cubical/Prastuta/P671.agda)./home/user/math/formal/cubical/Prastuta/P671.
  P672  refused by the kernel: Checking Prastuta.P672 (/home/user/math/formal/cubical/Prastuta/P672.agda)./home/user/math/formal/cubical/Prastuta/P672.
  P673  refused by the kernel: Checking Prastuta.P673 (/home/user/math/formal/cubical/Prastuta/P673.agda)./home/user/math/formal/cubical/Prastuta/P673.
  P674  refused by the kernel: Checking Prastuta.P674 (/home/user/math/formal/cubical/Prastuta/P674.agda)./home/user/math/formal/cubical/Prastuta/P674.
  P675  refused by the kernel: Checking Prastuta.P675 (/home/user/math/formal/cubical/Prastuta/P675.agda)./home/user/math/formal/cubical/Prastuta/P675.
  P676  refused by the kernel: Checking Prastuta.P676 (/home/user/math/formal/cubical/Prastuta/P676.agda)./home/user/math/formal/cubical/Prastuta/P676.
  P677  refused by the kernel: /home/user/math/formal/cubical/Prastuta/P677.agda:24,13-13/home/user/math/formal/cubical/Prastuta/P677.agda:24,13: Parse
  P678  refused by the proposer: gcd: the fuel-typed definition is owed (SanghattaSamapti names this close as separate work)
  P679  refused by the proposer: gcd: the fuel-typed definition is owed (SanghattaSamapti names this close as separate work)
  P680  refused by the kernel: Checking Prastuta.P680 (/home/user/math/formal/cubical/Prastuta/P680.agda)./home/user/math/formal/cubical/Prastuta/P680.
  P681  refused by the kernel: Checking Prastuta.P681 (/home/user/math/formal/cubical/Prastuta/P681.agda)./home/user/math/formal/cubical/Prastuta/P681.
  P682  refused by the kernel: Checking Prastuta.P682 (/home/user/math/formal/cubical/Prastuta/P682.agda)./home/user/math/formal/cubical/Prastuta/P682.
  P683  refused by the proposer: AC rearrangement: the sides are equal modulo associativity-commutativity of +/·; the close is completion modulo AC (Peterson-Stickel; notes/SamataChakra), not one lemma per shuffle
  P684  refused by the kernel: Checking Prastuta.P684 (/home/user/math/formal/cubical/Prastuta/P684.agda)./home/user/math/formal/cubical/Prastuta/P684.
  P685  refused by the kernel: Checking Prastuta.P685 (/home/user/math/formal/cubical/Prastuta/P685.agda)./home/user/math/formal/cubical/Prastuta/P685.
  P686  refused by the kernel: /home/user/math/formal/cubical/Prastuta/P686.agda:24,13-13/home/user/math/formal/cubical/Prastuta/P686.agda:24,13: Parse
  P687  refused by the kernel: Checking Prastuta.P687 (/home/user/math/formal/cubical/Prastuta/P687.agda)./home/user/math/formal/cubical/Prastuta/P687.
  P688  refused by the kernel: /home/user/math/formal/cubical/Prastuta/P688.agda:24,13-13/home/user/math/formal/cubical/Prastuta/P688.agda:24,13: Parse
  P689  refused by the proposer: unparsed: outside the closed signature {0,s,+,*,-,le,max} over x..w with primes
  P690  refused by the kernel: Checking Prastuta.P690 (/home/user/math/formal/cubical/Prastuta/P690.agda)./home/user/math/formal/cubical/Prastuta/P690.
  P691  refused by the kernel: Checking Prastuta.P691 (/home/user/math/formal/cubical/Prastuta/P691.agda)./home/user/math/formal/cubical/Prastuta/P691.
  P692  refused by the kernel: Checking Prastuta.P692 (/home/user/math/formal/cubical/Prastuta/P692.agda)./home/user/math/formal/cubical/Prastuta/P692.
  P693  refused by the kernel: Checking Prastuta.P693 (/home/user/math/formal/cubical/Prastuta/P693.agda)./home/user/math/formal/cubical/Prastuta/P693.
  P694  refused by the proposer: gcd: the fuel-typed definition is owed (SanghattaSamapti names this close as separate work)
  P695  refused by the proposer: gcd: the fuel-typed definition is owed (SanghattaSamapti names this close as separate work)
  P696  refused by the kernel: Checking Prastuta.P696 (/home/user/math/formal/cubical/Prastuta/P696.agda)./home/user/math/formal/cubical/Prastuta/P696.
  P697  refused by the kernel: Checking Prastuta.P697 (/home/user/math/formal/cubical/Prastuta/P697.agda)./home/user/math/formal/cubical/Prastuta/P697.
  P698  refused by the kernel: Checking Prastuta.P698 (/home/user/math/formal/cubical/Prastuta/P698.agda)./home/user/math/formal/cubical/Prastuta/P698.
  P699  refused by the kernel: Checking Prastuta.P699 (/home/user/math/formal/cubical/Prastuta/P699.agda)./home/user/math/formal/cubical/Prastuta/P699.
  P700  refused by the kernel: Checking Prastuta.P700 (/home/user/math/formal/cubical/Prastuta/P700.agda)./home/user/math/formal/cubical/Prastuta/P700.
  P701  refused by the kernel: Checking Prastuta.P701 (/home/user/math/formal/cubical/Prastuta/P701.agda)./home/user/math/formal/cubical/Prastuta/P701.
  P702  refused by the kernel: Checking Prastuta.P702 (/home/user/math/formal/cubical/Prastuta/P702.agda)./home/user/math/formal/cubical/Prastuta/P702.
  P703  refused by the kernel: Checking Prastuta.P703 (/home/user/math/formal/cubical/Prastuta/P703.agda)./home/user/math/formal/cubical/Prastuta/P703.
  P704  refused by the kernel: Checking Prastuta.P704 (/home/user/math/formal/cubical/Prastuta/P704.agda)./home/user/math/formal/cubical/Prastuta/P704.
  P705  refused by the kernel: Checking Prastuta.P705 (/home/user/math/formal/cubical/Prastuta/P705.agda)./home/user/math/formal/cubical/Prastuta/P705.
  P706  refused by the kernel: Checking Prastuta.P706 (/home/user/math/formal/cubical/Prastuta/P706.agda)./home/user/math/formal/cubical/Prastuta/P706.
  P707  refused by the kernel: Checking Prastuta.P707 (/home/user/math/formal/cubical/Prastuta/P707.agda)./home/user/math/formal/cubical/Prastuta/P707.
  P708  refused by the kernel: /home/user/math/formal/cubical/Prastuta/P708.agda:24,13-13/home/user/math/formal/cubical/Prastuta/P708.agda:24,13: Parse
  P709  refused by the kernel: Checking Prastuta.P709 (/home/user/math/formal/cubical/Prastuta/P709.agda)./home/user/math/formal/cubical/Prastuta/P709.
  P710  refused by the kernel: Checking Prastuta.P710 (/home/user/math/formal/cubical/Prastuta/P710.agda)./home/user/math/formal/cubical/Prastuta/P710.
  P711  refused by the kernel: Checking Prastuta.P711 (/home/user/math/formal/cubical/Prastuta/P711.agda)./home/user/math/formal/cubical/Prastuta/P711.
  P712  refused by the kernel: Checking Prastuta.P712 (/home/user/math/formal/cubical/Prastuta/P712.agda)./home/user/math/formal/cubical/Prastuta/P712.
  P713  refused by the kernel: Checking Prastuta.P713 (/home/user/math/formal/cubical/Prastuta/P713.agda)./home/user/math/formal/cubical/Prastuta/P713.
  P714  refused by the kernel: Checking Prastuta.P714 (/home/user/math/formal/cubical/Prastuta/P714.agda)./home/user/math/formal/cubical/Prastuta/P714.
  P715  refused by the kernel: Checking Prastuta.P715 (/home/user/math/formal/cubical/Prastuta/P715.agda)./home/user/math/formal/cubical/Prastuta/P715.
  P716  refused by the kernel: Checking Prastuta.P716 (/home/user/math/formal/cubical/Prastuta/P716.agda)./home/user/math/formal/cubical/Prastuta/P716.
  P717  refused by the proposer: AC rearrangement: the sides are equal modulo associativity-commutativity of +/·; the close is completion modulo AC (Peterson-Stickel; notes/SamataChakra), not one lemma per shuffle
  P718  refused by the proposer: AC rearrangement: the sides are equal modulo associativity-commutativity of +/·; the close is completion modulo AC (Peterson-Stickel; notes/SamataChakra), not one lemma per shuffle
  P719  refused by the kernel: Checking Prastuta.P719 (/home/user/math/formal/cubical/Prastuta/P719.agda)./home/user/math/formal/cubical/Prastuta/P719.
  P720  refused by the kernel: Checking Prastuta.P720 (/home/user/math/formal/cubical/Prastuta/P720.agda)./home/user/math/formal/cubical/Prastuta/P720.
  P721  refused by the kernel: Checking Prastuta.P721 (/home/user/math/formal/cubical/Prastuta/P721.agda)./home/user/math/formal/cubical/Prastuta/P721.
  P722  refused by the kernel: Checking Prastuta.P722 (/home/user/math/formal/cubical/Prastuta/P722.agda)./home/user/math/formal/cubical/Prastuta/P722.
  P723  refused by the kernel: Checking Prastuta.P723 (/home/user/math/formal/cubical/Prastuta/P723.agda)./home/user/math/formal/cubical/Prastuta/P723.
  P724  refused by the kernel: Checking Prastuta.P724 (/home/user/math/formal/cubical/Prastuta/P724.agda)./home/user/math/formal/cubical/Prastuta/P724.
  P725  refused by the kernel: Checking Prastuta.P725 (/home/user/math/formal/cubical/Prastuta/P725.agda)./home/user/math/formal/cubical/Prastuta/P725.
  P726  refused by the kernel: Checking Prastuta.P726 (/home/user/math/formal/cubical/Prastuta/P726.agda)./home/user/math/formal/cubical/Prastuta/P726.
  P727  refused by the kernel: Checking Prastuta.P727 (/home/user/math/formal/cubical/Prastuta/P727.agda)./home/user/math/formal/cubical/Prastuta/P727.
  P728  refused by the kernel: /home/user/math/formal/cubical/Prastuta/P728.agda:24,13-13/home/user/math/formal/cubical/Prastuta/P728.agda:24,13: Parse
  P729  refused by the proposer: gcd: the fuel-typed definition is owed (SanghattaSamapti names this close as separate work)
  P730  refused by the proposer: gcd: the fuel-typed definition is owed (SanghattaSamapti names this close as separate work)
  P731  refused by the kernel: Checking Prastuta.P731 (/home/user/math/formal/cubical/Prastuta/P731.agda)./home/user/math/formal/cubical/Prastuta/P731.
  P732  refused by the proposer: AC rearrangement: the sides are equal modulo associativity-commutativity of +/·; the close is completion modulo AC (Peterson-Stickel; notes/SamataChakra), not one lemma per shuffle
  P733  refused by the proposer: AC rearrangement: the sides are equal modulo associativity-commutativity of +/·; the close is completion modulo AC (Peterson-Stickel; notes/SamataChakra), not one lemma per shuffle
  P734  refused by the proposer: AC rearrangement: the sides are equal modulo associativity-commutativity of +/·; the close is completion modulo AC (Peterson-Stickel; notes/SamataChakra), not one lemma per shuffle
  P735  refused by the kernel: Checking Prastuta.P735 (/home/user/math/formal/cubical/Prastuta/P735.agda)./home/user/math/formal/cubical/Prastuta/P735.
  P736  refused by the proposer: AC rearrangement: the sides are equal modulo associativity-commutativity of +/·; the close is completion modulo AC (Peterson-Stickel; notes/SamataChakra), not one lemma per shuffle
  P737  refused by the proposer: AC rearrangement: the sides are equal modulo associativity-commutativity of +/·; the close is completion modulo AC (Peterson-Stickel; notes/SamataChakra), not one lemma per shuffle
  P738  refused by the proposer: AC rearrangement: the sides are equal modulo associativity-commutativity of +/·; the close is completion modulo AC (Peterson-Stickel; notes/SamataChakra), not one lemma per shuffle
  P739  refused by the kernel: Checking Prastuta.P739 (/home/user/math/formal/cubical/Prastuta/P739.agda)./home/user/math/formal/cubical/Prastuta/P739.
  P740  refused by the kernel: Checking Prastuta.P740 (/home/user/math/formal/cubical/Prastuta/P740.agda)./home/user/math/formal/cubical/Prastuta/P740.
  P741  refused by the kernel: Checking Prastuta.P741 (/home/user/math/formal/cubical/Prastuta/P741.agda)./home/user/math/formal/cubical/Prastuta/P741.
  P742  refused by the kernel: Checking Prastuta.P742 (/home/user/math/formal/cubical/Prastuta/P742.agda)./home/user/math/formal/cubical/Prastuta/P742.
  P743  refused by the kernel: Checking Prastuta.P743 (/home/user/math/formal/cubical/Prastuta/P743.agda)./home/user/math/formal/cubical/Prastuta/P743.
  P744  refused by the kernel: Checking Prastuta.P744 (/home/user/math/formal/cubical/Prastuta/P744.agda)./home/user/math/formal/cubical/Prastuta/P744.
  P745  refused by the kernel: Checking Prastuta.P745 (/home/user/math/formal/cubical/Prastuta/P745.agda)./home/user/math/formal/cubical/Prastuta/P745.
  P746  refused by the proposer: unparsed: outside the closed signature {0,s,+,*,-,le,max} over x..w with primes
  P747  refused by the proposer: unparsed: outside the closed signature {0,s,+,*,-,le,max} over x..w with primes
  P748  refused by the kernel: Checking Prastuta.P748 (/home/user/math/formal/cubical/Prastuta/P748.agda)./home/user/math/formal/cubical/Prastuta/P748.
  P749  refused by the kernel: Checking Prastuta.P749 (/home/user/math/formal/cubical/Prastuta/P749.agda)./home/user/math/formal/cubical/Prastuta/P749.
  P750  refused by the kernel: Checking Prastuta.P750 (/home/user/math/formal/cubical/Prastuta/P750.agda)./home/user/math/formal/cubical/Prastuta/P750.
  P751  refused by the kernel: Checking Prastuta.P751 (/home/user/math/formal/cubical/Prastuta/P751.agda)./home/user/math/formal/cubical/Prastuta/P751.
  P752  refused by the kernel: Checking Prastuta.P752 (/home/user/math/formal/cubical/Prastuta/P752.agda)./home/user/math/formal/cubical/Prastuta/P752.
  P753  refused by the kernel: Checking Prastuta.P753 (/home/user/math/formal/cubical/Prastuta/P753.agda)./home/user/math/formal/cubical/Prastuta/P753.
  P754  refused by the kernel: /home/user/math/formal/cubical/Prastuta/P754.agda:24,13-13/home/user/math/formal/cubical/Prastuta/P754.agda:24,13: Parse
  P755  refused by the kernel: Checking Prastuta.P755 (/home/user/math/formal/cubical/Prastuta/P755.agda)./home/user/math/formal/cubical/Prastuta/P755.
  P756  refused by the kernel: Checking Prastuta.P756 (/home/user/math/formal/cubical/Prastuta/P756.agda)./home/user/math/formal/cubical/Prastuta/P756.
  P757  refused by the kernel: Checking Prastuta.P757 (/home/user/math/formal/cubical/Prastuta/P757.agda)./home/user/math/formal/cubical/Prastuta/P757.
  P758  refused by the kernel: Checking Prastuta.P758 (/home/user/math/formal/cubical/Prastuta/P758.agda)./home/user/math/formal/cubical/Prastuta/P758.
  P759  refused by the kernel: Checking Prastuta.P759 (/home/user/math/formal/cubical/Prastuta/P759.agda)./home/user/math/formal/cubical/Prastuta/P759.
  P760  refused by the kernel: Checking Prastuta.P760 (/home/user/math/formal/cubical/Prastuta/P760.agda)./home/user/math/formal/cubical/Prastuta/P760.
  P761  refused by the kernel: Checking Prastuta.P761 (/home/user/math/formal/cubical/Prastuta/P761.agda)./home/user/math/formal/cubical/Prastuta/P761.
  P762  refused by the kernel: Checking Prastuta.P762 (/home/user/math/formal/cubical/Prastuta/P762.agda)./home/user/math/formal/cubical/Prastuta/P762.
  P763  refused by the kernel: Checking Prastuta.P763 (/home/user/math/formal/cubical/Prastuta/P763.agda)./home/user/math/formal/cubical/Prastuta/P763.
  P764  refused by the kernel: Checking Prastuta.P764 (/home/user/math/formal/cubical/Prastuta/P764.agda)./home/user/math/formal/cubical/Prastuta/P764.
  P765  refused by the kernel: Checking Prastuta.P765 (/home/user/math/formal/cubical/Prastuta/P765.agda)./home/user/math/formal/cubical/Prastuta/P765.
  P766  refused by the kernel: Checking Prastuta.P766 (/home/user/math/formal/cubical/Prastuta/P766.agda)./home/user/math/formal/cubical/Prastuta/P766.
  P767  refused by the kernel: Checking Prastuta.P767 (/home/user/math/formal/cubical/Prastuta/P767.agda)./home/user/math/formal/cubical/Prastuta/P767.
  P768  refused by the kernel: Checking Prastuta.P768 (/home/user/math/formal/cubical/Prastuta/P768.agda)./home/user/math/formal/cubical/Prastuta/P768.
  P769  refused by the kernel: Checking Prastuta.P769 (/home/user/math/formal/cubical/Prastuta/P769.agda)./home/user/math/formal/cubical/Prastuta/P769.
  P770  refused by the kernel: Checking Prastuta.P770 (/home/user/math/formal/cubical/Prastuta/P770.agda)./home/user/math/formal/cubical/Prastuta/P770.
  P771  refused by the kernel: Checking Prastuta.P771 (/home/user/math/formal/cubical/Prastuta/P771.agda)./home/user/math/formal/cubical/Prastuta/P771.
  P772  refused by the kernel: Checking Prastuta.P772 (/home/user/math/formal/cubical/Prastuta/P772.agda)./home/user/math/formal/cubical/Prastuta/P772.
  P773  refused by the kernel: Checking Prastuta.P773 (/home/user/math/formal/cubical/Prastuta/P773.agda)./home/user/math/formal/cubical/Prastuta/P773.
  P774  refused by the kernel: Checking Prastuta.P774 (/home/user/math/formal/cubical/Prastuta/P774.agda)./home/user/math/formal/cubical/Prastuta/P774.
  P775  refused by the kernel: Checking Prastuta.P775 (/home/user/math/formal/cubical/Prastuta/P775.agda)./home/user/math/formal/cubical/Prastuta/P775.
  P776  refused by the kernel: Checking Prastuta.P776 (/home/user/math/formal/cubical/Prastuta/P776.agda)./home/user/math/formal/cubical/Prastuta/P776.
  P777  refused by the kernel: Checking Prastuta.P777 (/home/user/math/formal/cubical/Prastuta/P777.agda)./home/user/math/formal/cubical/Prastuta/P777.
  P778  refused by the kernel: /home/user/math/formal/cubical/Prastuta/P778.agda:24,13-13/home/user/math/formal/cubical/Prastuta/P778.agda:24,13: Parse
  P779  refused by the kernel: /home/user/math/formal/cubical/Prastuta/P779.agda:24,13-13/home/user/math/formal/cubical/Prastuta/P779.agda:24,13: Parse
  P780  refused by the kernel: Checking Prastuta.P780 (/home/user/math/formal/cubical/Prastuta/P780.agda)./home/user/math/formal/cubical/Prastuta/P780.
  P781  refused by the kernel: Checking Prastuta.P781 (/home/user/math/formal/cubical/Prastuta/P781.agda)./home/user/math/formal/cubical/Prastuta/P781.
  P782  refused by the kernel: Checking Prastuta.P782 (/home/user/math/formal/cubical/Prastuta/P782.agda)./home/user/math/formal/cubical/Prastuta/P782.
  P783  refused by the kernel: Checking Prastuta.P783 (/home/user/math/formal/cubical/Prastuta/P783.agda)./home/user/math/formal/cubical/Prastuta/P783.
  P784  refused by the kernel: Checking Prastuta.P784 (/home/user/math/formal/cubical/Prastuta/P784.agda)./home/user/math/formal/cubical/Prastuta/P784.
  P785  refused by the kernel: Checking Prastuta.P785 (/home/user/math/formal/cubical/Prastuta/P785.agda)./home/user/math/formal/cubical/Prastuta/P785.
  P786  refused by the kernel: Checking Prastuta.P786 (/home/user/math/formal/cubical/Prastuta/P786.agda)./home/user/math/formal/cubical/Prastuta/P786.
  P787  refused by the kernel: /home/user/math/formal/cubical/Prastuta/P787.agda:24,13-13/home/user/math/formal/cubical/Prastuta/P787.agda:24,13: Parse
  P788  refused by the kernel: /home/user/math/formal/cubical/Prastuta/P788.agda:24,13-13/home/user/math/formal/cubical/Prastuta/P788.agda:24,13: Parse
  P789  refused by the kernel: Checking Prastuta.P789 (/home/user/math/formal/cubical/Prastuta/P789.agda)./home/user/math/formal/cubical/Prastuta/P789.
  P790  refused by the kernel: Checking Prastuta.P790 (/home/user/math/formal/cubical/Prastuta/P790.agda)./home/user/math/formal/cubical/Prastuta/P790.
  P791  refused by the kernel: Checking Prastuta.P791 (/home/user/math/formal/cubical/Prastuta/P791.agda)./home/user/math/formal/cubical/Prastuta/P791.
  P792  refused by the kernel: Checking Prastuta.P792 (/home/user/math/formal/cubical/Prastuta/P792.agda)./home/user/math/formal/cubical/Prastuta/P792.
  P793  refused by the kernel: Checking Prastuta.P793 (/home/user/math/formal/cubical/Prastuta/P793.agda)./home/user/math/formal/cubical/Prastuta/P793.
  P794  refused by the kernel: Checking Prastuta.P794 (/home/user/math/formal/cubical/Prastuta/P794.agda)./home/user/math/formal/cubical/Prastuta/P794.
  P795  refused by the kernel: Checking Prastuta.P795 (/home/user/math/formal/cubical/Prastuta/P795.agda)./home/user/math/formal/cubical/Prastuta/P795.
  P796  refused by the kernel: Checking Prastuta.P796 (/home/user/math/formal/cubical/Prastuta/P796.agda)./home/user/math/formal/cubical/Prastuta/P796.
  P797  refused by the kernel: /home/user/math/formal/cubical/Prastuta/P797.agda:24,13-13/home/user/math/formal/cubical/Prastuta/P797.agda:24,13: Parse
  P798  refused by the proposer: AC rearrangement: the sides are equal modulo associativity-commutativity of +/·; the close is completion modulo AC (Peterson-Stickel; notes/SamataChakra), not one lemma per shuffle
  P799  refused by the proposer: AC rearrangement: the sides are equal modulo associativity-commutativity of +/·; the close is completion modulo AC (Peterson-Stickel; notes/SamataChakra), not one lemma per shuffle
  P800  refused by the kernel: Checking Prastuta.P800 (/home/user/math/formal/cubical/Prastuta/P800.agda)./home/user/math/formal/cubical/Prastuta/P800.
  P801  refused by the kernel: Checking Prastuta.P801 (/home/user/math/formal/cubical/Prastuta/P801.agda)./home/user/math/formal/cubical/Prastuta/P801.
  P802  refused by the kernel: Checking Prastuta.P802 (/home/user/math/formal/cubical/Prastuta/P802.agda)./home/user/math/formal/cubical/Prastuta/P802.
  P803  refused by the kernel: Checking Prastuta.P803 (/home/user/math/formal/cubical/Prastuta/P803.agda)./home/user/math/formal/cubical/Prastuta/P803.
  P804  refused by the kernel: Checking Prastuta.P804 (/home/user/math/formal/cubical/Prastuta/P804.agda)./home/user/math/formal/cubical/Prastuta/P804.
  P805  refused by the kernel: Checking Prastuta.P805 (/home/user/math/formal/cubical/Prastuta/P805.agda)./home/user/math/formal/cubical/Prastuta/P805.
  P806  refused by the kernel: Checking Prastuta.P806 (/home/user/math/formal/cubical/Prastuta/P806.agda)./home/user/math/formal/cubical/Prastuta/P806.
  P807  refused by the proposer: AC rearrangement: the sides are equal modulo associativity-commutativity of +/·; the close is completion modulo AC (Peterson-Stickel; notes/SamataChakra), not one lemma per shuffle
  P808  refused by the kernel: Checking Prastuta.P808 (/home/user/math/formal/cubical/Prastuta/P808.agda)./home/user/math/formal/cubical/Prastuta/P808.
  P809  refused by the kernel: Checking Prastuta.P809 (/home/user/math/formal/cubical/Prastuta/P809.agda)./home/user/math/formal/cubical/Prastuta/P809.
  P810  refused by the kernel: Checking Prastuta.P810 (/home/user/math/formal/cubical/Prastuta/P810.agda)./home/user/math/formal/cubical/Prastuta/P810.
  P811  refused by the kernel: Checking Prastuta.P811 (/home/user/math/formal/cubical/Prastuta/P811.agda)./home/user/math/formal/cubical/Prastuta/P811.
  P812  refused by the kernel: Checking Prastuta.P812 (/home/user/math/formal/cubical/Prastuta/P812.agda)./home/user/math/formal/cubical/Prastuta/P812.
  P813  refused by the kernel: Checking Prastuta.P813 (/home/user/math/formal/cubical/Prastuta/P813.agda)./home/user/math/formal/cubical/Prastuta/P813.
  P814  refused by the kernel: Checking Prastuta.P814 (/home/user/math/formal/cubical/Prastuta/P814.agda)./home/user/math/formal/cubical/Prastuta/P814.
  P815  refused by the kernel: Checking Prastuta.P815 (/home/user/math/formal/cubical/Prastuta/P815.agda)./home/user/math/formal/cubical/Prastuta/P815.
  P816  refused by the kernel: Checking Prastuta.P816 (/home/user/math/formal/cubical/Prastuta/P816.agda)./home/user/math/formal/cubical/Prastuta/P816.
  P817  refused by the kernel: Checking Prastuta.P817 (/home/user/math/formal/cubical/Prastuta/P817.agda)./home/user/math/formal/cubical/Prastuta/P817.
  P818  refused by the kernel: Checking Prastuta.P818 (/home/user/math/formal/cubical/Prastuta/P818.agda)./home/user/math/formal/cubical/Prastuta/P818.
  P819  refused by the kernel: Checking Prastuta.P819 (/home/user/math/formal/cubical/Prastuta/P819.agda)./home/user/math/formal/cubical/Prastuta/P819.
  P820  refused by the proposer: gcd: the fuel-typed definition is owed (SanghattaSamapti names this close as separate work)
  P821  refused by the proposer: gcd: the fuel-typed definition is owed (SanghattaSamapti names this close as separate work)
  P822  refused by the proposer: gcd: the fuel-typed definition is owed (SanghattaSamapti names this close as separate work)
  P823  refused by the proposer: gcd: the fuel-typed definition is owed (SanghattaSamapti names this close as separate work)
  P824  refused by the proposer: gcd: the fuel-typed definition is owed (SanghattaSamapti names this close as separate work)
  P825  refused by the proposer: gcd: the fuel-typed definition is owed (SanghattaSamapti names this close as separate work)
  P826  refused by the kernel: Checking Prastuta.P826 (/home/user/math/formal/cubical/Prastuta/P826.agda)./home/user/math/formal/cubical/Prastuta/P826.
  P827  refused by the kernel: Checking Prastuta.P827 (/home/user/math/formal/cubical/Prastuta/P827.agda)./home/user/math/formal/cubical/Prastuta/P827.
  P828  refused by the kernel: Checking Prastuta.P828 (/home/user/math/formal/cubical/Prastuta/P828.agda)./home/user/math/formal/cubical/Prastuta/P828.
  P829  refused by the kernel: Checking Prastuta.P829 (/home/user/math/formal/cubical/Prastuta/P829.agda)./home/user/math/formal/cubical/Prastuta/P829.
  P830  refused by the kernel: Checking Prastuta.P830 (/home/user/math/formal/cubical/Prastuta/P830.agda)./home/user/math/formal/cubical/Prastuta/P830.
  P831  refused by the kernel: Checking Prastuta.P831 (/home/user/math/formal/cubical/Prastuta/P831.agda)./home/user/math/formal/cubical/Prastuta/P831.
  P832  refused by the kernel: Checking Prastuta.P832 (/home/user/math/formal/cubical/Prastuta/P832.agda)./home/user/math/formal/cubical/Prastuta/P832.
  P833  refused by the kernel: Checking Prastuta.P833 (/home/user/math/formal/cubical/Prastuta/P833.agda)./home/user/math/formal/cubical/Prastuta/P833.
  P834  refused by the kernel: Checking Prastuta.P834 (/home/user/math/formal/cubical/Prastuta/P834.agda)./home/user/math/formal/cubical/Prastuta/P834.
  P835  refused by the kernel: Checking Prastuta.P835 (/home/user/math/formal/cubical/Prastuta/P835.agda)./home/user/math/formal/cubical/Prastuta/P835.
  P836  refused by the kernel: Checking Prastuta.P836 (/home/user/math/formal/cubical/Prastuta/P836.agda)./home/user/math/formal/cubical/Prastuta/P836.
  P837  refused by the kernel: Checking Prastuta.P837 (/home/user/math/formal/cubical/Prastuta/P837.agda)./home/user/math/formal/cubical/Prastuta/P837.
  P838  refused by the kernel: /home/user/math/formal/cubical/Prastuta/P838.agda:24,13-13/home/user/math/formal/cubical/Prastuta/P838.agda:24,13: Parse
  P839  refused by the kernel: /home/user/math/formal/cubical/Prastuta/P839.agda:24,13-13/home/user/math/formal/cubical/Prastuta/P839.agda:24,13: Parse
  P840  refused by the kernel: Checking Prastuta.P840 (/home/user/math/formal/cubical/Prastuta/P840.agda)./home/user/math/formal/cubical/Prastuta/P840.
  P841  refused by the kernel: Checking Prastuta.P841 (/home/user/math/formal/cubical/Prastuta/P841.agda)./home/user/math/formal/cubical/Prastuta/P841.
  P842  refused by the kernel: Checking Prastuta.P842 (/home/user/math/formal/cubical/Prastuta/P842.agda)./home/user/math/formal/cubical/Prastuta/P842.
  P843  refused by the kernel: Checking Prastuta.P843 (/home/user/math/formal/cubical/Prastuta/P843.agda)./home/user/math/formal/cubical/Prastuta/P843.
  P844  refused by the kernel: Checking Prastuta.P844 (/home/user/math/formal/cubical/Prastuta/P844.agda)./home/user/math/formal/cubical/Prastuta/P844.
  P845  refused by the proposer: gcd: the fuel-typed definition is owed (SanghattaSamapti names this close as separate work)
  P846  refused by the proposer: gcd: the fuel-typed definition is owed (SanghattaSamapti names this close as separate work)
  P847  refused by the proposer: AC rearrangement: the sides are equal modulo associativity-commutativity of +/·; the close is completion modulo AC (Peterson-Stickel; notes/SamataChakra), not one lemma per shuffle
  P848  refused by the proposer: AC rearrangement: the sides are equal modulo associativity-commutativity of +/·; the close is completion modulo AC (Peterson-Stickel; notes/SamataChakra), not one lemma per shuffle
  P849  refused by the kernel: Checking Prastuta.P849 (/home/user/math/formal/cubical/Prastuta/P849.agda)./home/user/math/formal/cubical/Prastuta/P849.
  P850  refused by the kernel: Checking Prastuta.P850 (/home/user/math/formal/cubical/Prastuta/P850.agda)./home/user/math/formal/cubical/Prastuta/P850.
  P851  refused by the kernel: /home/user/math/formal/cubical/Prastuta/P851.agda:24,13-13/home/user/math/formal/cubical/Prastuta/P851.agda:24,13: Parse
  P852  refused by the kernel: Checking Prastuta.P852 (/home/user/math/formal/cubical/Prastuta/P852.agda)./home/user/math/formal/cubical/Prastuta/P852.
  P853  refused by the kernel: Checking Prastuta.P853 (/home/user/math/formal/cubical/Prastuta/P853.agda)./home/user/math/formal/cubical/Prastuta/P853.
  P854  refused by the kernel: Checking Prastuta.P854 (/home/user/math/formal/cubical/Prastuta/P854.agda)./home/user/math/formal/cubical/Prastuta/P854.
  P855  refused by the kernel: Checking Prastuta.P855 (/home/user/math/formal/cubical/Prastuta/P855.agda)./home/user/math/formal/cubical/Prastuta/P855.
  P856  refused by the kernel: Checking Prastuta.P856 (/home/user/math/formal/cubical/Prastuta/P856.agda)./home/user/math/formal/cubical/Prastuta/P856.
  P857  refused by the kernel: Checking Prastuta.P857 (/home/user/math/formal/cubical/Prastuta/P857.agda)./home/user/math/formal/cubical/Prastuta/P857.
  P858  refused by the kernel: Checking Prastuta.P858 (/home/user/math/formal/cubical/Prastuta/P858.agda)./home/user/math/formal/cubical/Prastuta/P858.
  P859  refused by the kernel: Checking Prastuta.P859 (/home/user/math/formal/cubical/Prastuta/P859.agda)./home/user/math/formal/cubical/Prastuta/P859.
  P860  refused by the kernel: Checking Prastuta.P860 (/home/user/math/formal/cubical/Prastuta/P860.agda)./home/user/math/formal/cubical/Prastuta/P860.
  P861  refused by the kernel: Checking Prastuta.P861 (/home/user/math/formal/cubical/Prastuta/P861.agda)./home/user/math/formal/cubical/Prastuta/P861.
  P862  refused by the kernel: Checking Prastuta.P862 (/home/user/math/formal/cubical/Prastuta/P862.agda)./home/user/math/formal/cubical/Prastuta/P862.
  P863  refused by the kernel: Checking Prastuta.P863 (/home/user/math/formal/cubical/Prastuta/P863.agda)./home/user/math/formal/cubical/Prastuta/P863.
  P864  refused by the kernel: Checking Prastuta.P864 (/home/user/math/formal/cubical/Prastuta/P864.agda)./home/user/math/formal/cubical/Prastuta/P864.
  P865  refused by the proposer: gcd: the fuel-typed definition is owed (SanghattaSamapti names this close as separate work)
  P866  refused by the proposer: gcd: the fuel-typed definition is owed (SanghattaSamapti names this close as separate work)
  P867  refused by the kernel: Checking Prastuta.P867 (/home/user/math/formal/cubical/Prastuta/P867.agda)./home/user/math/formal/cubical/Prastuta/P867.
  P868  refused by the kernel: Checking Prastuta.P868 (/home/user/math/formal/cubical/Prastuta/P868.agda)./home/user/math/formal/cubical/Prastuta/P868.
  P869  refused by the kernel: Checking Prastuta.P869 (/home/user/math/formal/cubical/Prastuta/P869.agda)./home/user/math/formal/cubical/Prastuta/P869.
  P870  refused by the kernel: Checking Prastuta.P870 (/home/user/math/formal/cubical/Prastuta/P870.agda)./home/user/math/formal/cubical/Prastuta/P870.
  P871  refused by the kernel: Checking Prastuta.P871 (/home/user/math/formal/cubical/Prastuta/P871.agda)./home/user/math/formal/cubical/Prastuta/P871.
  P872  refused by the kernel: Checking Prastuta.P872 (/home/user/math/formal/cubical/Prastuta/P872.agda)./home/user/math/formal/cubical/Prastuta/P872.
  P873  refused by the kernel: Checking Prastuta.P873 (/home/user/math/formal/cubical/Prastuta/P873.agda)./home/user/math/formal/cubical/Prastuta/P873.
  P874  refused by the kernel: Checking Prastuta.P874 (/home/user/math/formal/cubical/Prastuta/P874.agda)./home/user/math/formal/cubical/Prastuta/P874.
  P875  refused by the kernel: /home/user/math/formal/cubical/Prastuta/P875.agda:24,13-13/home/user/math/formal/cubical/Prastuta/P875.agda:24,13: Parse
  P876  refused by the kernel: /home/user/math/formal/cubical/Prastuta/P876.agda:24,13-13/home/user/math/formal/cubical/Prastuta/P876.agda:24,13: Parse
  P877  refused by the kernel: Checking Prastuta.P877 (/home/user/math/formal/cubical/Prastuta/P877.agda)./home/user/math/formal/cubical/Prastuta/P877.
  P878  refused by the kernel: Checking Prastuta.P878 (/home/user/math/formal/cubical/Prastuta/P878.agda)./home/user/math/formal/cubical/Prastuta/P878.
  P879  refused by the kernel: Checking Prastuta.P879 (/home/user/math/formal/cubical/Prastuta/P879.agda)./home/user/math/formal/cubical/Prastuta/P879.
  P880  refused by the proposer: gcd: the fuel-typed definition is owed (SanghattaSamapti names this close as separate work)
  P881  refused by the proposer: gcd: the fuel-typed definition is owed (SanghattaSamapti names this close as separate work)
  P882  refused by the kernel: Checking Prastuta.P882 (/home/user/math/formal/cubical/Prastuta/P882.agda)./home/user/math/formal/cubical/Prastuta/P882.
  P883  refused by the kernel: Checking Prastuta.P883 (/home/user/math/formal/cubical/Prastuta/P883.agda)./home/user/math/formal/cubical/Prastuta/P883.
  P884  refused by the kernel: Checking Prastuta.P884 (/home/user/math/formal/cubical/Prastuta/P884.agda)./home/user/math/formal/cubical/Prastuta/P884.
  P885  refused by the kernel: Checking Prastuta.P885 (/home/user/math/formal/cubical/Prastuta/P885.agda)./home/user/math/formal/cubical/Prastuta/P885.
  P886  refused by the kernel: Checking Prastuta.P886 (/home/user/math/formal/cubical/Prastuta/P886.agda)./home/user/math/formal/cubical/Prastuta/P886.
  P887  refused by the kernel: Checking Prastuta.P887 (/home/user/math/formal/cubical/Prastuta/P887.agda)./home/user/math/formal/cubical/Prastuta/P887.
  P888  refused by the kernel: Checking Prastuta.P888 (/home/user/math/formal/cubical/Prastuta/P888.agda)./home/user/math/formal/cubical/Prastuta/P888.
  P889  refused by the kernel: Checking Prastuta.P889 (/home/user/math/formal/cubical/Prastuta/P889.agda)./home/user/math/formal/cubical/Prastuta/P889.
  P890  refused by the kernel: Checking Prastuta.P890 (/home/user/math/formal/cubical/Prastuta/P890.agda)./home/user/math/formal/cubical/Prastuta/P890.
  P891  refused by the kernel: Checking Prastuta.P891 (/home/user/math/formal/cubical/Prastuta/P891.agda)./home/user/math/formal/cubical/Prastuta/P891.
  P892  refused by the kernel: Checking Prastuta.P892 (/home/user/math/formal/cubical/Prastuta/P892.agda)./home/user/math/formal/cubical/Prastuta/P892.
  P893  refused by the proposer: gcd: the fuel-typed definition is owed (SanghattaSamapti names this close as separate work)
  P894  refused by the proposer: gcd: the fuel-typed definition is owed (SanghattaSamapti names this close as separate work)
  P895  refused by the proposer: gcd: the fuel-typed definition is owed (SanghattaSamapti names this close as separate work)
  P896  refused by the proposer: gcd: the fuel-typed definition is owed (SanghattaSamapti names this close as separate work)
  P897  refused by the kernel: Checking Prastuta.P897 (/home/user/math/formal/cubical/Prastuta/P897.agda)./home/user/math/formal/cubical/Prastuta/P897.
  P898  refused by the kernel: Checking Prastuta.P898 (/home/user/math/formal/cubical/Prastuta/P898.agda)./home/user/math/formal/cubical/Prastuta/P898.
  P899  refused by the kernel: Checking Prastuta.P899 (/home/user/math/formal/cubical/Prastuta/P899.agda)./home/user/math/formal/cubical/Prastuta/P899.
  P900  refused by the kernel: Checking Prastuta.P900 (/home/user/math/formal/cubical/Prastuta/P900.agda)./home/user/math/formal/cubical/Prastuta/P900.
  P901  refused by the kernel: Checking Prastuta.P901 (/home/user/math/formal/cubical/Prastuta/P901.agda)./home/user/math/formal/cubical/Prastuta/P901.
  P902  refused by the kernel: Checking Prastuta.P902 (/home/user/math/formal/cubical/Prastuta/P902.agda)./home/user/math/formal/cubical/Prastuta/P902.
  P903  refused by the kernel: Checking Prastuta.P903 (/home/user/math/formal/cubical/Prastuta/P903.agda)./home/user/math/formal/cubical/Prastuta/P903.
  P904  refused by the kernel: /home/user/math/formal/cubical/Prastuta/P904.agda:24,13-13/home/user/math/formal/cubical/Prastuta/P904.agda:24,13: Parse
  P905  refused by the kernel: /home/user/math/formal/cubical/Prastuta/P905.agda:24,13-13/home/user/math/formal/cubical/Prastuta/P905.agda:24,13: Parse
  P906  refused by the kernel: /home/user/math/formal/cubical/Prastuta/P906.agda:24,13-13/home/user/math/formal/cubical/Prastuta/P906.agda:24,13: Parse
  P907  refused by the proposer: AC rearrangement: the sides are equal modulo associativity-commutativity of +/·; the close is completion modulo AC (Peterson-Stickel; notes/SamataChakra), not one lemma per shuffle
  P908  refused by the proposer: AC rearrangement: the sides are equal modulo associativity-commutativity of +/·; the close is completion modulo AC (Peterson-Stickel; notes/SamataChakra), not one lemma per shuffle
  P909  refused by the kernel: Checking Prastuta.P909 (/home/user/math/formal/cubical/Prastuta/P909.agda)./home/user/math/formal/cubical/Prastuta/P909.
  P910  refused by the kernel: Checking Prastuta.P910 (/home/user/math/formal/cubical/Prastuta/P910.agda)./home/user/math/formal/cubical/Prastuta/P910.
  P911  refused by the kernel: Checking Prastuta.P911 (/home/user/math/formal/cubical/Prastuta/P911.agda)./home/user/math/formal/cubical/Prastuta/P911.
  P912  refused by the kernel: /home/user/math/formal/cubical/Prastuta/P912.agda:24,13-13/home/user/math/formal/cubical/Prastuta/P912.agda:24,13: Parse
  P913  refused by the kernel: /home/user/math/formal/cubical/Prastuta/P913.agda:24,13-13/home/user/math/formal/cubical/Prastuta/P913.agda:24,13: Parse
  P914  refused by the kernel: /home/user/math/formal/cubical/Prastuta/P914.agda:24,13-13/home/user/math/formal/cubical/Prastuta/P914.agda:24,13: Parse
  P915  refused by the kernel: Checking Prastuta.P915 (/home/user/math/formal/cubical/Prastuta/P915.agda)./home/user/math/formal/cubical/Prastuta/P915.
  P916  refused by the kernel: Checking Prastuta.P916 (/home/user/math/formal/cubical/Prastuta/P916.agda)./home/user/math/formal/cubical/Prastuta/P916.
  P917  refused by the kernel: Checking Prastuta.P917 (/home/user/math/formal/cubical/Prastuta/P917.agda)./home/user/math/formal/cubical/Prastuta/P917.
  P918  refused by the kernel: /home/user/math/formal/cubical/Prastuta/P918.agda:24,13-13/home/user/math/formal/cubical/Prastuta/P918.agda:24,13: Parse
  P919  refused by the kernel: /home/user/math/formal/cubical/Prastuta/P919.agda:24,13-13/home/user/math/formal/cubical/Prastuta/P919.agda:24,13: Parse
  P920  refused by the kernel: Checking Prastuta.P920 (/home/user/math/formal/cubical/Prastuta/P920.agda)./home/user/math/formal/cubical/Prastuta/P920.
  P921  refused by the kernel: Checking Prastuta.P921 (/home/user/math/formal/cubical/Prastuta/P921.agda)./home/user/math/formal/cubical/Prastuta/P921.
  P922  refused by the kernel: Checking Prastuta.P922 (/home/user/math/formal/cubical/Prastuta/P922.agda)./home/user/math/formal/cubical/Prastuta/P922.
  P923  refused by the kernel: Checking Prastuta.P923 (/home/user/math/formal/cubical/Prastuta/P923.agda)./home/user/math/formal/cubical/Prastuta/P923.
  P924  refused by the kernel: Checking Prastuta.P924 (/home/user/math/formal/cubical/Prastuta/P924.agda)./home/user/math/formal/cubical/Prastuta/P924.
  P925  refused by the kernel: Checking Prastuta.P925 (/home/user/math/formal/cubical/Prastuta/P925.agda)./home/user/math/formal/cubical/Prastuta/P925.
  P926  refused by the kernel: Checking Prastuta.P926 (/home/user/math/formal/cubical/Prastuta/P926.agda)./home/user/math/formal/cubical/Prastuta/P926.
  P927  refused by the kernel: Checking Prastuta.P927 (/home/user/math/formal/cubical/Prastuta/P927.agda)./home/user/math/formal/cubical/Prastuta/P927.
receipts: formal/cubical/Prastuta/phala.tsv
utter-exit=0
Compiling Agda.Primitive in /usr/share/libghc-agda-dev/lib/prim/Agda/Primitive.agdai to /tmp/tmp.EXxPPu0dpa/MAlonzo/Code/Agda/Primitive.hs
Compiling Agda.Builtin.Sigma in /usr/share/libghc-agda-dev/lib/prim/Agda/Builtin/Sigma.agdai to /tmp/tmp.EXxPPu0dpa/MAlonzo/Code/Agda/Builtin/Sigma.hs
Compiling Agda.Builtin.Maybe in /usr/share/libghc-agda-dev/lib/prim/Agda/Builtin/Maybe.agdai to /tmp/tmp.EXxPPu0dpa/MAlonzo/Code/Agda/Builtin/Maybe.hs
Compiling Agda.Builtin.Bool in /usr/share/libghc-agda-dev/lib/prim/Agda/Builtin/Bool.agdai to /tmp/tmp.EXxPPu0dpa/MAlonzo/Code/Agda/Builtin/Bool.hs
Compiling Agda.Builtin.Nat in /usr/share/libghc-agda-dev/lib/prim/Agda/Builtin/Nat.agdai to /tmp/tmp.EXxPPu0dpa/MAlonzo/Code/Agda/Builtin/Nat.hs
Compiling Agda.Builtin.Char in /usr/share/libghc-agda-dev/lib/prim/Agda/Builtin/Char.agdai to /tmp/tmp.EXxPPu0dpa/MAlonzo/Code/Agda/Builtin/Char.hs
Compiling Agda.Builtin.List in /usr/share/libghc-agda-dev/lib/prim/Agda/Builtin/List.agdai to /tmp/tmp.EXxPPu0dpa/MAlonzo/Code/Agda/Builtin/List.hs
Compiling Agda.Builtin.String in /usr/share/libghc-agda-dev/lib/prim/Agda/Builtin/String.agdai to /tmp/tmp.EXxPPu0dpa/MAlonzo/Code/Agda/Builtin/String.hs
Compiling Agda.Builtin.Equality in /usr/share/libghc-agda-dev/lib/prim/Agda/Builtin/Equality.agdai to /tmp/tmp.EXxPPu0dpa/MAlonzo/Code/Agda/Builtin/Equality.hs
Compiling PrastavaHrdaya_TheClassifierHasOneSpellingSharedByProposerAndTheorem in /home/user/math/formal/executable/PrastavaHrdaya_TheClassifierHasOneSpellingSharedByProposerAndTheorem.agdai to /tmp/tmp.EXxPPu0dpa/MAlonzo/Code/PrastavaHrdaya_TheClassifierHasOneSpellingSharedByProposerAndTheorem.hs
Compiling Prastava in /home/user/math/formal/executable/Prastava.agdai to /tmp/tmp.EXxPPu0dpa/MAlonzo/Code/Prastava.hs
NOT calling: ghc -O -Werror -i/tmp/tmp.EXxPPu0dpa /tmp/tmp.EXxPPu0dpa/MAlonzo/Code/Prastava.hs --make -fwarn-incomplete-patterns
[ 1 of 14] Compiling MAlonzo.RTE      ( /tmp/tmp.EXxPPu0dpa/MAlonzo/RTE.hs, /tmp/tmp.EXxPPu0dpa/build/MAlonzo/RTE.o )
[ 2 of 14] Compiling MAlonzo.Code.Agda.Primitive ( /tmp/tmp.EXxPPu0dpa/MAlonzo/Code/Agda/Primitive.hs, /tmp/tmp.EXxPPu0dpa/build/MAlonzo/Code/Agda/Primitive.o )
[ 3 of 14] Compiling MAlonzo.Code.Agda.Builtin.String ( /tmp/tmp.EXxPPu0dpa/MAlonzo/Code/Agda/Builtin/String.hs, /tmp/tmp.EXxPPu0dpa/build/MAlonzo/Code/Agda/Builtin/String.o )
[ 4 of 14] Compiling MAlonzo.Code.Agda.Builtin.Sigma ( /tmp/tmp.EXxPPu0dpa/MAlonzo/Code/Agda/Builtin/Sigma.hs, /tmp/tmp.EXxPPu0dpa/build/MAlonzo/Code/Agda/Builtin/Sigma.o )
[ 5 of 14] Compiling MAlonzo.Code.Agda.Builtin.Maybe ( /tmp/tmp.EXxPPu0dpa/MAlonzo/Code/Agda/Builtin/Maybe.hs, /tmp/tmp.EXxPPu0dpa/build/MAlonzo/Code/Agda/Builtin/Maybe.o )
[ 6 of 14] Compiling MAlonzo.Code.Agda.Builtin.List ( /tmp/tmp.EXxPPu0dpa/MAlonzo/Code/Agda/Builtin/List.hs, /tmp/tmp.EXxPPu0dpa/build/MAlonzo/Code/Agda/Builtin/List.o )
[ 7 of 14] Compiling MAlonzo.Code.Agda.Builtin.Equality ( /tmp/tmp.EXxPPu0dpa/MAlonzo/Code/Agda/Builtin/Equality.hs, /tmp/tmp.EXxPPu0dpa/build/MAlonzo/Code/Agda/Builtin/Equality.o )
[ 8 of 14] Compiling MAlonzo.Code.Agda.Builtin.Char ( /tmp/tmp.EXxPPu0dpa/MAlonzo/Code/Agda/Builtin/Char.hs, /tmp/tmp.EXxPPu0dpa/build/MAlonzo/Code/Agda/Builtin/Char.o )
[ 9 of 14] Compiling MAlonzo.Code.Agda.Builtin.Bool ( /tmp/tmp.EXxPPu0dpa/MAlonzo/Code/Agda/Builtin/Bool.hs, /tmp/tmp.EXxPPu0dpa/build/MAlonzo/Code/Agda/Builtin/Bool.o )
[10 of 14] Compiling MAlonzo.Code.PrastavaHrdaya_TheClassifierHasOneSpellingSharedByProposerAndTheorem ( /tmp/tmp.EXxPPu0dpa/MAlonzo/Code/PrastavaHrdaya_TheClassifierHasOneSpellingSharedByProposerAndTheorem.hs, /tmp/tmp.EXxPPu0dpa/build/MAlonzo/Code/PrastavaHrdaya_TheClassifierHasOneSpellingSharedByProposerAndTheorem.o )
[11 of 14] Compiling MAlonzo.Code.Prastava ( /tmp/tmp.EXxPPu0dpa/MAlonzo/Code/Prastava.hs, /tmp/tmp.EXxPPu0dpa/build/MAlonzo/Code/Prastava.o )
[12 of 14] Compiling PrastavaAPI      ( /tmp/tmp.EXxPPu0dpa/PrastavaAPI.hs, /tmp/tmp.EXxPPu0dpa/build/PrastavaAPI.o )
[13 of 14] Compiling Main             ( formal/executable/Mukha.hs, /tmp/tmp.EXxPPu0dpa/build/Main.o )
[14 of 14] Linking /tmp/tmp.EXxPPu0dpa/mukha
mukha: 403 pairs from the refusal list, 262 to ask (receipts remember 927 rows; proposer prastava-2287492323-21426)
  P928  refused by the proposer: gcd: the fuel-typed definition is owed (SanghattaSamapti names this close as separate work)
  P929  refused by the proposer: gcd: the fuel-typed definition is owed (SanghattaSamapti names this close as separate work)
  P930  refused by the proposer: gcd: the fuel-typed definition is owed (SanghattaSamapti names this close as separate work)
  P931  refused by the proposer: gcd: the fuel-typed definition is owed (SanghattaSamapti names this close as separate work)
  P932  refused by the proposer: unparsed: outside the closed signature {0,s,+,*,-,le,max} over x..w with primes
  P933  refused by the kernel: Checking Prastuta.P933 (/home/user/math/formal/cubical/Prastuta/P933.agda)./home/user/math/formal/cubical/Prastuta/P933.
  P934  refused by the kernel: Checking Prastuta.P934 (/home/user/math/formal/cubical/Prastuta/P934.agda)./home/user/math/formal/cubical/Prastuta/P934.
  P935  refused by the kernel: Checking Prastuta.P935 (/home/user/math/formal/cubical/Prastuta/P935.agda)./home/user/math/formal/cubical/Prastuta/P935.
  P936  refused by the kernel: Checking Prastuta.P936 (/home/user/math/formal/cubical/Prastuta/P936.agda)./home/user/math/formal/cubical/Prastuta/P936.
  P937  refused by the kernel: Checking Prastuta.P937 (/home/user/math/formal/cubical/Prastuta/P937.agda)./home/user/math/formal/cubical/Prastuta/P937.
  P938  refused by the kernel: Checking Prastuta.P938 (/home/user/math/formal/cubical/Prastuta/P938.agda)./home/user/math/formal/cubical/Prastuta/P938.
  P939  refused by the kernel: /home/user/math/formal/cubical/Prastuta/P939.agda:24,13-13/home/user/math/formal/cubical/Prastuta/P939.agda:24,13: Parse
  P940  refused by the proposer: gcd: the fuel-typed definition is owed (SanghattaSamapti names this close as separate work)
  P941  refused by the proposer: gcd: the fuel-typed definition is owed (SanghattaSamapti names this close as separate work)
  P942  refused by the kernel: Checking Prastuta.P942 (/home/user/math/formal/cubical/Prastuta/P942.agda)./home/user/math/formal/cubical/Prastuta/P942.
  P943  refused by the kernel: Checking Prastuta.P943 (/home/user/math/formal/cubical/Prastuta/P943.agda)./home/user/math/formal/cubical/Prastuta/P943.
  P944  refused by the kernel: Checking Prastuta.P944 (/home/user/math/formal/cubical/Prastuta/P944.agda)./home/user/math/formal/cubical/Prastuta/P944.
  P945  refused by the proposer: AC rearrangement: the sides are equal modulo associativity-commutativity of +/·; the close is completion modulo AC (Peterson-Stickel; notes/SamataChakra), not one lemma per shuffle
  P946  refused by the kernel: Checking Prastuta.P946 (/home/user/math/formal/cubical/Prastuta/P946.agda)./home/user/math/formal/cubical/Prastuta/P946.
  P947  refused by the kernel: Checking Prastuta.P947 (/home/user/math/formal/cubical/Prastuta/P947.agda)./home/user/math/formal/cubical/Prastuta/P947.
  P948  refused by the kernel: /home/user/math/formal/cubical/Prastuta/P948.agda:24,13-13/home/user/math/formal/cubical/Prastuta/P948.agda:24,13: Parse
  P949  refused by the kernel: Checking Prastuta.P949 (/home/user/math/formal/cubical/Prastuta/P949.agda)./home/user/math/formal/cubical/Prastuta/P949.
  P950  refused by the kernel: /home/user/math/formal/cubical/Prastuta/P950.agda:24,13-13/home/user/math/formal/cubical/Prastuta/P950.agda:24,13: Parse
  P951  refused by the proposer: unparsed: outside the closed signature {0,s,+,*,-,le,max} over x..w with primes
  P952  refused by the kernel: Checking Prastuta.P952 (/home/user/math/formal/cubical/Prastuta/P952.agda)./home/user/math/formal/cubical/Prastuta/P952.
  P953  refused by the kernel: Checking Prastuta.P953 (/home/user/math/formal/cubical/Prastuta/P953.agda)./home/user/math/formal/cubical/Prastuta/P953.
  P954  refused by the kernel: Checking Prastuta.P954 (/home/user/math/formal/cubical/Prastuta/P954.agda)./home/user/math/formal/cubical/Prastuta/P954.
  P955  refused by the kernel: Checking Prastuta.P955 (/home/user/math/formal/cubical/Prastuta/P955.agda)./home/user/math/formal/cubical/Prastuta/P955.
  P956  refused by the proposer: gcd: the fuel-typed definition is owed (SanghattaSamapti names this close as separate work)
  P957  refused by the proposer: gcd: the fuel-typed definition is owed (SanghattaSamapti names this close as separate work)
  P958  refused by the kernel: Checking Prastuta.P958 (/home/user/math/formal/cubical/Prastuta/P958.agda)./home/user/math/formal/cubical/Prastuta/P958.
  P959  refused by the kernel: Checking Prastuta.P959 (/home/user/math/formal/cubical/Prastuta/P959.agda)./home/user/math/formal/cubical/Prastuta/P959.
  P960  refused by the kernel: Checking Prastuta.P960 (/home/user/math/formal/cubical/Prastuta/P960.agda)./home/user/math/formal/cubical/Prastuta/P960.
  P961  refused by the kernel: Checking Prastuta.P961 (/home/user/math/formal/cubical/Prastuta/P961.agda)./home/user/math/formal/cubical/Prastuta/P961.
  P962  refused by the kernel: Checking Prastuta.P962 (/home/user/math/formal/cubical/Prastuta/P962.agda)./home/user/math/formal/cubical/Prastuta/P962.
  P963  refused by the kernel: Checking Prastuta.P963 (/home/user/math/formal/cubical/Prastuta/P963.agda)./home/user/math/formal/cubical/Prastuta/P963.
  P964  refused by the kernel: Checking Prastuta.P964 (/home/user/math/formal/cubical/Prastuta/P964.agda)./home/user/math/formal/cubical/Prastuta/P964.
  P965  refused by the kernel: Checking Prastuta.P965 (/home/user/math/formal/cubical/Prastuta/P965.agda)./home/user/math/formal/cubical/Prastuta/P965.
  P966  refused by the kernel: Checking Prastuta.P966 (/home/user/math/formal/cubical/Prastuta/P966.agda)./home/user/math/formal/cubical/Prastuta/P966.
  P967  refused by the kernel: Checking Prastuta.P967 (/home/user/math/formal/cubical/Prastuta/P967.agda)./home/user/math/formal/cubical/Prastuta/P967.
  P968  refused by the kernel: Checking Prastuta.P968 (/home/user/math/formal/cubical/Prastuta/P968.agda)./home/user/math/formal/cubical/Prastuta/P968.
  P969  refused by the kernel: Checking Prastuta.P969 (/home/user/math/formal/cubical/Prastuta/P969.agda)./home/user/math/formal/cubical/Prastuta/P969.
  P970  refused by the kernel: /home/user/math/formal/cubical/Prastuta/P970.agda:24,13-13/home/user/math/formal/cubical/Prastuta/P970.agda:24,13: Parse
  P971  refused by the kernel: Checking Prastuta.P971 (/home/user/math/formal/cubical/Prastuta/P971.agda)./home/user/math/formal/cubical/Prastuta/P971.
  P972  refused by the kernel: Checking Prastuta.P972 (/home/user/math/formal/cubical/Prastuta/P972.agda)./home/user/math/formal/cubical/Prastuta/P972.
  P973  refused by the kernel: Checking Prastuta.P973 (/home/user/math/formal/cubical/Prastuta/P973.agda)./home/user/math/formal/cubical/Prastuta/P973.
  P974  refused by the kernel: Checking Prastuta.P974 (/home/user/math/formal/cubical/Prastuta/P974.agda)./home/user/math/formal/cubical/Prastuta/P974.
  P975  refused by the kernel: Checking Prastuta.P975 (/home/user/math/formal/cubical/Prastuta/P975.agda)./home/user/math/formal/cubical/Prastuta/P975.
  P976  refused by the kernel: Checking Prastuta.P976 (/home/user/math/formal/cubical/Prastuta/P976.agda)./home/user/math/formal/cubical/Prastuta/P976.
  P977  refused by the kernel: Checking Prastuta.P977 (/home/user/math/formal/cubical/Prastuta/P977.agda)./home/user/math/formal/cubical/Prastuta/P977.
  P978  refused by the kernel: Checking Prastuta.P978 (/home/user/math/formal/cubical/Prastuta/P978.agda)./home/user/math/formal/cubical/Prastuta/P978.
  P979  refused by the proposer: AC rearrangement: the sides are equal modulo associativity-commutativity of +/·; the close is completion modulo AC (Peterson-Stickel; notes/SamataChakra), not one lemma per shuffle
  P980  refused by the proposer: AC rearrangement: the sides are equal modulo associativity-commutativity of +/·; the close is completion modulo AC (Peterson-Stickel; notes/SamataChakra), not one lemma per shuffle
  P981  refused by the kernel: Checking Prastuta.P981 (/home/user/math/formal/cubical/Prastuta/P981.agda)./home/user/math/formal/cubical/Prastuta/P981.
  P982  refused by the kernel: Checking Prastuta.P982 (/home/user/math/formal/cubical/Prastuta/P982.agda)./home/user/math/formal/cubical/Prastuta/P982.
  P983  refused by the kernel: Checking Prastuta.P983 (/home/user/math/formal/cubical/Prastuta/P983.agda)./home/user/math/formal/cubical/Prastuta/P983.
  P984  refused by the kernel: Checking Prastuta.P984 (/home/user/math/formal/cubical/Prastuta/P984.agda)./home/user/math/formal/cubical/Prastuta/P984.
  P985  refused by the kernel: Checking Prastuta.P985 (/home/user/math/formal/cubical/Prastuta/P985.agda)./home/user/math/formal/cubical/Prastuta/P985.
  P986  refused by the kernel: Checking Prastuta.P986 (/home/user/math/formal/cubical/Prastuta/P986.agda)./home/user/math/formal/cubical/Prastuta/P986.
  P987  refused by the kernel: Checking Prastuta.P987 (/home/user/math/formal/cubical/Prastuta/P987.agda)./home/user/math/formal/cubical/Prastuta/P987.
  P988  refused by the kernel: Checking Prastuta.P988 (/home/user/math/formal/cubical/Prastuta/P988.agda)./home/user/math/formal/cubical/Prastuta/P988.
  P989  refused by the kernel: Checking Prastuta.P989 (/home/user/math/formal/cubical/Prastuta/P989.agda)./home/user/math/formal/cubical/Prastuta/P989.
  P990  refused by the kernel: /home/user/math/formal/cubical/Prastuta/P990.agda:24,13-13/home/user/math/formal/cubical/Prastuta/P990.agda:24,13: Parse
  P991  refused by the proposer: gcd: the fuel-typed definition is owed (SanghattaSamapti names this close as separate work)
  P992  refused by the proposer: gcd: the fuel-typed definition is owed (SanghattaSamapti names this close as separate work)
  P993  refused by the kernel: Checking Prastuta.P993 (/home/user/math/formal/cubical/Prastuta/P993.agda)./home/user/math/formal/cubical/Prastuta/P993.
  P994  refused by the proposer: AC rearrangement: the sides are equal modulo associativity-commutativity of +/·; the close is completion modulo AC (Peterson-Stickel; notes/SamataChakra), not one lemma per shuffle
  P995  refused by the proposer: AC rearrangement: the sides are equal modulo associativity-commutativity of +/·; the close is completion modulo AC (Peterson-Stickel; notes/SamataChakra), not one lemma per shuffle
  P996  refused by the proposer: AC rearrangement: the sides are equal modulo associativity-commutativity of +/·; the close is completion modulo AC (Peterson-Stickel; notes/SamataChakra), not one lemma per shuffle
  P997  refused by the kernel: Checking Prastuta.P997 (/home/user/math/formal/cubical/Prastuta/P997.agda)./home/user/math/formal/cubical/Prastuta/P997.
  P998  refused by the proposer: AC rearrangement: the sides are equal modulo associativity-commutativity of +/·; the close is completion modulo AC (Peterson-Stickel; notes/SamataChakra), not one lemma per shuffle
  P999  refused by the proposer: AC rearrangement: the sides are equal modulo associativity-commutativity of +/·; the close is completion modulo AC (Peterson-Stickel; notes/SamataChakra), not one lemma per shuffle
  P1000  refused by the proposer: AC rearrangement: the sides are equal modulo associativity-commutativity of +/·; the close is completion modulo AC (Peterson-Stickel; notes/SamataChakra), not one lemma per shuffle
  P1001  refused by the kernel: Checking Prastuta.P1001 (/home/user/math/formal/cubical/Prastuta/P1001.agda)./home/user/math/formal/cubical/Prastuta/P10
  P1002  refused by the kernel: Checking Prastuta.P1002 (/home/user/math/formal/cubical/Prastuta/P1002.agda)./home/user/math/formal/cubical/Prastuta/P10
  P1003  refused by the kernel: Checking Prastuta.P1003 (/home/user/math/formal/cubical/Prastuta/P1003.agda)./home/user/math/formal/cubical/Prastuta/P10
  P1004  refused by the kernel: Checking Prastuta.P1004 (/home/user/math/formal/cubical/Prastuta/P1004.agda)./home/user/math/formal/cubical/Prastuta/P10
  P1005  refused by the kernel: Checking Prastuta.P1005 (/home/user/math/formal/cubical/Prastuta/P1005.agda)./home/user/math/formal/cubical/Prastuta/P10
  P1006  refused by the kernel: Checking Prastuta.P1006 (/home/user/math/formal/cubical/Prastuta/P1006.agda)./home/user/math/formal/cubical/Prastuta/P10
  P1007  refused by the kernel: Checking Prastuta.P1007 (/home/user/math/formal/cubical/Prastuta/P1007.agda)./home/user/math/formal/cubical/Prastuta/P10
  P1008  refused by the proposer: unparsed: outside the closed signature {0,s,+,*,-,le,max} over x..w with primes
  P1009  refused by the proposer: unparsed: outside the closed signature {0,s,+,*,-,le,max} over x..w with primes
  P1010  refused by the kernel: Checking Prastuta.P1010 (/home/user/math/formal/cubical/Prastuta/P1010.agda)./home/user/math/formal/cubical/Prastuta/P10
  P1011  refused by the kernel: Checking Prastuta.P1011 (/home/user/math/formal/cubical/Prastuta/P1011.agda)./home/user/math/formal/cubical/Prastuta/P10
  P1012  refused by the kernel: Checking Prastuta.P1012 (/home/user/math/formal/cubical/Prastuta/P1012.agda)./home/user/math/formal/cubical/Prastuta/P10
  P1013  refused by the kernel: Checking Prastuta.P1013 (/home/user/math/formal/cubical/Prastuta/P1013.agda)./home/user/math/formal/cubical/Prastuta/P10
  P1014  refused by the kernel: Checking Prastuta.P1014 (/home/user/math/formal/cubical/Prastuta/P1014.agda)./home/user/math/formal/cubical/Prastuta/P10
  P1015  refused by the kernel: Checking Prastuta.P1015 (/home/user/math/formal/cubical/Prastuta/P1015.agda)./home/user/math/formal/cubical/Prastuta/P10
  P1016  refused by the kernel: /home/user/math/formal/cubical/Prastuta/P1016.agda:24,13-13/home/user/math/formal/cubical/Prastuta/P1016.agda:24,13: Par
  P1017  refused by the kernel: Checking Prastuta.P1017 (/home/user/math/formal/cubical/Prastuta/P1017.agda)./home/user/math/formal/cubical/Prastuta/P10
  P1018  refused by the kernel: Checking Prastuta.P1018 (/home/user/math/formal/cubical/Prastuta/P1018.agda)./home/user/math/formal/cubical/Prastuta/P10
  P1019  refused by the kernel: Checking Prastuta.P1019 (/home/user/math/formal/cubical/Prastuta/P1019.agda)./home/user/math/formal/cubical/Prastuta/P10
  P1020  refused by the kernel: Checking Prastuta.P1020 (/home/user/math/formal/cubical/Prastuta/P1020.agda)./home/user/math/formal/cubical/Prastuta/P10
  P1021  refused by the kernel: Checking Prastuta.P1021 (/home/user/math/formal/cubical/Prastuta/P1021.agda)./home/user/math/formal/cubical/Prastuta/P10
  P1022  refused by the kernel: Checking Prastuta.P1022 (/home/user/math/formal/cubical/Prastuta/P1022.agda)./home/user/math/formal/cubical/Prastuta/P10
  P1023  refused by the kernel: Checking Prastuta.P1023 (/home/user/math/formal/cubical/Prastuta/P1023.agda)./home/user/math/formal/cubical/Prastuta/P10
  P1024  refused by the kernel: Checking Prastuta.P1024 (/home/user/math/formal/cubical/Prastuta/P1024.agda)./home/user/math/formal/cubical/Prastuta/P10
  P1025  refused by the kernel: Checking Prastuta.P1025 (/home/user/math/formal/cubical/Prastuta/P1025.agda)./home/user/math/formal/cubical/Prastuta/P10
  P1026  refused by the kernel: Checking Prastuta.P1026 (/home/user/math/formal/cubical/Prastuta/P1026.agda)./home/user/math/formal/cubical/Prastuta/P10
  P1027  refused by the kernel: Checking Prastuta.P1027 (/home/user/math/formal/cubical/Prastuta/P1027.agda)./home/user/math/formal/cubical/Prastuta/P10
  P1028  refused by the kernel: Checking Prastuta.P1028 (/home/user/math/formal/cubical/Prastuta/P1028.agda)./home/user/math/formal/cubical/Prastuta/P10
  P1029  refused by the kernel: Checking Prastuta.P1029 (/home/user/math/formal/cubical/Prastuta/P1029.agda)./home/user/math/formal/cubical/Prastuta/P10
  P1030  refused by the kernel: Checking Prastuta.P1030 (/home/user/math/formal/cubical/Prastuta/P1030.agda)./home/user/math/formal/cubical/Prastuta/P10
  P1031  refused by the kernel: Checking Prastuta.P1031 (/home/user/math/formal/cubical/Prastuta/P1031.agda)./home/user/math/formal/cubical/Prastuta/P10
  P1032  refused by the kernel: Checking Prastuta.P1032 (/home/user/math/formal/cubical/Prastuta/P1032.agda)./home/user/math/formal/cubical/Prastuta/P10
  P1033  refused by the kernel: Checking Prastuta.P1033 (/home/user/math/formal/cubical/Prastuta/P1033.agda)./home/user/math/formal/cuTerminated
---- (stopped mid-pass; rows above stamped with pre-gcd version are stale by design)
Compiling Agda.Primitive in /usr/share/libghc-agda-dev/lib/prim/Agda/Primitive.agdai to /tmp/tmp.GUgqcbA9ws/MAlonzo/Code/Agda/Primitive.hs
Compiling Agda.Builtin.Sigma in /usr/share/libghc-agda-dev/lib/prim/Agda/Builtin/Sigma.agdai to /tmp/tmp.GUgqcbA9ws/MAlonzo/Code/Agda/Builtin/Sigma.hs
Compiling Agda.Builtin.Maybe in /usr/share/libghc-agda-dev/lib/prim/Agda/Builtin/Maybe.agdai to /tmp/tmp.GUgqcbA9ws/MAlonzo/Code/Agda/Builtin/Maybe.hs
Compiling Agda.Builtin.Bool in /usr/share/libghc-agda-dev/lib/prim/Agda/Builtin/Bool.agdai to /tmp/tmp.GUgqcbA9ws/MAlonzo/Code/Agda/Builtin/Bool.hs
Compiling Agda.Builtin.Nat in /usr/share/libghc-agda-dev/lib/prim/Agda/Builtin/Nat.agdai to /tmp/tmp.GUgqcbA9ws/MAlonzo/Code/Agda/Builtin/Nat.hs
Compiling Agda.Builtin.Char in /usr/share/libghc-agda-dev/lib/prim/Agda/Builtin/Char.agdai to /tmp/tmp.GUgqcbA9ws/MAlonzo/Code/Agda/Builtin/Char.hs
Compiling Agda.Builtin.List in /usr/share/libghc-agda-dev/lib/prim/Agda/Builtin/List.agdai to /tmp/tmp.GUgqcbA9ws/MAlonzo/Code/Agda/Builtin/List.hs
Compiling Agda.Builtin.String in /usr/share/libghc-agda-dev/lib/prim/Agda/Builtin/String.agdai to /tmp/tmp.GUgqcbA9ws/MAlonzo/Code/Agda/Builtin/String.hs
Compiling Agda.Builtin.Equality in /usr/share/libghc-agda-dev/lib/prim/Agda/Builtin/Equality.agdai to /tmp/tmp.GUgqcbA9ws/MAlonzo/Code/Agda/Builtin/Equality.hs
Compiling PrastavaHrdaya_TheClassifierHasOneSpellingSharedByProposerAndTheorem in /home/user/math/formal/executable/PrastavaHrdaya_TheClassifierHasOneSpellingSharedByProposerAndTheorem.agdai to /tmp/tmp.GUgqcbA9ws/MAlonzo/Code/PrastavaHrdaya_TheClassifierHasOneSpellingSharedByProposerAndTheorem.hs
Compiling Prastava in /home/user/math/formal/executable/Prastava.agdai to /tmp/tmp.GUgqcbA9ws/MAlonzo/Code/Prastava.hs
NOT calling: ghc -O -Werror -i/tmp/tmp.GUgqcbA9ws /tmp/tmp.GUgqcbA9ws/MAlonzo/Code/Prastava.hs --make -fwarn-incomplete-patterns
[ 1 of 14] Compiling MAlonzo.RTE      ( /tmp/tmp.GUgqcbA9ws/MAlonzo/RTE.hs, /tmp/tmp.GUgqcbA9ws/build/MAlonzo/RTE.o )
[ 2 of 14] Compiling MAlonzo.Code.Agda.Primitive ( /tmp/tmp.GUgqcbA9ws/MAlonzo/Code/Agda/Primitive.hs, /tmp/tmp.GUgqcbA9ws/build/MAlonzo/Code/Agda/Primitive.o )
[ 3 of 14] Compiling MAlonzo.Code.Agda.Builtin.String ( /tmp/tmp.GUgqcbA9ws/MAlonzo/Code/Agda/Builtin/String.hs, /tmp/tmp.GUgqcbA9ws/build/MAlonzo/Code/Agda/Builtin/String.o )
[ 4 of 14] Compiling MAlonzo.Code.Agda.Builtin.Sigma ( /tmp/tmp.GUgqcbA9ws/MAlonzo/Code/Agda/Builtin/Sigma.hs, /tmp/tmp.GUgqcbA9ws/build/MAlonzo/Code/Agda/Builtin/Sigma.o )
[ 5 of 14] Compiling MAlonzo.Code.Agda.Builtin.Maybe ( /tmp/tmp.GUgqcbA9ws/MAlonzo/Code/Agda/Builtin/Maybe.hs, /tmp/tmp.GUgqcbA9ws/build/MAlonzo/Code/Agda/Builtin/Maybe.o )
[ 6 of 14] Compiling MAlonzo.Code.Agda.Builtin.List ( /tmp/tmp.GUgqcbA9ws/MAlonzo/Code/Agda/Builtin/List.hs, /tmp/tmp.GUgqcbA9ws/build/MAlonzo/Code/Agda/Builtin/List.o )
[ 7 of 14] Compiling MAlonzo.Code.Agda.Builtin.Equality ( /tmp/tmp.GUgqcbA9ws/MAlonzo/Code/Agda/Builtin/Equality.hs, /tmp/tmp.GUgqcbA9ws/build/MAlonzo/Code/Agda/Builtin/Equality.o )
[ 8 of 14] Compiling MAlonzo.Code.Agda.Builtin.Char ( /tmp/tmp.GUgqcbA9ws/MAlonzo/Code/Agda/Builtin/Char.hs, /tmp/tmp.GUgqcbA9ws/build/MAlonzo/Code/Agda/Builtin/Char.o )
[ 9 of 14] Compiling MAlonzo.Code.Agda.Builtin.Bool ( /tmp/tmp.GUgqcbA9ws/MAlonzo/Code/Agda/Builtin/Bool.hs, /tmp/tmp.GUgqcbA9ws/build/MAlonzo/Code/Agda/Builtin/Bool.o )
[10 of 14] Compiling MAlonzo.Code.PrastavaHrdaya_TheClassifierHasOneSpellingSharedByProposerAndTheorem ( /tmp/tmp.GUgqcbA9ws/MAlonzo/Code/PrastavaHrdaya_TheClassifierHasOneSpellingSharedByProposerAndTheorem.hs, /tmp/tmp.GUgqcbA9ws/build/MAlonzo/Code/PrastavaHrdaya_TheClassifierHasOneSpellingSharedByProposerAndTheorem.o )
[11 of 14] Compiling MAlonzo.Code.Prastava ( /tmp/tmp.GUgqcbA9ws/MAlonzo/Code/Prastava.hs, /tmp/tmp.GUgqcbA9ws/build/MAlonzo/Code/Prastava.o )
[12 of 14] Compiling PrastavaAPI      ( /tmp/tmp.GUgqcbA9ws/PrastavaAPI.hs, /tmp/tmp.GUgqcbA9ws/build/PrastavaAPI.o )
[13 of 14] Compiling Main             ( formal/executable/Mukha.hs, /tmp/tmp.GUgqcbA9ws/build/Main.o )
[14 of 14] Linking /tmp/tmp.GUgqcbA9ws/mukha
mukha: 403 pairs from the refusal list, 262 to ask (receipts remember 1063 rows; proposer prastava-251861386-22294)
  P1064  refused by the kernel: /home/user/math/formal/cubical/Prastuta/P1064.agda:41,13-13/home/user/math/formal/cubical/Prastuta/P1064.agda:41,13: Par
  P1065  refused by the kernel: /home/user/math/formal/cubical/Prastuta/P1065.agda:41,13-13/home/user/math/formal/cubical/Prastuta/P1065.agda:41,13: Par
  P1066  landed:refl  s(y)	gcd(s(y),0)
  P1067  landed:refl  s(y)	gcd(0,s(y))
  P1068  refused by the proposer: unparsed: outside the closed signature {0,s,+,*,-,le,max,gcd} over x..w with primes
  P1069  refused by the kernel: Checking Prastuta.P1069 (/home/user/math/formal/cubical/Prastuta/P1069.agda)./home/user/math/formal/cubical/Prastuta/P10
  P1070  refused by the kernel: Checking Prastuta.P1070 (/home/user/math/formal/cubical/Prastuta/P1070.agda)./home/user/math/formal/cubical/Prastuta/P10
  P1071  refused by the kernel: Checking Prastuta.P1071 (/home/user/math/formal/cubical/Prastuta/P1071.agda)./home/user/math/formal/cubical/Prastuta/P10
  P1072  refused by the kernel: Checking Prastuta.P1072 (/home/user/math/formal/cubical/Prastuta/P1072.agda)./home/user/math/formal/cubical/Prastuta/P10
  P1073  refused by the kernel: Checking Prastuta.P1073 (/home/user/math/formal/cubical/Prastuta/P1073.agda)./home/user/math/formal/cubical/Prastuta/P10
  P1074  refused by the kernel: Checking Prastuta.P1074 (/home/user/math/formal/cubical/Prastuta/P1074.agda)./home/user/math/formal/cubical/Prastuta/P10
  P1075  refused by the kernel: /home/user/math/formal/cubical/Prastuta/P1075.agda:41,13-13/home/user/math/formal/cubical/Prastuta/P1075.agda:41,13: Par
  P1076  refused by the kernel: /home/user/math/formal/cubical/Prastuta/P1076.agda:41,13-13/home/user/math/formal/cubical/Prastuta/P1076.agda:41,13: Par
  P1077  refused by the kernel: /home/user/math/formal/cubical/Prastuta/P1077.agda:41,13-13/home/user/math/formal/cubical/Prastuta/P1077.agda:41,13: Par
  P1078  refused by the kernel: Checking Prastuta.P1078 (/home/user/math/formal/cubical/Prastuta/P1078.agda)./home/user/math/formal/cubical/Prastuta/P10
  P1079  refused by the kernel: Checking Prastuta.P1079 (/home/user/math/formal/cubical/Prastuta/P1079.agda)./home/user/math/formal/cubical/Prastuta/P10
  P1080  refused by the kernel: Checking Prastuta.P1080 (/home/user/math/formal/cubical/Prastuta/P1080.agda)./home/user/math/formal/cubical/Prastuta/P10
  P1081  refused by the proposer: AC rearrangement: the sides are equal modulo associativity-commutativity of +/·; the close is completion modulo AC (Peterson-Stickel; notes/SamataChakra), not one lemma per shuffle
  P1082  refused by the kernel: Checking Prastuta.P1082 (/home/user/math/formal/cubical/Prastuta/P1082.agda)./home/user/math/formal/cubical/Prastuta/P10
  P1083  refused by the kernel: Checking Prastuta.P1083 (/home/user/math/formal/cubical/Prastuta/P1083.agda)./home/user/math/formal/cubical/Prastuta/P10
  P1084  refused by the kernel: /home/user/math/formal/cubical/Prastuta/P1084.agda:41,13-13/home/user/math/formal/cubical/Prastuta/P1084.agda:41,13: Par
  P1085  refused by the kernel: Checking Prastuta.P1085 (/home/user/math/formal/cubical/Prastuta/P1085.agda)./home/user/math/formal/cubical/Prastuta/P10
  P1086  refused by the kernel: /home/user/math/formal/cubical/Prastuta/P1086.agda:41,13-13/home/user/math/formal/cubical/Prastuta/P1086.agda:41,13: Par
  P1087  refused by the proposer: unparsed: outside the closed signature {0,s,+,*,-,le,max,gcd} over x..w with primes
  P1088  refused by the kernel: Checking Prastuta.P1088 (/home/user/math/formal/cubical/Prastuta/P1088.agda)./home/user/math/formal/cubical/Prastuta/P10
  P1089  refused by the kernel: Checking Prastuta.P1089 (/home/user/math/formal/cubical/Prastuta/P1089.agda)./home/user/math/formal/cubical/Prastuta/P10
  P1090  refused by the kernel: Checking Prastuta.P1090 (/home/user/math/formal/cubical/Prastuta/P1090.agda)./home/user/math/formal/cubical/Prastuta/P10
  P1091  refused by the kernel: Checking Prastuta.P1091 (/home/user/math/formal/cubical/Prastuta/P1091.agda)./home/user/math/formal/cubical/Prastuta/P10
  P1092  landed:induction-candidate-1  max(s(x'),s(0))	gcd(s(x'),0)
  P1093  landed:induction-candidate-1  max(s(x'),s(0))	gcd(0,s(x'))
  P1094  refused by the kernel: Checking Prastuta.P1094 (/home/user/math/formal/cubical/Prastuta/P1094.agda)./home/user/math/formal/cubical/Prastuta/P10
  P1095  refused by the kernel: Checking Prastuta.P1095 (/home/user/math/formal/cubical/Prastuta/P1095.agda)./home/user/math/formal/cubical/Prastuta/P10
  P1096  refused by the kernel: Checking Prastuta.P1096 (/home/user/math/formal/cubical/Prastuta/P1096.agda)./home/user/math/formal/cubical/Prastuta/P10
  P1097  refused by the kernel: Checking Prastuta.P1097 (/home/user/math/formal/cubical/Prastuta/P1097.agda)./home/user/math/formal/cubical/Prastuta/P10
  P1098  refused by the kernel: Checking Prastuta.P1098 (/home/user/math/formal/cubical/Prastuta/P1098.agda)./home/user/math/formal/cubical/Prastuta/P10
  P1099  refused by the kernel: Checking Prastuta.P1099 (/home/user/math/formal/cubical/Prastuta/P1099.agda)./home/user/math/formal/cubical/Prastuta/P10
  P1100  refused by the kernel: Checking Prastuta.P1100 (/home/user/math/formal/cubical/Prastuta/P1100.agda)./home/user/math/formal/cubical/Prastuta/P11
  P1101  refused by the kernel: Checking Prastuta.P1101 (/home/user/math/formal/cubical/Prastuta/P1101.agda)./home/user/math/formal/cubical/Prastuta/P11
  P1102  refused by the kernel: Checking Prastuta.P1102 (/home/user/math/formal/cubical/Prastuta/P1102.agda)./home/user/math/formal/cubical/Prastuta/P11
  P1103  refused by the kernel: Checking Prastuta.P1103 (/home/user/math/formal/cubical/Prastuta/P1103.agda)./home/user/math/formal/cubical/Prastuta/P11
  P1104  refused by the kernel: Checking Prastuta.P1104 (/home/user/math/formal/cubical/Prastuta/P1104.agda)./home/user/math/formal/cubical/Prastuta/P11
  P1105  refused by the kernel: Checking Prastuta.P1105 (/home/user/math/formal/cubical/Prastuta/P1105.agda)./home/user/math/formal/cubical/Prastuta/P11
  P1106  refused by the kernel: /home/user/math/formal/cubical/Prastuta/P1106.agda:41,13-13/home/user/math/formal/cubical/Prastuta/P1106.agda:41,13: Par
  P1107  refused by the kernel: Checking Prastuta.P1107 (/home/user/math/formal/cubical/Prastuta/P1107.agda)./home/user/math/formal/cubical/Prastuta/P11
  P1108  refused by the kernel: Checking Prastuta.P1108 (/home/user/math/formal/cubical/Prastuta/P1108.agda)./home/user/math/formal/cubical/Prastuta/P11
  P1109  refused by the kernel: Checking Prastuta.P1109 (/home/user/math/formal/cubical/Prastuta/P1109.agda)./home/user/math/formal/cubical/Prastuta/P11
  P1110  refused by the kernel: Checking Prastuta.P1110 (/home/user/math/formal/cubical/Prastuta/P1110.agda)./home/user/math/formal/cubical/Prastuta/P11
  P1111  refused by the kernel: Checking Prastuta.P1111 (/home/user/math/formal/cubical/Prastuta/P1111.agda)./home/user/math/formal/cubical/Prastuta/P11
  P1112  refused by the kernel: Checking Prastuta.P1112 (/home/user/math/formal/cubical/Prastuta/P1112.agda)./home/user/math/formal/cubical/Prastuta/P11
  P1113  refused by the kernel: Checking Prastuta.P1113 (/home/user/math/formal/cubical/Prastuta/P1113.agda)./home/user/math/formal/cubical/Prastuta/P11
  P1114  refused by the kernel: Checking Prastuta.P1114 (/home/user/math/formal/cubical/Prastuta/P1114.agda)./home/user/math/formal/cubical/Prastuta/P11
  P1115  refused by the proposer: AC rearrangement: the sides are equal modulo associativity-commutativity of +/·; the close is completion modulo AC (Peterson-Stickel; notes/SamataChakra), not one lemma per shuffle
  P1116  refused by the proposer: AC rearrangement: the sides are equal modulo associativity-commutativity of +/·; the close is completion modulo AC (Peterson-Stickel; notes/SamataChakra), not one lemma per shuffle
  P1117  refused by the kernel: Checking Prastuta.P1117 (/home/user/math/formal/cubical/Prastuta/P1117.agda)./home/user/math/formal/cubical/Prastuta/P11
  P1118  refused by the kernel: Checking Prastuta.P1118 (/home/user/math/formal/cubical/Prastuta/P1118.agda)./home/user/math/formal/cubical/Prastuta/P11
  P1119  refused by the kernel: Checking Prastuta.P1119 (/home/user/math/formal/cubical/Prastuta/P1119.agda)./home/user/math/formal/cubical/Prastuta/P11
  P1120  refused by the kernel: Checking Prastuta.P1120 (/home/user/math/formal/cubical/Prastuta/P1120.agda)./home/user/math/formal/cubical/Prastuta/P11
  P1121  refused by the kernel: Checking Prastuta.P1121 (/home/user/math/formal/cubical/Prastuta/P1121.agda)./home/user/math/formal/cubical/Prastuta/P11
  P1122  refused by the kernel: Checking Prastuta.P1122 (/home/user/math/formal/cubical/Prastuta/P1122.agda)./home/user/math/formal/cubical/Prastuta/P11
  P1123  refused by the kernel: Checking Prastuta.P1123 (/home/user/math/formal/cubical/Prastuta/P1123.agda)./home/user/math/formal/cubical/Prastuta/P11
  P1124  refused by the kernel: Checking Prastuta.P1124 (/home/user/math/formal/cubical/Prastuta/P1124.agda)./home/user/math/formal/cubical/Prastuta/P11
  P1125  refused by the kernel: Checking Prastuta.P1125 (/home/user/math/formal/cubical/Prastuta/P1125.agda)./home/user/math/formal/cubical/Prastuta/P11
  P1126  refused by the kernel: /home/user/math/formal/cubical/Prastuta/P1126.agda:41,13-13/home/user/math/formal/cubical/Prastuta/P1126.agda:41,13: Par
  P1127  refused by the kernel: /home/user/math/formal/cubical/Prastuta/P1127.agda:41,13-13/home/user/math/formal/cubical/Prastuta/P1127.agda:41,13: Par
  P1128  refused by the kernel: /home/user/math/formal/cubical/Prastuta/P1128.agda:41,13-13/home/user/math/formal/cubical/Prastuta/P1128.agda:41,13: Par
  P1129  refused by the kernel: Checking Prastuta.P1129 (/home/user/math/formal/cubical/Prastuta/P1129.agda)./home/user/math/formal/cubical/Prastuta/P11
  P1130  refused by the proposer: AC rearrangement: the sides are equal modulo associativity-commutativity of +/·; the close is completion modulo AC (Peterson-Stickel; notes/SamataChakra), not one lemma per shuffle
  P1131  refused by the proposer: AC rearrangement: the sides are equal modulo associativity-commutativity of +/·; the close is completion modulo AC (Peterson-Stickel; notes/SamataChakra), not one lemma per shuffle
  P1132  refused by the proposer: AC rearrangement: the sides are equal modulo associativity-commutativity of +/·; the close is completion modulo AC (Peterson-Stickel; notes/SamataChakra), not one lemma per shuffle
  P1133  refused by the kernel: Checking Prastuta.P1133 (/home/user/math/formal/cubical/Prastuta/P1133.agda)./home/user/math/formal/cubical/Prastuta/P11
  P1134  refused by the proposer: AC rearrangement: the sides are equal modulo associativity-commutativity of +/·; the close is completion modulo AC (Peterson-Stickel; notes/SamataChakra), not one lemma per shuffle
  P1135  refused by the proposer: AC rearrangement: the sides are equal modulo associativity-commutativity of +/·; the close is completion modulo AC (Peterson-Stickel; notes/SamataChakra), not one lemma per shuffle
  P1136  refused by the proposer: AC rearrangement: the sides are equal modulo associativity-commutativity of +/·; the close is completion modulo AC (Peterson-Stickel; notes/SamataChakra), not one lemma per shuffle
  P1137  refused by the kernel: Checking Prastuta.P1137 (/home/user/math/formal/cubical/Prastuta/P1137.agda)./home/user/math/formal/cubical/Prastuta/P11
  P1138  refused by the kernel: Checking Prastuta.P1138 (/home/user/math/formal/cubical/Prastuta/P1138.agda)./home/user/math/formal/cubical/Prastuta/P11
  P1139  refused by the kernel: Checking Prastuta.P1139 (/home/user/math/formal/cubical/Prastuta/P1139.agda)./home/user/math/formal/cubical/Prastuta/P11
  P1140  refused by the kernel: Checking Prastuta.P1140 (/home/user/math/formal/cubical/Prastuta/P1140.agda)./home/user/math/formal/cubical/Prastuta/P11
  P1141  refused by the kernel: Checking Prastuta.P1141 (/home/user/math/formal/cubical/Prastuta/P1141.agda)./home/user/math/formal/cubical/Prastuta/P11
  P1142  refused by the kernel: Checking Prastuta.P1142 (/home/user/math/formal/cubical/Prastuta/P1142.agda)./home/user/math/formal/cubical/Prastuta/P11
  P1143  refused by the kernel: Checking Prastuta.P1143 (/home/user/math/formal/cubical/Prastuta/P1143.agda)./home/user/math/formal/cubical/Prastuta/P11
  P1144  refused by the proposer: unparsed: outside the closed signature {0,s,+,*,-,le,max,gcd} over x..w with primes
  P1145  refused by the proposer: unparsed: outside the closed signature {0,s,+,*,-,le,max,gcd} over x..w with primes
  P1146  refused by the kernel: Checking Prastuta.P1146 (/home/user/math/formal/cubical/Prastuta/P1146.agda)./home/user/math/formal/cubical/Prastuta/P11
  P1147  refused by the kernel: Checking Prastuta.P1147 (/home/user/math/formal/cubical/Prastuta/P1147.agda)./home/user/math/formal/cubical/Prastuta/P11
  P1148  refused by the kernel: Checking Prastuta.P1148 (/home/user/math/formal/cubical/Prastuta/P1148.agda)./home/user/math/formal/cubical/Prastuta/P11
  P1149  refused by the kernel: Checking Prastuta.P1149 (/home/user/math/formal/cubical/Prastuta/P1149.agda)./home/user/math/formal/cubical/Prastuta/P11
  P1150  refused by the kernel: Checking Prastuta.P1150 (/home/user/math/formal/cubical/Prastuta/P1150.agda)./home/user/math/formal/cubical/Prastuta/P11
  P1151  refused by the kernel: Checking Prastuta.P1151 (/home/user/math/formal/cubical/Prastuta/P1151.agda)./home/user/math/formal/cubical/Prastuta/P11
  P1152  refused by the kernel: /home/user/math/formal/cubical/Prastuta/P1152.agda:41,13-13/home/user/math/formal/cubical/Prastuta/P1152.agda:41,13: Par
  P1153  refused by the kernel: Checking Prastuta.P1153 (/home/user/math/formal/cubical/Prastuta/P1153.agda)./home/user/math/formal/cubical/Prastuta/P11
  P1154  refused by the kernel: Checking Prastuta.P1154 (/home/user/math/formal/cubical/Prastuta/P1154.agda)./home/user/math/formal/cubical/Prastuta/P11
  P1155  refused by the kernel: Checking Prastuta.P1155 (/home/user/math/formal/cubical/Prastuta/P1155.agda)./home/user/math/formal/cubical/Prastuta/P11
  P1156  refused by the kernel: Checking Prastuta.P1156 (/home/user/math/formal/cubical/Prastuta/P1156.agda)./home/user/math/formal/cubical/Prastuta/P11
  P1157  refused by the kernel: Checking Prastuta.P1157 (/home/user/math/formal/cubical/Prastuta/P1157.agda)./home/user/math/formal/cubical/Prastuta/P11
  P1158  refused by the kernel: Checking Prastuta.P1158 (/home/user/math/formal/cubical/Prastuta/P1158.agda)./home/user/math/formal/cubical/Prastuta/P11
  P1159  refused by the kernel: Checking Prastuta.P1159 (/home/user/math/formal/cubical/Prastuta/P1159.agda)./home/user/math/formal/cubical/Prastuta/P11
  P1160  refused by the kernel: Checking Prastuta.P1160 (/home/user/math/formal/cubical/Prastuta/P1160.agda)./home/user/math/formal/cubical/Prastuta/P11
  P1161  refused by the kernel: Checking Prastuta.P1161 (/home/user/math/formal/cubical/Prastuta/P1161.agda)./home/user/math/formal/cubical/Prastuta/P11
  P1162  refused by the kernel: Checking Prastuta.P1162 (/home/user/math/formal/cubical/Prastuta/P1162.agda)./home/user/math/formal/cubical/Prastuta/P11
  P1163  refused by the kernel: Checking Prastuta.P1163 (/home/user/math/formal/cubical/Prastuta/P1163.agda)./home/user/math/formal/cubical/Prastuta/P11
  P1164  refused by the kernel: Checking Prastuta.P1164 (/home/user/math/formal/cubical/Prastuta/P1164.agda)./home/user/math/formal/cubical/Prastuta/P11
  P1165  refused by the kernel: Checking Prastuta.P1165 (/home/user/math/formal/cubical/Prastuta/P1165.agda)./home/user/math/formal/cubical/Prastuta/P11
  P1166  refused by the kernel: Checking Prastuta.P1166 (/home/user/math/formal/cubical/Prastuta/P1166.agda)./home/user/math/formal/cubical/Prastuta/P11
  P1167  refused by the kernel: Checking Prastuta.P1167 (/home/user/math/formal/cubical/Prastuta/P1167.agda)./home/user/math/formal/cubical/Prastuta/P11
  P1168  refused by the kernel: Checking Prastuta.P1168 (/home/user/math/formal/cubical/Prastuta/P1168.agda)./home/user/math/formal/cubical/Prastuta/P11
  P1169  refused by the kernel: Checking Prastuta.P1169 (/home/user/math/formal/cubical/Prastuta/P1169.agda)./home/user/math/formal/cubical/Prastuta/P11
  P1170  refused by the kernel: Checking Prastuta.P1170 (/home/user/math/formal/cubical/Prastuta/P1170.agda)./home/user/math/formal/cubical/Prastuta/P11
  P1171  refused by the kernel: Checking Prastuta.P1171 (/home/user/math/formal/cubical/Prastuta/P1171.agda)./home/user/math/formal/cubical/Prastuta/P11
  P1172  refused by the kernel: Checking Prastuta.P1172 (/home/user/math/formal/cubical/Prastuta/P1172.agda)./home/user/math/formal/cubical/Prastuta/P11
  P1173  refused by the kernel: Checking Prastuta.P1173 (/home/user/math/formal/cubical/Prastuta/P1173.agda)./home/user/math/formal/cubical/Prastuta/P11
  P1174  refused by the kernel: Checking Prastuta.P1174 (/home/user/math/formal/cubical/Prastuta/P1174.agda)./home/user/math/formal/cubical/Prastuta/P11
  P1175  refused by the kernel: Checking Prastuta.P1175 (/home/user/math/formal/cubical/Prastuta/P1175.agda)./home/user/math/formal/cubical/Prastuta/P11
  P1176  refused by the kernel: /home/user/math/formal/cubical/Prastuta/P1176.agda:41,13-13/home/user/math/formal/cubical/Prastuta/P1176.agda:41,13: Par
  P1177  refused by the kernel: /home/user/math/formal/cubical/Prastuta/P1177.agda:41,13-13/home/user/math/formal/cubical/Prastuta/P1177.agda:41,13: Par
  P1178  refused by the kernel: Checking Prastuta.P1178 (/home/user/math/formal/cubical/Prastuta/P1178.agda)./home/user/math/formal/cubical/Prastuta/P11
  P1179  refused by the kernel: Checking Prastuta.P1179 (/home/user/math/formal/cubical/Prastuta/P1179.agda)./home/user/math/formal/cubical/Prastuta/P11
  P1180  refused by the kernel: Checking Prastuta.P1180 (/home/user/math/formal/cubical/Prastuta/P1180.agda)./home/user/math/formal/cubical/Prastuta/P11
  P1181  refused by the kernel: Checking Prastuta.P1181 (/home/user/math/formal/cubical/Prastuta/P1181.agda)./home/user/math/formal/cubical/Prastuta/P11
  P1182  refused by the kernel: Checking Prastuta.P1182 (/home/user/math/formal/cubical/Prastuta/P1182.agda)./home/user/math/formal/cubical/Prastuta/P11
  P1183  refused by the kernel: Checking Prastuta.P1183 (/home/user/math/formal/cubical/Prastuta/P1183.agda)./home/user/math/formal/cubical/Prastuta/P11
  P1184  refused by the kernel: Checking Prastuta.P1184 (/home/user/math/formal/cubical/Prastuta/P1184.agda)./home/user/math/formal/cubical/Prastuta/P11
  P1185  refused by the kernel: /home/user/math/formal/cubical/Prastuta/P1185.agda:41,13-13/home/user/math/formal/cubical/Prastuta/P1185.agda:41,13: Par
  P1186  refused by the kernel: /home/user/math/formal/cubical/Prastuta/P1186.agda:41,13-13/home/user/math/formal/cubical/Prastuta/P1186.agda:41,13: Par
  P1187  refused by the kernel: Checking Prastuta.P1187 (/home/user/math/formal/cubical/Prastuta/P1187.agda)./home/user/math/formal/cubical/Prastuta/P11
  P1188  refused by the kernel: Checking Prastuta.P1188 (/home/user/math/formal/cubical/Prastuta/P1188.agda)./home/user/math/formal/cubical/Prastuta/P11
  P1189  refused by the kernel: Checking Prastuta.P1189 (/home/user/math/formal/cubical/Prastuta/P1189.agda)./home/user/math/formal/cubical/Prastuta/P11
  P1190  refused by the kernel: Checking Prastuta.P1190 (/home/user/math/formal/cubical/Prastuta/P1190.agda)./home/user/math/formal/cubical/Prastuta/P11
  P1191  refused by the kernel: Checking Prastuta.P1191 (/home/user/math/formal/cubical/Prastuta/P1191.agda)./home/user/math/formal/cubical/Prastuta/P11
  P1192  refused by the kernel: Checking Prastuta.P1192 (/home/user/math/formal/cubical/Prastuta/P1192.agda)./home/user/math/formal/cubical/Prastuta/P11
  P1193  refused by the kernel: Checking Prastuta.P1193 (/home/user/math/formal/cubical/Prastuta/P1193.agda)./home/user/math/formal/cubical/Prastuta/P11
  P1194  refused by the kernel: Checking Prastuta.P1194 (/home/user/math/formal/cubical/Prastuta/P1194.agda)./home/user/math/formal/cubical/Prastuta/P11
  P1195  refused by the kernel: /home/user/math/formal/cubical/Prastuta/P1195.agda:41,13-13/home/user/math/formal/cubical/Prastuta/P1195.agda:41,13: Par
  P1196  refused by the proposer: AC rearrangement: the sides are equal modulo associativity-commutativity of +/·; the close is completion modulo AC (Peterson-Stickel; notes/SamataChakra), not one lemma per shuffle
  P1197  refused by the proposer: AC rearrangement: the sides are equal modulo associativity-commutativity of +/·; the close is completion modulo AC (Peterson-Stickel; notes/SamataChakra), not one lemma per shuffle
  P1198  refused by the kernel: Checking Prastuta.P1198 (/home/user/math/formal/cubical/Prastuta/P1198.agda)./home/user/math/formal/cubical/Prastuta/P11
  P1199  refused by the kernel: Checking Prastuta.P1199 (/home/user/math/formal/cubical/Prastuta/P1199.agda)./home/user/math/formal/cubical/Prastuta/P11
  P1200  refused by the kernel: Checking Prastuta.P1200 (/home/user/math/formal/cubical/Prastuta/P1200.agda)./home/user/math/formal/cubical/Prastuta/P12
  P1201  refused by the kernel: Checking Prastuta.P1201 (/home/user/math/formal/cubical/Prastuta/P1201.agda)./home/user/math/formal/cubical/Prastuta/P12
  P1202  refused by the kernel: Checking Prastuta.P1202 (/home/user/math/formal/cubical/Prastuta/P1202.agda)./home/user/math/formal/cubical/Prastuta/P12
  P1203  refused by the kernel: Checking Prastuta.P1203 (/home/user/math/formal/cubical/Prastuta/P1203.agda)./home/user/math/formal/cubical/Prastuta/P12
  P1204  refused by the kernel: Checking Prastuta.P1204 (/home/user/math/formal/cubical/Prastuta/P1204.agda)./home/user/math/formal/cubical/Prastuta/P12
  P1205  refused by the proposer: AC rearrangement: the sides are equal modulo associativity-commutativity of +/·; the close is completion modulo AC (Peterson-Stickel; notes/SamataChakra), not one lemma per shuffle
  P1206  refused by the kernel: Checking Prastuta.P1206 (/home/user/math/formal/cubical/Prastuta/P1206.agda)./home/user/math/formal/cubical/Prastuta/P12
  P1207  refused by the kernel: Checking Prastuta.P1207 (/home/user/math/formal/cubical/Prastuta/P1207.agda)./home/user/math/formal/cubical/Prastuta/P12
  P1208  refused by the kernel: Checking Prastuta.P1208 (/home/user/math/formal/cubical/Prastuta/P1208.agda)./home/user/math/formal/cubical/Prastuta/P12
  P1209  refused by the kernel: Checking Prastuta.P1209 (/home/user/math/formal/cubical/Prastuta/P1209.agda)./home/user/math/formal/cubical/Prastuta/P12
  P1210  refused by the kernel: Checking Prastuta.P1210 (/home/user/math/formal/cubical/Prastuta/P1210.agda)./home/user/math/formal/cubical/Prastuta/P12
  P1211  refused by the kernel: Checking Prastuta.P1211 (/home/user/math/formal/cubical/Prastuta/P1211.agda)./home/user/math/formal/cubical/Prastuta/P12
  P1212  refused by the kernel: Checking Prastuta.P1212 (/home/user/math/formal/cubical/Prastuta/P1212.agda)./home/user/math/formal/cubical/Prastuta/P12
  P1213  refused by the kernel: Checking Prastuta.P1213 (/home/user/math/formal/cubical/Prastuta/P1213.agda)./home/user/math/formal/cubical/Prastuta/P12
  P1214  refused by the kernel: Checking Prastuta.P1214 (/home/user/math/formal/cubical/Prastuta/P1214.agda)./home/user/math/formal/cubical/Prastuta/P12
  P1215  refused by the kernel: Checking Prastuta.P1215 (/home/user/math/formal/cubical/Prastuta/P1215.agda)./home/user/math/formal/cubical/Prastuta/P12
  P1216  refused by the kernel: Checking Prastuta.P1216 (/home/user/math/formal/cubical/Prastuta/P1216.agda)./home/user/math/formal/cubical/Prastuta/P12
  P1217  refused by the kernel: Checking Prastuta.P1217 (/home/user/math/formal/cubical/Prastuta/P1217.agda)./home/user/math/formal/cubical/Prastuta/P12
  P1218  refused by the kernel: Checking Prastuta.P1218 (/home/user/math/formal/cubical/Prastuta/P1218.agda)./home/user/math/formal/cubical/Prastuta/P12
  P1219  refused by the kernel: Checking Prastuta.P1219 (/home/user/math/formal/cubical/Prastuta/P1219.agda)./home/user/math/formal/cubical/Prastuta/P12
  P1220  refused by the kernel: Checking Prastuta.P1220 (/home/user/math/formal/cubical/Prastuta/P1220.agda)./home/user/math/formal/cubical/Prastuta/P12
  P1221  refused by the kernel: Checking Prastuta.P1221 (/home/user/math/formal/cubical/Prastuta/P1221.agda)./home/user/math/formal/cubical/Prastuta/P12
  P1222  refused by the kernel: Checking Prastuta.P1222 (/home/user/Terminated
Compiling Agda.Primitive in /usr/share/libghc-agda-dev/lib/prim/Agda/Primitive.agdai to /tmp/tmp.oahMrzIoAM/MAlonzo/Code/Agda/Primitive.hs
Compiling Agda.Builtin.Sigma in /usr/share/libghc-agda-dev/lib/prim/Agda/Builtin/Sigma.agdai to /tmp/tmp.oahMrzIoAM/MAlonzo/Code/Agda/Builtin/Sigma.hs
Compiling Agda.Builtin.Maybe in /usr/share/libghc-agda-dev/lib/prim/Agda/Builtin/Maybe.agdai to /tmp/tmp.oahMrzIoAM/MAlonzo/Code/Agda/Builtin/Maybe.hs
Compiling Agda.Builtin.Bool in /usr/share/libghc-agda-dev/lib/prim/Agda/Builtin/Bool.agdai to /tmp/tmp.oahMrzIoAM/MAlonzo/Code/Agda/Builtin/Bool.hs
Compiling Agda.Builtin.Nat in /usr/share/libghc-agda-dev/lib/prim/Agda/Builtin/Nat.agdai to /tmp/tmp.oahMrzIoAM/MAlonzo/Code/Agda/Builtin/Nat.hs
Compiling Agda.Builtin.Char in /usr/share/libghc-agda-dev/lib/prim/Agda/Builtin/Char.agdai to /tmp/tmp.oahMrzIoAM/MAlonzo/Code/Agda/Builtin/Char.hs
Compiling Agda.Builtin.List in /usr/share/libghc-agda-dev/lib/prim/Agda/Builtin/List.agdai to /tmp/tmp.oahMrzIoAM/MAlonzo/Code/Agda/Builtin/List.hs
Compiling Agda.Builtin.String in /usr/share/libghc-agda-dev/lib/prim/Agda/Builtin/String.agdai to /tmp/tmp.oahMrzIoAM/MAlonzo/Code/Agda/Builtin/String.hs
Compiling Agda.Builtin.Equality in /usr/share/libghc-agda-dev/lib/prim/Agda/Builtin/Equality.agdai to /tmp/tmp.oahMrzIoAM/MAlonzo/Code/Agda/Builtin/Equality.hs
Compiling PrastavaHrdaya_TheClassifierHasOneSpellingSharedByProposerAndTheorem in /home/user/math/formal/executable/PrastavaHrdaya_TheClassifierHasOneSpellingSharedByProposerAndTheorem.agdai to /tmp/tmp.oahMrzIoAM/MAlonzo/Code/PrastavaHrdaya_TheClassifierHasOneSpellingSharedByProposerAndTheorem.hs
Compiling Prastava in /home/user/math/formal/executable/Prastava.agdai to /tmp/tmp.oahMrzIoAM/MAlonzo/Code/Prastava.hs
NOT calling: ghc -O -Werror -i/tmp/tmp.oahMrzIoAM /tmp/tmp.oahMrzIoAM/MAlonzo/Code/Prastava.hs --make -fwarn-incomplete-patterns
[ 1 of 14] Compiling MAlonzo.RTE      ( /tmp/tmp.oahMrzIoAM/MAlonzo/RTE.hs, /tmp/tmp.oahMrzIoAM/build/MAlonzo/RTE.o )
[ 2 of 14] Compiling MAlonzo.Code.Agda.Primitive ( /tmp/tmp.oahMrzIoAM/MAlonzo/Code/Agda/Primitive.hs, /tmp/tmp.oahMrzIoAM/build/MAlonzo/Code/Agda/Primitive.o )
[ 3 of 14] Compiling MAlonzo.Code.Agda.Builtin.String ( /tmp/tmp.oahMrzIoAM/MAlonzo/Code/Agda/Builtin/String.hs, /tmp/tmp.oahMrzIoAM/build/MAlonzo/Code/Agda/Builtin/String.o )
[ 4 of 14] Compiling MAlonzo.Code.Agda.Builtin.Sigma ( /tmp/tmp.oahMrzIoAM/MAlonzo/Code/Agda/Builtin/Sigma.hs, /tmp/tmp.oahMrzIoAM/build/MAlonzo/Code/Agda/Builtin/Sigma.o )
[ 5 of 14] Compiling MAlonzo.Code.Agda.Builtin.Maybe ( /tmp/tmp.oahMrzIoAM/MAlonzo/Code/Agda/Builtin/Maybe.hs, /tmp/tmp.oahMrzIoAM/build/MAlonzo/Code/Agda/Builtin/Maybe.o )
[ 6 of 14] Compiling MAlonzo.Code.Agda.Builtin.List ( /tmp/tmp.oahMrzIoAM/MAlonzo/Code/Agda/Builtin/List.hs, /tmp/tmp.oahMrzIoAM/build/MAlonzo/Code/Agda/Builtin/List.o )
[ 7 of 14] Compiling MAlonzo.Code.Agda.Builtin.Equality ( /tmp/tmp.oahMrzIoAM/MAlonzo/Code/Agda/Builtin/Equality.hs, /tmp/tmp.oahMrzIoAM/build/MAlonzo/Code/Agda/Builtin/Equality.o )
[ 8 of 14] Compiling MAlonzo.Code.Agda.Builtin.Char ( /tmp/tmp.oahMrzIoAM/MAlonzo/Code/Agda/Builtin/Char.hs, /tmp/tmp.oahMrzIoAM/build/MAlonzo/Code/Agda/Builtin/Char.o )
[ 9 of 14] Compiling MAlonzo.Code.Agda.Builtin.Bool ( /tmp/tmp.oahMrzIoAM/MAlonzo/Code/Agda/Builtin/Bool.hs, /tmp/tmp.oahMrzIoAM/build/MAlonzo/Code/Agda/Builtin/Bool.o )
[10 of 14] Compiling MAlonzo.Code.PrastavaHrdaya_TheClassifierHasOneSpellingSharedByProposerAndTheorem ( /tmp/tmp.oahMrzIoAM/MAlonzo/Code/PrastavaHrdaya_TheClassifierHasOneSpellingSharedByProposerAndTheorem.hs, /tmp/tmp.oahMrzIoAM/build/MAlonzo/Code/PrastavaHrdaya_TheClassifierHasOneSpellingSharedByProposerAndTheorem.o )
[11 of 14] Compiling MAlonzo.Code.Prastava ( /tmp/tmp.oahMrzIoAM/MAlonzo/Code/Prastava.hs, /tmp/tmp.oahMrzIoAM/build/MAlonzo/Code/Prastava.o )
[12 of 14] Compiling PrastavaAPI      ( /tmp/tmp.oahMrzIoAM/PrastavaAPI.hs, /tmp/tmp.oahMrzIoAM/build/PrastavaAPI.o )
[13 of 14] Compiling Main             ( formal/executable/Mukha.hs, /tmp/tmp.oahMrzIoAM/build/Main.o )
[14 of 14] Linking /tmp/tmp.oahMrzIoAM/mukha
mukha: 403 pairs from the refusal list, 256 to ask (receipts remember 1254 rows; proposer prastava-4237495237-26277)
  P1255  refused by the kernel: /home/user/math/formal/cubical/Prastuta/P1255.agda:12,13-13/home/user/math/formal/cubical/Prastuta/P1255.agda:12,13: Par
  P1256  refused by the kernel: /home/user/math/formal/cubical/Prastuta/P1256.agda:12,13-13/home/user/math/formal/cubical/Prastuta/P1256.agda:12,13: Par
  P1257  refused by the proposer: unparsed: outside the closed signature {0,s,+,*,-,le,max,gcd} over x..w with primes
  P1258  refused by the kernel: Checking Prastuta.P1258 (/home/user/math/formal/cubical/Prastuta/P1258.agda)./home/user/math/formal/cubical/Prastuta/P12
  P1259  refused by the kernel: Checking Prastuta.P1259 (/home/user/math/formal/cubical/Prastuta/P1259.agda)./home/user/math/formal/cubical/Prastuta/P12
  P1260  refused by the kernel: Checking Prastuta.P1260 (/home/user/math/formal/cubical/Prastuta/P1260.agda)./home/user/math/formal/cubical/Prastuta/P12
  P1261  refused by the kernel: Checking Prastuta.P1261 (/home/user/math/formal/cubical/Prastuta/P1261.agda)./home/user/math/formal/cubical/Prastuta/P12
  P1262  landed:induction-candidate-1  +(x',x')	+(x',+(x',0))
  P1263  refused by the kernel: Checking Prastuta.P1263 (/home/user/math/formal/cubical/Prastuta/P1263.agda)./home/user/math/formal/cubical/Prastuta/P12
  P1264  refused by the kernel: /home/user/math/formal/cubical/Prastuta/P1264.agda:12,13-13/home/user/math/formal/cubical/Prastuta/P1264.agda:12,13: Par
  P1265  refused by the kernel: /home/user/math/formal/cubical/Prastuta/P1265.agda:12,13-13/home/user/math/formal/cubical/Prastuta/P1265.agda:12,13: Par
  P1266  refused by the kernel: /home/user/math/formal/cubical/Prastuta/P1266.agda:12,13-13/home/user/math/formal/cubical/Prastuta/P1266.agda:12,13: Par
  P1267  landed:induction-candidate-1  +(x,+(x,0))	+(x,x)
  P1268  refused by the kernel: Checking Prastuta.P1268 (/home/user/math/formal/cubical/Prastuta/P1268.agda)./home/user/math/formal/cubical/Prastuta/P12
  P1269  refused by the kernel: Checking Prastuta.P1269 (/home/user/math/formal/cubical/Prastuta/P1269.agda)./home/user/math/formal/cubical/Prastuta/P12
  P1270  refused by the proposer: AC rearrangement: the sides are equal modulo associativity-commutativity of +/·; the close is completion modulo AC (Peterson-Stickel; notes/SamataChakra), not one lemma per shuffle
  P1271  refused by the kernel: Checking Prastuta.P1271 (/home/user/math/formal/cubical/Prastuta/P1271.agda)./home/user/math/formal/cubical/Prastuta/P12
  P1272  refused by the kernel: Checking Prastuta.P1272 (/home/user/math/formal/cubical/Prastuta/P1272.agda)./home/user/math/formal/cubical/Prastuta/P12
  P1273  refused by the kernel: /home/user/math/formal/cubical/Prastuta/P1273.agda:41,13-13/home/user/math/formal/cubical/Prastuta/P1273.agda:41,13: Par
  P1274  refused by the kernel: Checking Prastuta.P1274 (/home/user/math/formal/cubical/Prastuta/P1274.agda)./home/user/math/formal/cubical/Prastuta/P12
  P1275  refused by the kernel: /home/user/math/formal/cubical/Prastuta/P1275.agda:12,13-13/home/user/math/formal/cubical/Prastuta/P1275.agda:12,13: Par
  P1276  refused by the proposer: unparsed: outside the closed signature {0,s,+,*,-,le,max,gcd} over x..w with primes
  P1277  refused by the kernel: Checking Prastuta.P1277 (/home/user/math/formal/cubical/Prastuta/P1277.agda)./home/user/math/formal/cubical/Prastuta/P12
  P1278  refused by the kernel: Checking Prastuta.P1278 (/home/user/math/formal/cubical/Prastuta/P1278.agda)./home/user/math/formal/cubical/Prastuta/P12
  P1279  refused by the kernel: Checking Prastuta.P1279 (/home/user/math/formal/cubical/Prastuta/P1279.agda)./home/user/math/formal/cubical/Prastuta/P12
  P1280  refused by the kernel: Checking Prastuta.P1280 (/home/user/math/formal/cubical/Prastuta/P1280.agda)./home/user/math/formal/cubical/Prastuta/P12
  P1281  refused by the kernel: Checking Prastuta.P1281 (/home/user/math/formal/cubical/Prastuta/P1281.agda)./home/user/math/formal/cubical/Prastuta/P12
  P1282  refused by the kernel: Checking Prastuta.P1282 (/home/user/math/formal/cubical/Prastuta/P1282.agda)./home/user/math/formal/cubical/Prastuta/P12
  P1283  refused by the kernel: Checking Prastuta.P1283 (/home/user/math/formal/cubical/Prastuta/P1283.agda)./home/user/math/formal/cubical/Prastuta/P12
  P1284  refused by the kernel: Checking Prastuta.P1284 (/home/user/math/formal/cubical/Prastuta/P1284.agda)./home/user/math/formal/cubical/Prastuta/P12
  P1285  refused by the kernel: Checking Prastuta.P1285 (/home/user/math/formal/cubical/Prastuta/P1285.agda)./home/user/math/formal/cubical/Prastuta/P12
  P1286  refused by the kernel: Checking Prastuta.P1286 (/home/user/math/formal/cubical/Prastuta/P1286.agda)./home/user/math/formal/cubical/Prastuta/P12
  P1287  refused by the kernel: Checking Prastuta.P1287 (/home/user/math/formal/cubical/Prastuta/P1287.agda)./home/user/math/formal/cubical/Prastuta/P12
  P1288  refused by the kernel: Checking Prastuta.P1288 (/home/user/math/formal/cubical/Prastuta/P1288.agda)./home/user/math/formal/cubical/Prastuta/P12
  P1289  refused by the kernel: Checking Prastuta.P1289 (/home/user/math/formal/cubical/Prastuta/P1289.agda)./home/user/math/formal/cubical/Prastuta/P12
  P1290  refused by the kernel: Checking Prastuta.P1290 (/home/user/math/formal/cubical/Prastuta/P1290.agda)./home/user/math/formal/cubical/Prastuta/P12
  P1291  refused by the kernel: Checking Prastuta.P1291 (/home/user/math/formal/cubical/Prastuta/P1291.agda)./home/user/math/formal/cubical/Prastuta/P12
  P1292  refused by the kernel: Checking Prastuta.P1292 (/home/user/math/formal/cubical/Prastuta/P1292.agda)./home/user/math/formal/cubical/Prastuta/P12
  P1293  refused by the kernel: /home/user/math/formal/cubical/Prastuta/P1293.agda:12,13-13/home/user/math/formal/cubical/Prastuta/P1293.agda:12,13: Par
  P1294  refused by the kernel: Checking Prastuta.P1294 (/home/user/math/formal/cubical/Prastuta/P1294.agda)./home/user/math/formal/cubical/Prastuta/P12
  P1295  refused by the kernel: Checking Prastuta.P1295 (/home/user/math/formal/cubical/Prastuta/P1295.agda)./home/user/math/formal/cubical/Prastuta/P12
  P1296  refused by the kernel: Checking Prastuta.P1296 (/home/user/math/formal/cubical/Prastuta/P1296.agda)./home/user/math/formal/cubical/Prastuta/P12
  P1297  refused by the kernel: Checking Prastuta.P1297 (/home/user/math/formal/cubical/Prastuta/P1297.agda)./home/user/math/formal/cubical/Prastuta/P12
  P1298  refused by the kernel: Checking Prastuta.P1298 (/home/user/math/formal/cubical/Prastuta/P1298.agda)./home/user/math/formal/cubical/Prastuta/P12
  P1299  refused by the kernel: Checking Prastuta.P1299 (/home/user/math/formal/cubical/Prastuta/P1299.agda)./home/user/math/formal/cubical/Prastuta/P12
  P1300  refused by the kernel: Checking Prastuta.P1300 (/home/user/math/formal/cubical/Prastuta/P1300.agda)./home/user/math/formal/cubical/Prastuta/P13
  P1301  refused by the kernel: Checking Prastuta.P1301 (/home/user/math/formal/cubical/Prastuta/P1301.agda)./home/user/math/formal/cubical/Prastuta/P13
  P1302  refused by the proposer: AC rearrangement: the sides are equal modulo associativity-commutativity of +/·; the close is completion modulo AC (Peterson-Stickel; notes/SamataChakra), not one lemma per shuffle
  P1303  refused by the proposer: AC rearrangement: the sides are equal modulo associativity-commutativity of +/·; the close is completion modulo AC (Peterson-Stickel; notes/SamataChakra), not one lemma per shuffle
  P1304  landed:induction-candidate-1  +(*(x',0),*(x',y'))	*(x',y')
  P1305  refused by the kernel: Checking Prastuta.P1305 (/home/user/math/formal/cubical/Prastuta/P1305.agda)./home/user/math/formal/cubical/Prastuta/P13
  P1306  refused by the kernel: Checking Prastuta.P1306 (/home/user/math/formal/cubical/Prastuta/P1306.agda)./home/user/math/formal/cubical/Prastuta/P13
  P1307  refused by the kernel: Checking Prastuta.P1307 (/home/user/math/formal/cubical/Prastuta/P1307.agda)./home/user/math/formal/cubical/Prastuta/P13
  P1308  refused by the kernel: Checking Prastuta.P1308 (/home/user/math/formal/cubical/Prastuta/P1308.agda)./home/user/math/formal/cubical/Prastuta/P13
  P1309  refused by the kernel: Checking Prastuta.P1309 (/home/user/math/formal/cubical/Prastuta/P1309.agda)./home/user/math/formal/cubical/Prastuta/P13
  P1310  refused by the kernel: Checking Prastuta.P1310 (/home/user/math/formal/cubical/Prastuta/P1310.agda)./home/user/math/formal/cubical/Prastuta/P13
  P1311  refused by the kernel: Checking Prastuta.P1311 (/home/user/math/formal/cubical/Prastuta/P1311.agda)./home/user/math/formal/cubical/Prastuta/P13
  P1312  refused by the kernel: Checking Prastuta.P1312 (/home/user/math/formal/cubical/Prastuta/P1312.agda)./home/user/math/formal/cubical/Prastuta/P13
  P1313  refused by the kernel: /home/user/math/formal/cubical/Prastuta/P1313.agda:41,13-13/home/user/math/formal/cubical/Prastuta/P1313.agda:41,13: Par
  P1314  refused by the kernel: /home/user/math/formal/cubical/Prastuta/P1314.agda:12,13-13/home/user/math/formal/cubical/Prastuta/P1314.agda:12,13: Par
  P1315  refused by the kernel: /home/user/math/formal/cubical/Prastuta/P1315.agda:12,13-13/home/user/math/formal/cubical/Prastuta/P1315.agda:12,13: Par
  P1316  refused by the kernel: Checking Prastuta.P1316 (/home/user/math/formal/cubical/Prastuta/P1316.agda)./home/user/math/formal/cubical/Prastuta/P13
  P1317  refused by the proposer: AC rearrangement: the sides are equal modulo associativity-commutativity of +/·; the close is completion modulo AC (Peterson-Stickel; notes/SamataChakra), not one lemma per shuffle
  P1318  refused by the proposer: AC rearrangement: the sides are equal modulo associativity-commutativity of +/·; the close is completion modulo AC (Peterson-Stickel; notes/SamataChakra), not one lemma per shuffle
  P1319  refused by the proposer: AC rearrangement: the sides are equal modulo associativity-commutativity of +/·; the close is completion modulo AC (Peterson-Stickel; notes/SamataChakra), not one lemma per shuffle
  P1320  refused by the kernel: Checking Prastuta.P1320 (/home/user/math/formal/cubical/Prastuta/P1320.agda)./home/user/math/formal/cubical/Prastuta/P13
  P1321  refused by the proposer: AC rearrangement: the sides are equal modulo associativity-commutativity of +/·; the close is completion modulo AC (Peterson-Stickel; notes/SamataChakra), not one lemma per shuffle
  P1322  refused by the proposer: AC rearrangement: the sides are equal modulo associativity-commutativity of +/·; the close is completion modulo AC (Peterson-Stickel; notes/SamataChakra), not one lemma per shuffle
  P1323  refused by the proposer: AC rearrangement: the sides are equal modulo associativity-commutativity of +/·; the close is completion modulo AC (Peterson-Stickel; notes/SamataChakra), not one lemma per shuffle
  P1324  landed:induction-candidate-1  +(*(x',y'),*(x',0))	*(x',y')
  P1325  refused by the kernel: Checking Prastuta.P1325 (/home/user/math/formal/cubical/Prastuta/P1325.agda)./home/user/math/formal/cubical/Prastuta/P13
  P1326  refused by the kernel: Checking Prastuta.P1326 (/home/user/math/formal/cubical/Prastuta/P1326.agda)./home/user/math/formal/cubical/Prastuta/P13
  P1327  refused by the kernel: Checking Prastuta.P1327 (/home/user/math/formal/cubical/Prastuta/P1327.agda)./home/user/math/formal/cubical/Prastuta/P13
  P1328  refused by the kernel: Checking Prastuta.P1328 (/home/user/math/formal/cubical/Prastuta/P1328.agda)./home/user/math/formal/cubical/Prastuta/P13
  P1329  refused by the kernel: Checking Prastuta.P1329 (/home/user/math/formal/cubical/Prastuta/P1329.agda)./home/user/math/formal/cubical/Prastuta/P13
  P1330  refused by the kernel: Checking Prastuta.P1330 (/home/user/math/formal/cubical/Prastuta/P1330.agda)./home/user/math/formal/cubical/Prastuta/P13
  P1331  refused by the proposer: unparsed: outside the closed signature {0,s,+,*,-,le,max,gcd} over x..w with primes
  P1332  refused by the proposer: unparsed: outside the closed signature {0,s,+,*,-,le,max,gcd} over x..w with primes
  P1333  refused by the kernel: Checking Prastuta.P1333 (/home/user/math/formal/cubical/Prastuta/P1333.agda)./home/user/math/formal/cubical/Prastuta/P13
  P1334  refused by the kernel: Checking Prastuta.P1334 (/home/user/math/formal/cubical/Prastuta/P1334.agda)./home/user/math/formal/cubical/Prastuta/P13
  P1335  refused by the kernel: Checking Prastuta.P1335 (/home/user/math/formal/cubical/Prastuta/P1335.agda)./home/user/math/formal/cubical/Prastuta/P13
  P1336  landed:induction-candidate-1  *(x,y)	+(*(x,0),*(x,y))
  P1337  landed:induction-candidate-1  *(x',x')	+(*(x',x'),*(x',0))
  P1338  landed:induction-candidate-1  *(x,+(+(0,0),+(0,0)))	0
  P1339  refused by the kernel: /home/user/math/formal/cubical/Prastuta/P1339.agda:41,13-13/home/user/math/formal/cubical/Prastuta/P1339.agda:41,13: Par
  P1340  landed:induction-candidate-1  0	*(x',+(+(0,0),+(0,0)))
  P1341  refused by the kernel: Checking Prastuta.P1341 (/home/user/math/formal/cubical/Prastuta/P1341.agda)./home/user/math/formal/cubical/Prastuta/P13
  P1342  refused by the kernel: Checking Prastuta.P1342 (/home/user/math/formal/cubical/Prastuta/P1342.agda)./home/user/math/formal/cubical/Prastuta/P13
  P1343  refused by the kernel: Checking Prastuta.P1343 (/home/user/math/formal/cubical/Prastuta/P1343.agda)./home/user/math/formal/cubical/Prastuta/P13
  P1344  refused by the kernel: Checking Prastuta.P1344 (/home/user/math/formal/cubical/Prastuta/P1344.agda)./home/user/math/formal/cubical/Prastuta/P13
  P1345  refused by the kernel: Checking Prastuta.P1345 (/home/user/math/formal/cubical/Prastuta/P1345.agda)./home/user/math/formal/cubical/Prastuta/P13
  P1346  refused by the kernel: Checking Prastuta.P1346 (/home/user/math/formal/cubical/Prastuta/P1346.agda)./home/user/math/formal/cubical/Prastuta/P13
  P1347  refused by the kernel: Checking Prastuta.P1347 (/home/user/math/formal/cubical/Prastuta/P1347.agda)./home/user/math/formal/cubical/Prastuta/P13
  P1348  refused by the kernel: Checking Prastuta.P1348 (/home/user/math/formal/cubical/Prastuta/P1348.agda)./home/user/math/formal/cubical/Prastuta/P13
  P1349  refused by the kernel: Checking Prastuta.P1349 (/home/user/math/formal/cubical/Prastuta/P1349.agda)./home/user/math/formal/cubical/Prastuta/P13
  P1350  refused by the kernel: Checking Prastuta.P1350 (/home/user/math/formal/cubical/Prastuta/P1350.agda)./home/user/math/formal/cubical/Prastuta/P13
  P1351  refused by the kernel: Checking Prastuta.P1351 (/home/user/math/formal/cubical/Prastuta/P1351.agda)./home/user/math/formal/cubical/Prastuta/P13
  P1352  refused by the kernel: Checking Prastuta.P1352 (/home/user/math/formal/cubical/Prastuta/P1352.agda)./home/user/math/formal/cubical/Prastuta/P13
  P1353  refused by the kernel: Checking Prastuta.P1353 (/home/user/math/formal/cubical/Prastuta/P1353.agda)./home/user/math/formal/cubical/Prastuta/P13
  P1354  refused by the kernel: Checking Prastuta.P1354 (/home/user/math/formal/cubical/Prastuta/P1354.agda)./home/user/math/formal/cubical/Prastuta/P13
  P1355  refused by the kernel: Checking Prastuta.P1355 (/home/user/math/formal/cubical/Prastuta/P1355.agda)./home/user/math/formal/cubical/Prastuta/P13
  P1356  refused by the kernel: Checking Prastuta.P1356 (/home/user/math/formal/cubical/Prastuta/P1356.agda)./home/user/math/formal/cubical/Prastuta/P13
  P1357  refused by the kernel: Checking Prastuta.P1357 (/home/user/math/formal/cubical/Prastuta/P1357.agda)./home/user/math/formal/cubical/Prastuta/P13
  P1358  refused by the kernel: Checking Prastuta.P1358 (/home/user/math/formal/cubical/Prastuta/P1358.agda)./home/user/math/formal/cubical/Prastuta/P13
  P1359  refused by the kernel: Checking Prastuta.P1359 (/home/user/math/formal/cubical/Prastuta/P1359.agda)./home/user/math/formal/cubical/Prastuta/P13
  P1360  refused by the kernel: Checking Prastuta.P1360 (/home/user/math/formal/cubical/Prastuta/P1360.agda)./home/user/math/formal/cubical/Prastuta/P13
  P1361  refused by the kernel: Checking Prastuta.P1361 (/home/user/math/formal/cubical/Prastuta/P1361.agda)./home/user/math/formal/cubical/Prastuta/P13
  P1362  refused by the kernel: Checking Prastuta.P1362 (/home/user/math/formal/cubical/Prastuta/P1362.agda)./home/user/math/formal/cubical/Prastuta/P13
  P1363  refused by the kernel: /home/user/math/formal/cubical/Prastuta/P1363.agda:12,13-13/home/user/math/formal/cubical/Prastuta/P1363.agda:12,13: Par
  P1364  refused by the kernel: /home/user/math/formal/cubical/Prastuta/P1364.agda:12,13-13/home/user/math/formal/cubical/Prastuta/P1364.agda:12,13: Par
  P1365  landed:induction-candidate-1  0	+(*(x',0),*(0,s(*(x',0))))
  P1366  landed:induction-candidate-1  0	+(*(x',0),*(*(x',0),s(0)))
  P1367  refused by the kernel: Checking Prastuta.P1367 (/home/user/math/formal/cubical/Prastuta/P1367.agda)./home/user/math/formal/cubical/Prastuta/P13
  P1368  refused by the kernel: Checking Prastuta.P1368 (/home/user/math/formal/cubical/Prastuta/P1368.agda)./home/user/math/formal/cubical/Prastuta/P13
  P1369  refused by the kernel: Checking Prastuta.P1369 (/home/user/math/formal/cubical/Prastuta/P1369.agda)./home/user/math/formal/cubical/Prastuta/P13
  P1370  refused by the kernel: Checking Prastuta.P1370 (/home/user/math/formal/cubical/Prastuta/P1370.agda)./home/user/math/formal/cubical/Prastuta/P13
  P1371  landed:induction-candidate-1  +(s(*(x',y')),*(x',0))	s(*(x',y'))
  P1372  refused by the kernel: /home/user/math/formal/cubical/Prastuta/P1372.agda:41,13-13/home/user/math/formal/cubical/Prastuta/P1372.agda:41,13: Par
  P1373  refused by the kernel: /home/user/math/formal/cubical/Prastuta/P1373.agda:41,13-13/home/user/math/formal/cubical/Prastuta/P1373.agda:41,13: Par
  P1374  refused by the kernel: Checking Prastuta.P1374 (/home/user/math/formal/cubical/Prastuta/P1374.agda)./home/user/math/formal/cubical/Prastuta/P13
  P1375  refused by the kernel: Checking Prastuta.P1375 (/home/user/math/formal/cubical/Prastuta/P1375.agda)./home/user/math/formal/cubical/Prastuta/P13
  P1376  refused by the kernel: Checking Prastuta.P1376 (/home/user/math/formal/cubical/Prastuta/P1376.agda)./home/user/math/formal/cubical/Prastuta/P13
  P1377  refused by the kernel: Checking Prastuta.P1377 (/home/user/math/formal/cubical/Prastuta/P1377.agda)./home/user/math/formal/cubical/Prastuta/P13
  P1378  refused by the kernel: Checking Prastuta.P1378 (/home/user/math/formal/cubical/Prastuta/P1378.agda)./home/user/math/formal/cubical/Prastuta/P13
  P1379  refused by the kernel: Checking Prastuta.P1379 (/home/user/math/formal/cubical/Prastuta/P1379.agda)./home/user/math/formal/cubical/Prastuta/P13
  P1380  refused by the kernel: Checking Prastuta.P1380 (/home/user/math/formal/cubical/Prastuta/P1380.agda)./home/user/math/formal/cubical/Prastuta/P13
  P1381  refused by the kernel: Checking Prastuta.P1381 (/home/user/math/formal/cubical/Prastuta/P1381.agda)./home/user/math/formal/cubical/Prastuta/P13
  P1382  refused by the kernel: /home/user/math/formal/cubical/Prastuta/P1382.agda:12,13-13/home/user/math/formal/cubical/Prastuta/P1382.agda:12,13: Par
  P1383  refused by the proposer: AC rearrangement: the sides are equal modulo associativity-commutativity of +/·; the close is completion modulo AC (Peterson-Stickel; notes/SamataChakra), not one lemma per shuffle
  P1384  refused by the proposer: AC rearrangement: the sides are equal modulo associativity-commutativity of +/·; the close is completion modulo AC (Peterson-Stickel; notes/SamataChakra), not one lemma per shuffle
  P1385  refused by the kernel: Checking Prastuta.P1385 (/home/user/math/formal/cubical/Prastuta/P1385.agda)./home/user/math/formal/cubical/Prastuta/P13
  P1386  refused by the kernel: Checking Prastuta.P1386 (/home/user/math/formal/cubical/Prastuta/P1386.agda)./home/user/math/formal/cubical/Prastuta/P13
  P1387  refused by the kernel: Checking Prastuta.P1387 (/home/user/math/formal/cubical/Prastuta/P1387.agda)./home/user/math/formal/cubical/Prastuta/P13
  P1388  refused by the kernel: Checking Prastuta.P1388 (/home/user/math/formal/cubical/Prastuta/P1388.agda)./home/user/math/formal/cubical/Prastuta/P13
  P1389  refused by the kernel: Checking Prastuta.P1389 (/home/user/math/formal/cubical/Prastuta/P1389.agda)./home/user/math/formal/cubical/Prastuta/P13
  P1390  refused by the kernel: Checking Prastuta.P1390 (/home/user/math/formal/cubical/Prastuta/P1390.agda)./home/user/math/formal/cubical/Prastuta/P13
  P1391  landed:induction-candidate-1  +(*(x',0),s(*(x',y')))	s(*(x',y'))
  P1392  refused by the proposer: AC rearrangement: the sides are equal modulo associativity-commutativity of +/·; the close is completion modulo AC (Peterson-Stickel; notes/SamataChakra), not one lemma per shuffle
  P1393  landed:induction-candidate-1  +(*(x',0),max(*(x',0),s(0)))	s(0)
  P1394  refused by the kernel: Checking Prastuta.P1394 (/home/user/math/formal/cubical/Prastuta/P1394.agda)./home/user/math/formal/cubical/Prastuta/P13
  P1395  refused by the kernel: Checking Prastuta.P1395 (/home/user/math/formal/cubical/Prastuta/P1395.agda)./home/user/math/formal/cubical/Prastuta/P13
  P1396  refused by the kernel: Checking Prastuta.P1396 (/home/user/math/formal/cubical/Prastuta/P1396.agda)./home/user/math/formal/cubical/Prastuta/P13
  P1397  refused by the kernel: Checking Prastuta.P1397 (/home/user/math/formal/cubical/Prastuta/P1397.agda)./home/user/math/formal/cubical/Prastuta/P13
  P1398  refused by the kernel: Checking Prastuta.P1398 (/home/user/math/formal/cubical/Prastuta/P1398.agda)./home/user/math/formal/cubical/Prastuta/P13
  P1399  refused by the kernel: Checking Prastuta.P1399 (/home/user/math/formal/cubical/Prastuta/P1399.agda)./home/user/math/formal/cubical/Prastuta/P13
  P1400  landed:induction-candidate-1  +(*(*(x',0),s(*(x',0))),*(x',0))	0
  P1401  refused by the kernel: Checking Prastuta.P1401 (/home/user/math/formal/cubical/Prastuta/P1401.agda)./home/user/math/formal/cubical/Prastuta/P14
  P1402  refused by the kernel: Checking Prastuta.P1402 (/home/user/math/formal/cubical/Prastuta/P1402.agda)./home/user/math/formal/cubical/Prastuta/P14
  P1403  refused by the kernel: Checking Prastuta.P1403 (/home/user/math/formal/cubical/Prastuta/P1403.agda)./home/user/math/formal/cubical/Prastuta/P14
  P1404  refused by the kernel: Checking Prastuta.P1404 (/home/user/math/formal/cubical/Prastuta/P1404.agda)./home/user/math/formal/cubical/Prastuta/P14
  P1405  refused by the kernel: Checking Prastuta.P1405 (/home/user/math/formal/cubical/Prastuta/P1405.agda)./home/user/math/formal/cubical/Prastuta/P14
  P1406  refused by the kernel: Checking Prastuta.P1406 (/home/user/math/formal/cubical/Prastuta/P1406.agda)./home/user/math/formal/cubical/Prastuta/P14
  P1407  refused by the kernel: Checking Prastuta.P1407 (/home/user/math/formal/cubical/Prastuta/P1407.agda)./home/user/math/formal/cubical/Prastuta/P14
  P1408  refused by the kernel: Checking Prastuta.P1408 (/home/user/math/formal/cubical/Prastuta/P1408.agda)./home/user/math/formal/cubical/Prastuta/P14
  P1409  refused by the kernel: Checking Prastuta.P1409 (/home/user/math/formal/cubical/Prastuta/P1409.agda)./home/user/math/formal/cubical/Prastuta/P14
  P1410  refused by the kernel: Checking Prastuta.P1410 (/home/user/math/formal/cubical/Prastuta/P1410.agda)./home/user/math/formal/cubical/Prastuta/P14
  P1411  refused by the kernel: Checking Prastuta.P1411 (/home/user/math/formal/cubical/Prastuta/P1411.agda)./home/user/math/formal/cubical/Prastuta/P14
  P1412  refused by the kernel: Checking Prastuta.P1412 (/home/user/math/formal/cubical/Prastuta/P1412.agda)./home/user/math/formal/cubical/Prastuta/P14
  P1413  refused by the kernel: Checking Prastuta.P1413 (/home/user/math/formal/cubical/Prastuta/P1413.agda)./home/user/math/formal/cubical/Prastuta/P14
  P1414  refused by the kernel: Checking Prastuta.P1414 (/home/user/math/formal/cubical/Prastuta/P1414.agda)./home/user/math/formal/cubical/Prastuta/P14
  P1415  refused by the kernel: Checking Prastuta.P1415 (/home/user/math/formal/cubical/Prastuta/P1415.agda)./home/user/math/formal/cubical/Prastuta/P14
  P1416  landed:induction-candidate-1  +(*(x',0),*(*(x',0),s(*(x',0))))	0
  P1417  refused by the kernel: Checking Prastuta.P1417 (/home/user/math/formal/cubical/Prastuta/P1417.agda)./home/user/math/formal/cubical/Prastuta/P14
  P1418  refused by the kernel: Checking Prastuta.P1418 (/home/user/math/formal/cubical/Prastuta/P1418.agda)./home/user/math/formal/cubical/Prastuta/P14
  P1419  refused by the ker