sphatika: crystal holds 0 lemmas
sphatika: 403 goals enter
  sp001  landed  x = max(x,0)  [refl]
  sp002  landed  0 = le(s(x),0)  [refl]
  sp003  landed  s(0) = le(0,x)  [refl]
  sp004  landed  x = *(x,s(0))  [ind 0 refl congsuc]
  sp005  landed  s(x) = -(s(x),0)  [refl]
  sp006  refused; retried when the crystal grows
  sp006  refused; retried when the crystal grows
  sp006  refused; retried when the crystal grows
  sp006  refused; retried when the crystal grows
  sp006  landed  0 = le(s(s(x)),0)  [refl]
  sp007  landed  s(x) = max(s(x),0)  [refl]
  sp008  landed  s(0) = le(0,s(x))  [refl]
  sp009  landed  x = +(x,*(x,0))  [ind 0 refl congsuc]
  sp010  refused; retried when the crystal grows
  sp010  landed  le(s(0),s(x)) = s(0)  [refl]
  sp011  landed  max(s(x),s(0)) = s(x)  [refl]
  sp012  refused; retried when the crystal grows
  sp012  landed  s(x) = +(le(0,0),x)  [refl]
  sp013  landed  0 = -(s(0),s(s(x)))  [refl]
  sp014  landed  0 = -(x,+(s(x),y))  [ind 0 refl ih]
  sp015  landed  0 = -(x,+(x,s(y)))  [ind 0 refl ih]
  sp016  landed  0 = le(s(s(s(x))),0)  [refl]
  sp017  landed  0 = le(+(s(x),y),0)  [refl]
  sp018  landed  0 = le(+(x,s(y)),0)  [ind 0 refl refl]
  sp019  landed  0 = le(s(s(x)),s(0))  [refl]
  sp020  landed  0 = le(+(s(x),y),x)  [ind 0 refl ih]
  sp021  landed  0 = le(s(*(x,y)),0)  [refl]
  sp022  landed  s(0) = le(0,s(s(x)))  [refl]
  sp023  landed  le(0,s(x)) = le(0,x)  [refl]
  sp024  landed  x = +(x,*(s(0),0))  [ind 0 refl congsuc]
  sp025  refused; retried when the crystal grows
  sp025  landed  +(x,y) = +(+(0,x),y)  [refl]
  sp026  refused; retried when the crystal grows
  sp026  landed  +(s(s(0)),x) = s(s(x))  [refl]
  sp027  landed  +(s(x),y) = +(x,s(y))  [ind 0 refl congsuc]
  sp028  landed  0 = *(le(x,0),+(x,x))  [ind 0 refl refl]
  sp029  landed  +(+(0,0),+(0,0)) = 0  [refl]
  sp030  refused; retried when the crystal grows
  sp030  refused; retried when the crystal grows
  sp030  refused; retried when the crystal grows
  sp030  landed  +(+(x,0),y) = +(x,y)  [ind 0 refl congsuc]
  sp031  refused; retried when the crystal grows
  sp031  landed  0 = le(+(x,s(s(y))),0)  [ind 0 refl refl]
  sp032  landed  0 = le(s(s(s(s(x)))),0)  [refl]
  sp033  refused; retried when the crystal grows
  sp033  refused; retried when the crystal grows
  sp033  landed  s(0) = le(s(0),s(s(x)))  [refl]
  sp034  landed  s(0) = le(x,+(s(x),y))  [ind 0 refl ih]
  sp035  landed  s(0) = le(x,+(x,s(y)))  [ind 0 refl ih]
  sp036  landed  le(+(x,s(s(0))),0) = 0  [ind 0 refl refl]
  sp037  landed  le(s(s(s(s(0)))),0) = 0  [refl]
  sp038  landed  le(*(x,x),0) = le(x,0)  [ind 0 refl refl]
  sp039  landed  le(s(0),s(x)) = le(0,x)  [refl]
  sp040  refused; retried when the crystal grows
  sp040  landed  +(x,max(0,s(0))) = s(x)  [ind 0 refl congsuc]
  sp041  refused; retried when the crystal grows
  sp041  refused; retried when the crystal grows
  sp041  refused; retried when the crystal grows
  sp041  refused; retried when the crystal grows
  sp041  refused; retried when the crystal grows
  sp041  landed  0 = *(le(x,0),le(s(0),x))  [ind 0 refl refl]
  sp042  landed  0 = *(le(s(0),x),le(x,0))  [ind 0 refl refl]
  sp043  landed  le(s(0),s(x)) = le(0,s(x))  [refl]
  sp044  landed  le(s(0),le(x,0)) = le(x,0)  [ind 0 refl refl]
  sp045  landed  le(s(0),max(x,s(y))) = s(0)  [ind 0 refl refl]
  sp046  landed  le(s(0),max(s(x),y)) = s(0)  [ind 1 refl refl]
  sp047  refused; retried when the crystal grows
  sp047  refused; retried when the crystal grows
  sp047  refused; retried when the crystal grows
  sp047  refused; retried when the crystal grows
  sp047  refused; retried when the crystal grows
  sp047  refused; retried when the crystal grows
  sp047  landed  0 = -(le(x,0),+(x,s(x)))  [ind 0 refl refl]
  sp048  landed  0 = le(max(x,+(s(y),z)),0)  [ind 0 refl refl]
  sp049  refused; retried when the crystal grows
  sp049  landed  0 = le(+(x,max(x,s(0))),0)  [ind 0 refl refl]
  sp050  refused; retried when the crystal grows
  sp050  landed  0 = le(max(+(s(x),y),z),0)  [ind 2 refl refl]
  sp051  refused; retried when the crystal grows
  sp051  refused; retried when the crystal grows
  sp051  refused; retried when the crystal grows
  sp051  landed  s(x) = max(s(x),le(s(0),y))  [ind 1 refl refl]
  sp052  refused; retried when the crystal grows
  sp052  refused; retried when the crystal grows
  sp052  landed  s(0) = le(0,s(max(x,s(y))))  [refl]
  sp053  landed  s(0) = le(0,s(max(s(x),y)))  [refl]
  sp054  landed  s(0) = le(0,+(s(s(0)),x))  [refl]
  sp055  landed  s(0) = le(0,s(s(s(s(0)))))  [refl]
  sp056  landed  s(0) = le(le(s(0),x),s(y))  [ind 0 refl refl]
  sp057  refused; retried when the crystal grows
  sp057  landed  le(x,0) = le(*(s(x),x),0)  [ind 0 refl refl]
  sp058  refused; retried when the crystal grows
  sp058  refused; retried when the crystal grows
  sp058  refused; retried when the crystal grows
  sp058  refused; retried when the crystal grows
  sp058  refused; retried when the crystal grows
  sp058  landed  s(*(x,s(0))) = *(s(x),s(0))  [refl]
  sp059  refused; retried when the crystal grows
  sp059  refused; retried when the crystal grows
  sp059  refused; retried when the crystal grows
  sp059  refused; retried when the crystal grows
  sp059  refused; retried when the crystal grows
  sp059  landed  +(x,x) = -(+(x,x),le(x,0))  [ind 0 refl refl]
  sp060  landed  max(x,s(y)) = -(max(x,s(y)),0)  [refl]
  sp061  landed  max(s(x),y) = -(max(s(x),y),0)  [refl]
  sp062  refused; retried when the crystal grows
  sp062  refused; retried when the crystal grows
  sp062  refused; retried when the crystal grows
  sp062  refused; retried when the crystal grows
  sp062  landed  0 = *(le(x,0),+(x,*(x,x)))  [ind 0 refl refl]
  sp063  landed  0 = *(le(x,0),+(x,*(x,y)))  [ind 0 refl refl]
  sp064  refused; retried when the crystal grows
  sp064  refused; retried when the crystal grows
  sp064  refused; retried when the crystal grows
  sp064  refused; retried when the crystal grows
  sp064  landed  +(le(0,0),le(0,0)) = s(s(0))  [refl]
  sp065  landed  le(x,0) = -(le(x,0),+(x,x))  [ind 0 refl refl]
  sp066  landed  le(x,0) = le(+(x,x),le(x,0))  [ind 0 refl refl]
  sp067  refused; retried when the crystal grows
  sp067  refused; retried when the crystal grows
  sp067  refused; retried when the crystal grows
  sp067  landed  +(s(s(0)),x) = +(x,s(s(0)))  [ind 0 refl congsuc]
  sp068  refused; retried when the crystal grows
  sp068  refused; retried when the crystal grows
  sp068  refused; retried when the crystal grows
  sp068  refused; retried when the crystal grows
  sp068  landed  +(+(x,s(0)),y) = +(x,s(y))  [ind 0 refl congsuc]
  sp069  refused; retried when the crystal grows
  sp069  refused; retried when the crystal grows
  sp069  refused; retried when the crystal grows
  sp069  refused; retried when the crystal grows
  sp069  landed  0 = -(le(s(0),x),s(le(x,0)))  [ind 0 refl refl]
  sp070  refused; retried when the crystal grows
  sp070  landed  0 = -(le(x,0),s(le(s(0),x)))  [ind 0 refl refl]
  sp071  refused; retried when the crystal grows
  sp071  refused; retried when the crystal grows
  sp071  refused; retried when the crystal grows
  sp071  landed  s(0) = le(le(x,0),+(s(y),z))  [ind 0 refl refl]
  sp072  refused; retried when the crystal grows
  sp072  landed  s(0) = le(le(s(0),x),*(x,x))  [ind 0 refl refl]
  sp073  landed  s(0) = le(le(s(0),x),+(x,x))  [ind 0 refl refl]
  sp074  landed  0 = le(+(s(s(0)),+(x,x)),0)  [refl]
  sp075  landed  le(s(s(0)),s(x)) = le(s(0),x)  [refl]
  sp076  refused; retried when the crystal grows
  sp076  refused; retried when the crystal grows
  sp076  refused; retried when the crystal grows
  sp076  refused; retried when the crystal grows
  sp076  refused; retried when the crystal grows
  sp076  refused; retried when the crystal grows
  sp076  refused; retried when the crystal grows
  sp076  refused; retried when the crystal grows
  sp076  landed  *(x,+(+(0,0),+(0,0))) = 0  [ind 0 refl ih]
  sp077  refused; retried when the crystal grows
  sp077  landed  +(s(x),*(y,x)) = s(*(s(y),x))  [refl]
  sp078  landed  le(x,0) = -(le(x,0),le(s(0),x))  [ind 0 refl refl]
  sp079  refused; retried when the crystal grows
  sp079  refused; retried when the crystal grows
  sp079  refused; retried when the crystal grows
  sp079  landed  le(x,0) = le(le(s(0),x),le(x,0))  [ind 0 refl refl]
  sp080  refused; retried when the crystal grows
  sp080  refused; retried when the crystal grows
  sp080  landed  le(s(0),x) = le(le(x,0),+(x,x))  [ind 0 refl refl]
  sp081  landed  le(s(0),le(s(0),x)) = le(s(0),x)  [ind 0 refl refl]
  sp082  landed  max(max(x,s(y)),s(0)) = max(x,s(y))  [ind 0 refl refl]
  sp083  landed  max(max(s(x),y),s(0)) = max(s(x),y)  [ind 1 refl refl]
  sp084  refused; retried when the crystal grows
  sp084  refused; retried when the crystal grows
  sp084  landed  *(x,x) = max(*(x,x),le(s(0),x))  [ind 0 refl refl]
  sp085  landed  +(x,x) = max(+(x,x),le(s(0),x))  [ind 0 refl refl]
  sp086  refused; retried when the crystal grows
  sp086  refused; retried when the crystal grows
  sp086  landed  0 = -(le(x,0),+(*(x,x),s(x)))  [ind 0 refl refl]
  sp087  refused; retried when the crystal grows
  sp087  refused; retried when the crystal grows
  sp087  refused; retried when the crystal grows
  sp087  refused; retried when the crystal grows
  sp087  refused; retried when the crystal grows
  sp087  landed  s(0) = le(le(s(0),x),s(le(x,0)))  [ind 0 refl refl]
  sp088  refused; retried when the crystal grows
  sp088  landed  0 = le(+(max(x,s(0)),*(x,x)),0)  [ind 0 refl refl]
  sp089  refused; retried when the crystal grows
  sp089  refused; retried when the crystal grows
  sp089  landed  +(x,s(s(0))) = max(s(0),s(s(x)))  [ind 0 refl congsuc]
  sp090  landed  +(x,s(s(0))) = max(s(s(x)),s(0))  [ind 0 refl congsuc]
  sp091  landed  s(max(x,s(0))) = max(s(x),s(s(0)))  [refl]
  sp092  landed  x = +(*(max(0,s(0)),x),*(0,0))  [ind 0 refl congsuc]
  sp093  landed  0 = +(*(0,0),*(0,s(*(0,0))))  [refl]
  sp094  landed  0 = +(*(0,0),*(*(0,0),s(0)))  [refl]
  sp095  landed  0 = +(*(x,0),*(0,s(*(x,0))))  [ind 0 refl ih]
  sp096  landed  0 = +(*(x,0),*(*(x,0),s(0)))  [ind 0 refl ih]
  sp097  refused; retried when the crystal grows
  sp097  refused; retried when the crystal grows
  sp097  refused; retried when the crystal grows
  sp097  refused; retried when the crystal grows
  sp097  refused; retried when the crystal grows
  sp097  landed  le(s(0),x) = -(le(s(0),x),le(x,0))  [ind 0 refl refl]
  sp098  landed  0 = +(le(s(s(0)),0),le(s(s(0)),0))  [refl]
  sp099  landed  le(x,0) = -(le(x,0),+(x,*(x,x)))  [ind 0 refl refl]
  sp100  landed  le(x,0) = -(le(x,0),+(x,*(x,y)))  [ind 0 refl refl]
  sp101  landed  le(s(0),x) = le(le(x,0),le(s(0),x))  [ind 0 refl refl]
  sp102  landed  le(x,0) = le(+(x,*(x,x)),le(x,0))  [ind 0 refl refl]
  sp103  landed  le(x,0) = le(+(x,*(x,y)),le(x,0))  [ind 0 refl refl]
  sp104  landed  le(x,0) = le(+(x,+(x,+(x,x))),0)  [ind 0 refl refl]
  sp105  refused; retried when the crystal grows
  sp105  refused; retried when the crystal grows
  sp105  refused; retried when the crystal grows
  sp105  landed  le(s(0),+(x,*(x,x))) = le(s(0),x)  [ind 0 refl refl]
  sp106  landed  le(s(0),+(x,*(x,y))) = le(s(0),x)  [ind 0 refl refl]
  sp107  landed  *(s(max(x,s(0))),x) = +(x,*(x,x))  [ind 0 refl refl]
  sp108  refused; retried when the crystal grows
  sp108  landed  +(x,+(y,z)) = max(+(+(x,y),z),x)  [ind 0 refl congsuc]
  sp109  refused; retried when the crystal grows
  sp109  refused; retried when the crystal grows
  sp109  landed  +(x,s(x)) = max(le(x,0),+(x,s(x)))  [ind 0 refl refl]
  sp110  landed  s(max(x,s(y))) = max(s(max(x,s(y))),0)  [refl]
  sp111  landed  s(max(s(x),y)) = max(s(max(s(x),y)),0)  [refl]
  sp112  landed  +(s(s(0)),x) = max(+(s(s(0)),x),0)  [refl]
  sp113  landed  s(s(s(s(0)))) = max(s(s(s(s(0)))),0)  [refl]
  sp114  refused; retried when the crystal grows
  sp114  refused; retried when the crystal grows
  sp114  refused; retried when the crystal grows
  sp114  refused; retried when the crystal grows
  sp114  refused; retried when the crystal grows
  sp114  refused; retried when the crystal grows
  sp114  refused; retried when the crystal grows
  sp114  landed  le(s(s(s(0))),s(x)) = le(s(s(0)),x)  [refl]
  sp115  refused; retried when the crystal grows
  sp115  refused; retried when the crystal grows
  sp115  landed  +(x,max(x,s(0))) = +(max(x,s(0)),x)  [ind 0 refl refl]
  sp116  landed  +(*(x,0),max(*(x,0),s(0))) = s(0)  [ind 0 refl ih]
  sp117  refused; retried when the crystal grows
  sp117  refused; retried when the crystal grows
  sp117  refused; retried when the crystal grows
  sp117  refused; retried when the crystal grows
  sp117  refused; retried when the crystal grows
  sp117  refused; retried when the crystal grows
  sp117  landed  +(*(*(x,0),s(*(x,0))),*(x,0)) = 0  [ind 0 refl ih]
  sp118  refused; retried when the crystal grows
  sp118  refused; retried when the crystal grows
  sp118  refused; retried when the crystal grows
  sp118  landed  le(s(0),max(x,s(y))) = le(0,max(x,s(y)))  [ind 0 refl refl]
  sp119  landed  le(s(0),max(s(x),y)) = le(0,max(s(x),y))  [ind 1 refl refl]
  sp120  refused; retried when the crystal grows
  sp120  refused; retried when the crystal grows
  sp120  refused; retried when the crystal grows
  sp120  refused; retried when the crystal grows
  sp120  refused; retried when the crystal grows
  sp120  refused; retried when the crystal grows
  sp120  refused; retried when the crystal grows
  sp120  landed  +(max(x,s(0)),x) = max(+(x,x),le(x,0))  [ind 0 refl refl]
  sp121  landed  max(max(x,s(y)),s(0)) = max(max(x,s(y)),0)  [ind 0 refl refl]
  sp122  landed  max(max(s(x),y),s(0)) = max(max(s(x),y),0)  [ind 1 refl refl]
  sp123  landed  +(max(x,s(0)),x) = max(le(x,0),+(x,x))  [ind 0 refl refl]
  sp124  landed  +(+(x,y),*(z,y)) = +(x,*(s(z),y))  [ind 0 refl congsuc]
  sp125  refused; retried when the crystal grows
  sp125  landed  +(*(x,0),*(*(x,0),s(*(x,0)))) = 0  [ind 0 refl ih]
  sp126  landed  s(le(x,0)) = max(le(s(0),x),s(le(x,0)))  [ind 0 refl refl]
  sp127  refused; retried when the crystal grows
  sp127  landed  s(le(x,0)) = max(s(le(x,0)),le(s(0),x))  [ind 0 refl refl]
  sp128  refused; retried when the crystal grows
  sp128  refused; retried when the crystal grows
  sp128  refused; retried when the crystal grows
  sp128  refused; retried when the crystal grows
  sp128  refused; retried when the crystal grows
  sp128  landed  0 = +(*(s(0),0),*(0,s(*(s(0),0))))  [refl]
  sp129  landed  0 = +(*(s(0),0),*(*(s(0),0),s(0)))  [refl]
  sp130  landed  +(x,*(x,x)) = -(+(x,*(x,x)),le(x,0))  [ind 0 refl refl]
  sp131  landed  +(x,*(x,y)) = -(+(x,*(x,y)),le(x,0))  [ind 0 refl refl]
  sp132  refused; retried when the crystal grows
  sp132  refused; retried when the crystal grows
  sp132  refused; retried when the crystal grows
  sp132  refused; retried when the crystal grows
  sp132  landed  le(s(0),le(x,0)) = le(le(s(0),x),le(x,0))  [ind 0 refl refl]
  sp133  refused; retried when the crystal grows
  sp133  refused; retried when the crystal grows
  sp133  landed  max(le(x,0),s(0)) = max(le(x,0),le(s(0),x))  [ind 0 refl refl]
  sp134  landed  max(le(x,0),s(0)) = max(le(s(0),x),le(x,0))  [ind 0 refl refl]
  sp135  refused; retried when the crystal grows
  sp135  refused; retried when the crystal grows
  sp135  refused; retried when the crystal grows
  sp135  landed  s(le(s(0),x)) = max(le(x,0),s(le(s(0),x)))  [ind 0 refl refl]
  sp136  refused; retried when the crystal grows
  sp136  landed  -(*(x,x),s(0)) = -(*(x,x),le(s(0),x))  [ind 0 refl refl]
  sp137  landed  -(+(x,x),s(0)) = -(+(x,x),le(s(0),x))  [ind 0 refl refl]
  sp138  landed  0 = le(+(s(s(0)),+(s(s(0)),s(s(0)))),0)  [refl]
  sp139  landed  le(x,0) = le(+(+(x,x),*(x,+(y,y))),0)  [ind 0 refl refl]
  sp140  landed  le(s(s(s(s(0)))),s(x)) = le(s(s(s(0))),x)  [refl]
  sp141  landed  le(*(x,x),s(0)) = le(*(x,x),le(s(0),x))  [ind 0 refl refl]
  sp142  landed  le(+(x,x),s(0)) = le(+(x,x),le(s(0),x))  [ind 0 refl refl]
  sp143  refused; retried when the crystal grows
  sp143  refused; retried when the crystal grows
  sp143  refused; retried when the crystal grows
  sp143  landed  le(s(0),x) = le(s(0),+(x,+(x,+(x,x))))  [ind 0 refl refl]
  sp144  refused; retried when the crystal grows
  sp144  refused; retried when the crystal grows
  sp144  refused; retried when the crystal grows
  sp144  refused; retried when the crystal grows
  sp144  refused; retried when the crystal grows
  sp144  refused; retried when the crystal grows
  sp144  refused; retried when the crystal grows
  sp144  landed  +(s(*(x,0)),*(*(x,0),s(*(x,0)))) = s(0)  [ind 0 refl ih]
  sp145  refused; retried when the crystal grows
  sp145  refused; retried when the crystal grows
  sp145  landed  le(s(0),le(s(0),x)) = le(le(x,0),le(s(0),x))  [ind 0 refl refl]
  sp146  refused; retried when the crystal grows
  sp146  refused; retried when the crystal grows
  sp146  landed  max(le(s(0),x),s(0)) = max(le(s(0),x),le(x,0))  [ind 0 refl refl]
  sp147  landed  max(le(s(0),x),s(0)) = max(le(x,0),le(s(0),x))  [ind 0 refl refl]
  sp148  refused; retried when the crystal grows
  sp148  landed  *(s(x),max(x,s(0))) = +(max(x,s(0)),*(x,x))  [ind 0 refl refl]
  sp149  refused; retried when the crystal grows
  sp149  refused; retried when the crystal grows
  sp149  refused; retried when the crystal grows
  sp149  landed  +(*(*(x,0),s(*(x,0))),s(*(x,0))) = s(0)  [ind 0 refl ih]
  sp150  refused; retried when the crystal grows
  sp150  refused; retried when the crystal grows
  sp150  landed  0 = +(*(le(0,0),0),*(0,s(*(le(0,0),0))))  [refl]
  sp151  landed  0 = +(*(le(0,0),0),*(*(le(0,0),0),s(0)))  [refl]
  sp152  refused; retried when the crystal grows
  sp152  refused; retried when the crystal grows
  sp152  landed  0 = +(*(-(0,x),0),*(0,s(*(-(0,x),0))))  [ind 0 refl refl]
  sp153  landed  0 = +(*(-(0,x),0),*(*(-(0,x),0),s(0)))  [ind 0 refl refl]
  sp154  refused; retried when the crystal grows
  sp154  refused; retried when the crystal grows
  sp154  refused; retried when the crystal grows
  sp154  refused; retried when the crystal grows
  sp154  refused; retried when the crystal grows
  sp154  refused; retried when the crystal grows
  sp154  refused; retried when the crystal grows
  sp154  landed  +(*(x,x),s(x)) = max(le(x,0),+(*(x,x),s(x)))  [ind 0 refl refl]
  sp155  refused; retried when the crystal grows
  sp155  landed  le(s(0),x) = le(s(0),*(x,+(+(x,x),+(x,x))))  [ind 0 refl refl]
  sp156  refused; retried when the crystal grows
  sp156  refused; retried when the crystal grows
  sp156  refused; retried when the crystal grows
  sp156  refused; retried when the crystal grows
  sp156  landed  +(x,max(+(y,z),s(0))) = max(+(+(x,y),z),s(x))  [ind 0 refl congsuc]
  sp157  refused; retried when the crystal grows
  sp157  refused; retried when the crystal grows
  sp157  refused; retried when the crystal grows
  sp157  landed  le(s(0),+(x,*(x,x))) = le(le(x,0),+(x,*(x,x)))  [ind 0 refl refl]
  sp158  landed  le(s(0),+(x,*(x,y))) = le(le(x,0),+(x,*(x,y)))  [ind 0 refl refl]
  sp159  refused; retried when the crystal grows
  sp159  refused; retried when the crystal grows
  sp159  refused; retried when the crystal grows
  sp159  refused; retried when the crystal grows
  sp159  landed  max(+(x,*(x,x)),s(0)) = max(+(x,*(x,x)),le(x,0))  [ind 0 refl refl]
  sp160  landed  max(+(x,*(x,y)),s(0)) = max(+(x,*(x,y)),le(x,0))  [ind 0 refl refl]
  sp161  landed  max(+(x,*(x,x)),s(0)) = max(le(x,0),+(x,*(x,x)))  [ind 0 refl refl]
  sp162  landed  max(+(x,*(x,y)),s(0)) = max(le(x,0),+(x,*(x,y)))  [ind 0 refl refl]
  sp163  refused; retried when the crystal grows
  sp163  refused; retried when the crystal grows
  sp163  landed  +(*(x,0),max(*(*(x,0),s(*(x,0))),s(0))) = s(0)  [ind 0 refl ih]
  sp164  landed  0 = +(+(0,0),*(*(s(s(0)),0),s(*(s(s(0)),0))))  [refl]
  sp165  landed  0 = +(*(s(s(0)),0),*(+(0,0),s(*(s(s(0)),0))))  [refl]
  sp166  landed  0 = +(*(s(s(0)),0),*(*(s(s(0)),0),s(+(0,0))))  [refl]
  sp167  refused; retried when the crystal grows
  sp167  refused; retried when the crystal grows
  sp167  landed  le(x,0) = le(+(+(x,x),*(x,+(+(x,x),+(x,x)))),0)  [ind 0 refl refl]
  sp168  refused; retried when the crystal grows
  sp168  refused; retried when the crystal grows
  sp168  refused; retried when the crystal grows
  sp168  landed  0 = +(*(0,0),*(*(max(0,s(0)),0),s(*(max(0,s(0)),0))))  [refl]
  sp169  landed  0 = +(*(max(0,s(0)),0),*(*(0,0),s(*(max(0,s(0)),0))))  [refl]
  sp170  landed  0 = +(*(max(0,s(0)),0),*(*(max(0,s(0)),0),s(*(0,0))))  [refl]
  sp171  refused; retried when the crystal grows
  sp171  refused; retried when the crystal grows
  sp171  refused; retried when the crystal grows
  sp171  landed  +(max(s(s(0)),s(0)),max(s(s(0)),s(0))) = +(s(s(0)),s(s(0)))  [refl]
  sp172  refused; retried when the crystal grows
  sp172  refused; retried when the crystal grows
  sp172  refused; retried when the crystal grows
  sp172  refused; retried when the crystal grows
  sp172  refused; retried when the crystal grows
  sp172  landed  *(x,+(+(x,x),+(x,x))) = *(x,+(+(x,max(x,s(0))),+(x,max(x,s(0)))))  [ind 0 refl refl]
  sp173  landed  *(x,+(+(x,x),+(x,x))) = *(x,+(max(+(x,x),s(0)),max(+(x,x),s(0))))  [ind 0 refl refl]
  sp174  refused; retried when the crystal grows
  sp174  refused; retried when the crystal grows
  sp174  refused; retried when the crystal grows
  sp174  refused; retried when the crystal grows
  sp174  refused; retried when the crystal grows
  sp174  refused; retried when the crystal grows
  sp174  refused; retried when the crystal grows
  sp174  refused; retried when the crystal grows
  sp174  refused; retried when the crystal grows
  sp174  refused; retried when the crystal grows
  sp174  refused; retried when the crystal grows
  sp174  refused; retried when the crystal grows
  sp174  refused; retried when the crystal grows
  sp174  refused; retried when the crystal grows
  sp174  refused; retried when the crystal grows
  sp174  refused; retried when the crystal grows
  sp174  refused; retried when the crystal grows
  sp174  refused; retried when the crystal grows
  sp174  refused; retried when the crystal grows
  sp174  refused; retried when the crystal grows
  sp174  refused; retried when the crystal grows
  sp174  refused; retried when the crystal grows
  sp174  refused; retried when the crystal grows
  sp174  refused; retried when the crystal grows
  sp174  refused; retried when the crystal grows
  sp174  refused; retried when the crystal grows
  sp174  refused; retried when the crystal grows
  sp174  refused; retried when the crystal grows
  sp174  refused; retried when the crystal grows
  sp174  refused; retried when the crystal grows
  sp174  refused; retried when the crystal grows
  sp174  refused; retried when the crystal grows
  sp174  refused; retried when the crystal grows
  sp174  refused; retried when the crystal grows
  sp174  refused; retried when the crystal grows
  sp174  refused; retried when the crystal grows
  sp174  refused; retried when the crystal grows
  sp174  refused; retried when the crystal grows
  sp174  refused; retried when the crystal grows
  sp174  refused; retried when the crystal grows
  sp174  refused; retried when the crystal grows
  sp174  refused; retried when the crystal grows
  sp174  refused; retried when the crystal grows
  sp174  refused; retried when the crystal grows
  sp174  refused; retried when the crystal grows
  sp174  refused; retried when the crystal grows
  sp174  refused; retried when the crystal grows
  sp174  refused; retried when the crystal grows
  sp174  refused; retried when the crystal grows
  sp174  refused; retried when the crystal grows
  sp174  refused; retried when the crystal grows
  sp174  refused; retried when the crystal grows
  sp174  refused; retried when the crystal grows
  sp174  refused; retried when the crystal grows
  sp174  refused; retried when the crystal grows
  sp174  refused; retried when the crystal grows
  sp174  refused; retried when the crystal grows
  sp174  refused; retried when the crystal grows
  sp174  refused; retried when the crystal grows
  sp174  refused; retried when the crystal grows
  sp174  refused; retried when the crystal grows
  sp174  refused; retried when the crystal grows
  sp174  refused; retried when the crystal grows
  sp174  refused; retried when the crystal grows
  sp174  refused; retried when the crystal grows
  sp174  refused; retried when the crystal grows
  sp174  refused; retried when the crystal grows
  sp174  refused; retried when the crystal grows
  sp174  refused; retried when the crystal grows
  sp174  refused; retried when the crystal grows
  sp174  refused; retried when the crystal grows
  sp174  refused; retried when the crystal grows
  sp174  refused; retried when the crystal grows
  sp174  refused; retried when the crystal grows
  sp174  refused; retried when the crystal grows
  sp174  refused; retried when the crystal grows
  sp174  refused; retried when the crystal grows
  sp174  refused; retried when the crystal grows
  sp174  refused; retried when the crystal grows
  sp174  refused; retried when the crystal grows
  sp174  refused; retried when the crystal grows
  sp174  refused; retried when the crystal grows
  sp174  refused; retried when the crystal grows
  sp174  refused; retried when the crystal grows
  sp174  refused; retried when the crystal grows
  sp174  refused; retried when the crystal grows
  sp174  refused; retried when the crystal grows
  sp174  refused; retried when the crystal grows
  sp174  refused; retried when the crystal grows
  sp174  refused; retried when the crystal grows
  sp174  refused; retried when the crystal grows
  sp174  refused; retried when the crystal grows
  sp174  refused; retried when the crystal grows
  sp174  refused; retried when the crystal grows
  sp174  refused; retried when the crystal grows
  sp174  refused; retried when the crystal grows
  sp174  refused; retried when the crystal grows
  sp174  refused; retried when the crystal grows
  sp174  refused; retried when the crystal grows
  sp174  refused; retried when the crystal grows
  sp174  refused; retried when the crystal grows
  sp174  refused; retried when the crystal grows
  sp174  refused; retried when the crystal grows
  sp174  refused; retried when the crystal grows
  sp174  refused; retried when the crystal grows
  sp174  refused; retried when the crystal grows
  sp174  refused; retried when the crystal grows
  sp174  refused; retried when the crystal grows
  sp174  refused; retried when the crystal grows
  sp174  refused; retried when the crystal grows
  sp174  refused; retried when the crystal grows
  sp174  refused; retried when the crystal grows
  sp174  refused; retried when the crystal grows
  sp174  refused; retried when the crystal grows
  sp174  refused; retried when the crystal grows
  sp174  refused; retried when the crystal grows
  sp174  refused; retried when the crystal grows
  sp174  refused; retried when the crystal grows
  sp174  refused; retried when the crystal grows
  sp174  refused; retried when the crystal grows
  sp174  refused; retried when the crystal grows
  sp174  refused; retried when the crystal grows
  sp174  refused; retried when the crystal grows
  sp174  refused; retried when the crystal grows
  sp174  refused; retried when the crystal grows
  sp174  refused; retried when the crystal grows
  sp174  refused; retried when the crystal grows
  sp174  refused; retried when the crystal grows
  sp174  refused; retried when the crystal grows
  sp174  refused; retried when the crystal grows
  sp174  refused; retried when the crystal grows
  sp174  refused; retried when the crystal grows
  sp174  refused; retried when the crystal grows
  sp174  refused; retried when the crystal grows
  sp174  refused; retried when the crystal grows
  sp174  refused; retried when the crystal grows
  sp174  refused; retried when the crystal grows
  sp174  refused; retried when the crystal grows
  sp174  refused; retried when the crystal grows
  sp174  refused; retried when the crystal grows
  sp174  refused; retried when the crystal grows
  sp174  refused; retried when the crystal grows
  sp174  refused; retried when the crystal grows
  sp174  refused; retried when the crystal grows
  sp174  refused; retried when the crystal grows
  sp174  refused; retried when the crystal grows
  sp174  refused; retried when the crystal grows
  sp174  refused; retried when the crystal grows
  sp174  refused; retried when the crystal grows
  sp174  refused; retried when the crystal grows
  sp174  refused; retried when the crystal grows
  sp174  refused; retried when the crystal grows
  sp174  refused; retried when the crystal grows
  sp174  refused; retried when the crystal grows
  sp174  refused; retried when the crystal grows
  sp174  refused; retried when the crystal grows
  sp174  refused; retried when the crystal grows
  sp174  refused; retried when the crystal grows
  sp174  refused; retried when the crystal grows
  sp174  refused; retried when the crystal grows
  sp174  refused; retried when the crystal grows
  sp174  refused; retried when the crystal grows
  sp174  refused; retried when the crystal grows
  sp174  refused; retried when the crystal grows
  sp174  refused; retried when the crystal grows
  sp174  refused; retried when the crystal grows
  sp174  refused; retried when the crystal grows
  sp174  refused; retried when the crystal grows
  sp174  refused; retried when the crystal grows
  sp174  refused; retried when the crystal grows
  sp174  refused; retried when the crystal grows
  sp174  refused; retried when the crystal grows
  sp174  refused; retried when the crystal grows
  sp174  refused; retried when the crystal grows
  sp174  refused; retried when the crystal grows
  sp174  refused; retried when the crystal grows
  sp174  refused; retried when the crystal grows
  sp174  refused; retried when the crystal grows
  sp174  refused; retried when the crystal grows
  sp174  refused; retried when the crystal grows
  sp174  refused; retried when the crystal grows
  sp174  refused; retried when the crystal grows
  sp174  refused; retried when the crystal grows
  sp174  refused; retried when the crystal grows
  sp174  refused; retried when the crystal grows
  sp174  refused; retried when the crystal grows
  sp174  refused; retried when the crystal grows
  sp174  refused; retried when the crystal grows
  sp174  refused; retried when the crystal grows
  sp174  refused; retried when the crystal grows
  sp174  refused; retried when the crystal grows
  sp174  refused; retried when the crystal grows
  sp174  refused; retried when the crystal grows
  sp174  refused; retried when the crystal grows
  sp174  refused; retried when the crystal grows
  sp174  refused; retried when the crystal grows
  sp174  refused; retried when the crystal grows
  sp174  refused; retried when the crystal grows
  sp174  refused; retried when the crystal grows
  sp174  refused; retried when the crystal grows
  sp174  refused; retried when the crystal grows
  sp174  refused; retried when the crystal grows
  sp174  refused; retried when the crystal grows
rendered 173 lemmas
sphatika: crystal holds 173 lemmas; rendering formal/cubical/Sphatika.agda
exit=0 (clean regrow, single writer)
sphatika: crystal holds 173 lemmas
sphatika: 203 goals enter
  sp174  refused; retried when the crystal grows
  sp174  refused; retried when the crystal grows
  sp174  refused; retried when the crystal grows
  sp174  refused; retried when the crystal grows
  sp174  refused; retried when the crystal grows
  sp174  refused; retried when the crystal grows
  sp174  refused; retried when the crystal grows
  sp174  refused; retried when the crystal grows
  sp174  refused; retried when the crystal grows
  sp174  refused; retried when the crystal grows
  sp174  refused; retried when the crystal grows
  sp174  refused; retried when the crystal grows
  sp174  refused; retried when the crystal grows
  sp174  refused; retried when the crystal grows
  sp174  refused; retried when the crystal grows
  sp174  refused; retried when the crystal grows
  sp174  refused; retried when the crystal grows
  sp174  refused; retried when the crystal grows
  sp174  refused; retried when the crystal grows
  sp174  refused; retried when the crystal grows
  sp174  refused; retried when the crystal grows
  sp174  refused; retried when the crystal grows
  sp174  refused; retried when the crystal grows
  sp174  refused; retried when the crystal grows
  sp174  refused; retried when the crystal grows
  sp174  refused; retried when the crystal grows
  sp174  refused; retried when the crystal grows
  sp174  refused; retried when the crystal grows
  sp174  refused; retried when the crystal grows
  sp174  refused; retried when the crystal grows
  sp174  refused; retried when the crystal grows
  sp174  refused; retried when the crystal grows
  sp174  refused; retried when the crystal grows
  sp174  refused; retried when the crystal grows
  sp174  refused; retried when the crystal grows
  sp174  refused; retried when the crystal grows
  sp174  refused; retried when the crystal grows
  sp174  refused; retried when the crystal grows
  sp174  refused; retried when the crystal grows
  sp174  refused; retried when the crystal grows
  sp174  refused; retried when the crystal grows
  sp174  refused; retried when the crystal grows
  sp174  refused; retried when the crystal grows
  sp174  refused; retried when the crystal grows
  sp174  refused; retried when the crystal grows
  sp174  refused; retried when the crystal grows
  sp174  refused; retried when the crystal grows
  sp174  refused; retried when the crystal grows
  sp174  refused; retried when the crystal grows
  sp174  refused; retried when the crystal grows
  sp174  refused; retried when the crystal grows
  sp174  refused; retried when the crystal grows
  sp174  refused; retried when the crystal grows
  sp174  refused; retried when the crystal grows
  sp174  refused; retried when the crystal grows
  sp174  refused; retried when the crystal grows
  sp174  refused; retried when the crystal grows
  sp174  refused; retried when the crystal grows
  sp174  refused; retried when the crystal grows
  sp174  refused; retried when the crystal grows
  sp174  refused; retried when the crystal grows
  sp174  refused; retried when the crystal grows
  sp174  refused; retried when the crystal grows
  sp174  refused; retried when the crystal grows
  sp174  refused; retried when the crystal grows
  sp174  refused; retried when the crystal grows
  sp174  refused; retried when the crystal grows
  sp174  refused; retried when the crystal grows
  sp174  refused; retried when the crystal grows
  sp174  refused; retried when the crystal grows
  sp174  refused; retried when the crystal grows
  sp174  refused; retried when the crystal grows
  sp174  refused; retried when the crystal grows
  sp174  refused; retried when the crystal grows
  sp174  refused; retried when the crystal grows
  sp174  refused; retried when the crystal grows
  sp174  refused; retried when the crystal grows
  sp174  refused; retried when the crystal grows
  sp174  refused; retried when the crystal grows
  sp174  refused; retried when the crystal grows
  sp174  refused; retried when the crystal grows
  sp174  refused; retried when the crystal grows
  sp174  refused; retried when the crystal grows
  sp174  refused; retried when the crystal grows
  sp174  refused; retried when the crystal grows
  sp174  refused; retried when the crystal grows
  sp174  refused; retried when the crystal grows
  sp174  refused; retried when the crystal grows
  sp174  refused; retried when the crystal grows
  sp174  refused; retried when the crystal grows
  sp174  refused; retried when the crystal grows
  sp174  refused; retried when the crystal grows
  sp174  refused; retried when the crystal grows
  sp174  refused; retried when the crystal grows
  sp174  refused; retried when the crystal grows
  sp174  refused; retried when the crystal grows
  sp174  refused; retried when the crystal grows
  sp174  refused; retried when the crystal grows
  sp174  refused; retried when the crystal grows
  sp174  refused; retried when the crystal grows
  sp174  refused; retried when the crystal grows
  sp174  refused; retried when the crystal grows
  sp174  refused; retried when the crystal grows
  sp174  refused; retried when the crystal grows
  sp174  refused; retried when the crystal grows
  sp174  refused; retried when the crystal grows
  sp174  refused; retried when the crystal grows
  sp174  refused; retried when the crystal grows
  sp174  refused; retried when the crystal grows
  sp174  refused; retried when the crystal grows
  sp174  refused; retried when the crystal grows
  sp174  refused; retried when the crystal grows
  sp174  refused; retried when the crystal grows
  sp174  refused; retried when the crystal grows
  sp174  refused; retried when the crystal grows
  sp174  refused; retried when the crystal grows
  sp174  refused; retried when the crystal grows
  sp174  refused; retried when the crystal grows
  sp174  refused; retried when the crystal grows
  sp174  refused; retried when the crystal grows
  sp174  refused; retried when the crystal grows
  sp174  refused; retried when the crystal grows
  sp174  refused; retried when the crystal grows
  sp174  refused; retried when the crystal grows
  sp174  refused; retried when the crystal grows
  sp174  refused; retried when the crystal grows
  sp174  refused; retried when the crystal grows
  sp174  refused; retried when the crystal grows
  sp174  refused; retried when the crystal grows
  sp174  refused; retried when the crystal grows
  sp174  refused; retried when the crystal grows
  sp174  refused; retried when the crystal grows
  sp174  refused; retried when the crystal grows
  sp174  refused; retried when the crystal grows
  sp174  refused; retried when the crystal grows
  sp174  refused; retried when the crystal grows
  sp174  refused; retried when the crystal grows
  sp174  refused; retried when the crystal grows
  sp174  refused; retried when the crystal grows
  sp174  refused; retried when the crystal grows
  sp174  refused; retried when the crystal grows
  sp174  refused; retried when the crystal grows
  sp174  refused; retried when the crystal grows
  sp174  refused; retried when the crystal grows
  sp174  refused; retried when the crystal grows
  sp174  refused; retried when the crystal grows
  sp174  refused; retried when the crystal grows
  sp174  refused; retried when the crystal grows
  sp174  refused; retried when the crystal grows
  sp174  refused; retried when the crystal grows
  sp174  refused; retried when the crystal grows
  sp174  refused; retried when the crystal grows
  sp174  refused; retried when the crystal grows
  sp174  refused; retried when the crystal grows
  sp174  refused; retried when the crystal grows
  sp174  refused; retried when the crystal grows
  sp174  refused; retried when the crystal grows
  sp174  refused; retried when the crystal grows
  sp174  refused; retried when the crystal grows
  sp174  refused; retried when the crystal grows
  sp174  refused; retried when the crystal grows
  sp174  refused; retried when the crystal grows
  sp174  refused; retried when the crystal grows
  sp174  refused; retried when the crystal grows
  sp174  refused; retried when the crystal grows
  sp174  refused; retried when the crystal grows
  sp174  refused; retried when the crystal grows
  sp174  refused; retried when the crystal grows
  sp174  refused; retried when the crystal grows
  sp174  refused; retried when the crystal grows
  sp174  refused; retried when the crystal grows
  sp174  refused; retried when the crystal grows
  sp174  refused; retried when the crystal grows
  sp174  refused; retried when the crystal grows
  sp174  refused; retried when the crystal grows
  sp174  refused; retried when the crystal grows
  sp174  refused; retried when the crystal grows
  sp174  refused; retried when the crystal grows
  sp174  refused; retried when the crystal grows
  sp174  refused; retried when the crystal grows
  sp174  refused; retried when the crystal grows
  sp174  refused; retried when the crystal grows
  sp174  refused; retried when the crystal grows
  sp174  refused; retried when the crystal grows
  sp174  refused; retried when the crystal grows
  sp174  refused; retried when the crystal grows
  sp174  refused; retried when the crystal grows
  sp174  refused; retried when the crystal grows
  sp174  refused; retried when the crystal grows
  sp174  refused; retried when the crystal grows
  sp174  refused; retried when the crystal grows
  sp174  refused; retried when the crystal grows
  sp174  refused; retried when the crystal grows
  sp174  refused; retried when the crystal grows
  sp174  refused; retried when the crystal grows
  sp174  refused; retried when the crystal grows
  sp174  refused; retried when the crystal grows
  sp174  refused; retried when the crystal grows
  sp174  refused; retried when the crystal grows
  sp174  refused; retried when the crystal grows
  sp174  refused; retried when the crystal grows
  sp174  refused; retried when the crystal grows
  sp174  refused; retried when the crystal grows
rendered 173 lemmas
sphatika: crystal holds 173 lemmas; rendering formal/cubical/Sphatika.agda
exit=0 (citation-shape pass)
sphatika: crystal holds 173 lemmas
sphatika: 203 goals enter
  refused (retried on growth): s(0) = gcd(s(0),0)
  refused (retried on growth): s(0) = gcd(0,s(0))
  refused (retried on growth): s(x) = gcd(s(x),0)
  refused (retried on growth): s(x) = gcd(0,s(x))
  refused (retried on growth): c0(x) = -(c0(x),0)
  refused (retried on growth): *(s(le(x,0)),x) = x
  refused (retried on growth): +(x,x) = +(x,+(x,0))
  refused (retried on growth): s(0) = le(x,max(x,s(0)))
  refused (retried on growth): s(s(0)) = gcd(s(s(0)),0)
  refused (retried on growth): s(s(0)) = gcd(0,s(s(0)))
  refused (retried on growth): +(x,+(x,0)) = +(x,x)
  refused (retried on growth): 0 = -(x,s(*(s(y),x)))
  refused (retried on growth): 0 = le(s(*(s(x),y)),y)
  refused (retried on growth): +(x,s(x)) = +(s(x),x)
  refused (retried on growth): le(x,max(x,s(0))) = s(0)
  refused (retried on growth): c0(x) = -(s(c0(x)),s(0))
  refused (retried on growth): 0 = -(+(x,y),+(s(x),y))
  refused (retried on growth): 0 = le(+(s(x),y),+(x,y))
  refused (retried on growth): s(0) = le(x,s(max(x,s(0))))
  refused (retried on growth): +(*(x,y),y) = *(s(x),y)
  refused (retried on growth): max(s(x),s(0)) = gcd(s(x),0)
  refused (retried on growth): max(s(x),s(0)) = gcd(0,s(x))
  refused (retried on growth): *(s(x),y) = +(*(x,y),y)
  refused (retried on growth): *(s(x),le(x,0)) = le(x,0)
  refused (retried on growth): 0 = -(x,+(+(y,x),s(y)))
  refused (retried on growth): 0 = -(x,+(y,s(+(x,z))))
  refused (retried on growth): 0 = le(max(x,max(y,s(0))),0)
  refused (retried on growth): 0 = le(+(x,max(y,s(0))),0)
  refused (retried on growth): 0 = le(max(max(x,s(0)),y),0)
  refused (retried on growth): 0 = le(+(+(x,y),s(x)),y)
  refused (retried on growth): 0 = le(+(x,s(+(y,z))),y)
  refused (retried on growth): s(x) = max(s(x),le(y,s(0)))
  refused (retried on growth): s(0) = le(x,s(*(s(y),x)))
  refused (retried on growth): s(0) = le(le(x,s(0)),s(y))
  refused (retried on growth): le(x,s(max(x,s(0)))) = s(0)
  refused (retried on growth): 0 = -(-(x,s(0)),max(x,s(0)))
  refused (retried on growth): 0 = le(max(x,s(0)),-(x,s(0)))
  refused (retried on growth): +(x,s(x)) = +(x,+(x,s(0)))
  refused (retried on growth): +(x,s(y)) = +(+(s(0),y),x)
  refused (retried on growth): s(0) = -(+(s(x),y),+(x,y))
  refused (retried on growth): s(0) = le(+(x,y),+(s(x),y))
  refused (retried on growth): +(+(x,x),y) = +(x,+(x,y))
  refused (retried on growth): +(+(x,y),z) = +(+(z,x),y)
  refused (retried on growth): +(*(x,0),*(x,y)) = *(x,y)
  refused (retried on growth): 0 = *(x,+(le(x,0),le(x,0)))
  refused (retried on growth): 0 = *(+(x,*(x,x)),le(x,0))
  refused (retried on growth): 0 = *(+(x,*(x,y)),le(x,0))
  refused (retried on growth): 0 = *(-(x,s(0)),le(x,s(0)))
  refused (retried on growth): 0 = *(le(x,s(0)),-(x,s(0)))
  refused (retried on growth): 0 = -(+(x,y),s(+(s(x),y)))
  refused (retried on growth): 0 = le(+(x,s(s(y))),+(y,x))
  refused (retried on growth): s(0) = le(x,s(s(max(x,s(0)))))
  refused (retried on growth): s(s(s(0))) = gcd(s(s(s(0))),0)
  refused (retried on growth): s(s(s(0))) = gcd(0,s(s(s(0))))
  refused (retried on growth): +(x,+(x,s(0))) = +(x,s(x))
  refused (retried on growth): +(x,+(x,y)) = +(+(x,x),y)
  refused (retried on growth): +(x,+(x,y)) = +(y,+(x,x))
  refused (retried on growth): +(x,+(x,y)) = +(+(y,x),x)
  refused (retried on growth): +(+(s(0),x),y) = +(y,s(x))
  refused (retried on growth): +(+(x,y),z) = +(+(y,z),x)
  refused (retried on growth): +(+(x,y),z) = +(x,+(z,y))
  refused (retried on growth): +(+(x,y),y) = +(y,+(y,x))
  refused (retried on growth): +(*(x,y),*(x,0)) = *(x,y)
  refused (retried on growth): 0 = -(le(x,s(0)),max(x,s(0)))
  refused (retried on growth): 0 = le(s(*(s(x),y)),*(x,y))
  refused (retried on growth): s(0) = le(x,+(+(y,x),s(y)))
  refused (retried on growth): s(0) = le(x,+(y,s(+(x,z))))
  refused (retried on growth): s(0) = le(le(x,0),max(y,s(0)))
  refused (retried on growth): le(x,s(s(max(x,s(0))))) = s(0)
  refused (retried on growth): le(s(c0(x)),s(y)) = le(c0(x),y)
  refused (retried on growth): le(s(c0(x)),s(0)) = le(c0(x),0)
  refused (retried on growth): +(x,s(y)) = max(y,+(s(y),x))
  refused (retried on growth): +(x,s(y)) = max(y,+(y,s(x)))
  refused (retried on growth): +(x,s(y)) = max(+(s(y),x),y)
  refused (retried on growth): *(x,y) = +(*(x,0),*(x,y))
  refused (retried on growth): *(x,x) = +(*(x,x),*(x,0))
  refused (retried on growth): s(0) = -(max(x,s(0)),-(x,s(0)))
  refused (retried on growth): 0 = -(-(x,s(0)),s(max(x,s(0))))
  refused (retried on growth): 0 = le(s(max(x,s(0))),-(x,s(0)))
  refused (retried on growth): s(0) = le(+(x,y),s(+(s(x),y)))
  refused (retried on growth): le(x,s(0)) = le(x,s(le(x,s(0))))
  refused (retried on growth): le(x,0) = le(*(s(y),x),*(y,x))
  refused (retried on growth): *(s(s(s(0))),x) = +(x,+(x,x))
  refused (retried on growth): +(x,*(y,x)) = max(*(s(y),x),x)
  refused (retried on growth): 0 = -(+(x,y),s(s(+(s(x),y))))
  refused (retried on growth): 0 = -(le(+(x,y),0),+(s(x),y))
  refused (retried on growth): 0 = -(le(x,0),+(*(x,y),s(x)))
  refused (retried on growth): 0 = le(+(+(x,y),s(x)),+(x,x))
  refused (retried on growth): 0 = le(+(x,s(+(y,z))),+(z,x))
  refused (retried on growth): 0 = le(+(s(s(s(x))),y),+(x,y))
  refused (retried on growth): s(0) = le(x,s(s(s(max(x,s(0))))))
  refused (retried on growth): s(0) = le(le(x,s(0)),max(x,s(0)))
  refused (retried on growth): le(x,s(le(x,s(0)))) = le(x,s(0))
  refused (retried on growth): le(x,s(s(s(max(x,s(0)))))) = s(0)
  refused (retried on growth): +(x,s(y)) = max(+(y,x),+(s(y),x))
  refused (retried on growth): +(x,s(y)) = max(+(s(y),x),+(y,x))
  refused (retried on growth): +(s(x),+(y,y)) = +(+(y,x),s(y))
  refused (retried on growth): +(s(x),+(y,z)) = +(z,s(+(x,y)))
  refused (retried on growth): +(s(*(x,y)),*(x,0)) = s(*(x,y))
  refused (retried on growth): le(x,0) = le(+(y,+(y,x)),+(y,y))
  refused (retried on growth): le(x,0) = le(+(+(x,y),z),+(y,z))
  refused (retried on growth): s(s(0)) = -(+(x,s(s(y))),+(y,x))
  refused (retried on growth): +(x,+(y,y)) = max(+(y,+(y,x)),x)
  refused (retried on growth): 0 = -(-(x,s(0)),s(s(max(x,s(0)))))
  refused (retried on growth): 0 = le(s(s(max(x,s(0)))),-(x,s(0)))
  refused (retried on growth): +(*(x,x),s(x)) = +(s(x),*(x,x))
  refused (retried on growth): +(*(x,y),s(x)) = +(s(x),*(x,y))
  refused (retried on growth): +(x,s(y)) = max(+(s(y),x),le(z,0))
  refused (retried on growth): max(x,s(0)) = max(max(x,s(0)),le(y,0))
  refused (retried on growth): s(0) = le(x,+(s(s(-(x,s(0)))),y))
  refused (retried on growth): s(0) = le(+(x,y),s(s(+(s(x),y))))
  refused (retried on growth): s(0) = le(le(+(x,y),0),+(s(x),y))
  refused (retried on growth): le(x,+(s(s(-(x,s(0)))),y)) = s(0)
  refused (retried on growth): +(*(x,0),s(*(x,y))) = s(*(x,y))
  refused (retried on growth): *(x,+(le(0,0),le(0,0))) = +(x,x)
  refused (retried on growth): +(x,x) = *(x,+(le(0,0),le(0,0)))
  refused (retried on growth): +(x,x) = max(+(x,+(x,0)),+(x,x))
  refused (retried on growth): +(x,y) = max(+(+(0,x),y),+(x,y))
  refused (retried on growth): max(x,s(0)) = max(-(x,s(0)),max(x,s(0)))
  refused (retried on growth): max(x,s(0)) = max(max(x,s(0)),-(x,s(0)))
  refused (retried on growth): -(x,s(0)) = -(-(x,s(0)),le(x,s(0)))
  refused (retried on growth): le(x,s(0)) = -(le(x,s(0)),-(x,s(0)))
  refused (retried on growth): s(s(0)) = -(s(max(x,s(0))),-(x,s(0)))
  refused (retried on growth): le(s(0),-(x,s(0))) = le(le(x,s(0)),0)
  refused (retried on growth): +(max(x,s(0)),x) = gcd(+(x,x),le(x,0))
  refused (retried on growth): max(max(x,s(y)),s(0)) = gcd(max(x,s(y)),0)
  refused (retried on growth): max(max(s(x),y),s(0)) = gcd(max(s(x),y),0)
  refused (retried on growth): +(max(x,s(0)),x) = gcd(le(x,0),+(x,x))
  refused (retried on growth): max(max(x,s(y)),s(0)) = gcd(0,max(x,s(y)))
  refused (retried on growth): max(max(s(x),y),s(0)) = gcd(0,max(s(x),y))
  refused (retried on growth): *(+(x,s(x)),y) = +(y,*(x,+(y,y)))
  refused (retried on growth): max(x,s(0)) = max(le(x,s(0)),max(x,s(0)))
  refused (retried on growth): max(x,s(0)) = max(max(x,s(0)),le(x,s(0)))
  refused (retried on growth): le(x,s(0)) = le(*(s(y),x),s(*(y,x)))
  refused (retried on growth): +(*(x,y),s(y)) = max(y,s(*(s(x),y)))
  refused (retried on growth): +(*(x,y),s(y)) = max(s(*(s(x),y)),y)
  refused (retried on growth): *(x,x) = +(*(x,x),*(max(x,s(0)),0))
  refused (retried on growth): 0 = *(x,+(le(+(x,x),0),le(+(x,x),0)))
  refused (retried on growth): le(+(x,y),0) = le(+(+(+(x,y),x),y),0)
  refused (retried on growth): +(s(s(x)),y) = max(+(x,y),s(+(s(x),y)))
  refused (retried on growth): +(s(s(x)),y) = max(+(y,s(s(x))),+(x,y))
  refused (retried on growth): max(le(x,0),s(0)) = gcd(le(x,0),le(s(0),x))
  refused (retried on growth): max(le(x,0),s(0)) = gcd(le(s(0),x),le(x,0))
  refused (retried on growth): +(+(x,y),+(z,z)) = +(x,+(z,+(z,y)))
  refused (retried on growth): +(+(x,y),+(z,u)) = +(x,+(+(y,z),u))
  refused (retried on growth): +(x,s(y)) = max(le(+(y,x),0),+(s(y),x))
  refused (retried on growth): +(x,s(y)) = max(+(s(y),x),le(+(y,x),0))
  refused (retried on growth): le(x,s(0)) = le(+(x,+(y,z)),+(s(y),z))
  refused (retried on growth): le(x,s(0)) = le(+(y,+(y,x)),s(+(y,y)))
  refused (retried on growth): le(x,s(0)) = le(+(+(x,y),z),s(+(y,z)))
  refused (retried on growth): +(+(x,x),s(y)) = max(y,+(+(x,y),s(x)))
  refused (retried on growth): +(+(x,y),s(z)) = max(z,+(y,s(+(z,x))))
  refused (retried on growth): +(+(x,x),s(y)) = max(+(+(x,y),s(x)),y)
  refused (retried on growth): +(+(x,y),s(z)) = max(+(y,s(+(z,x))),z)
  refused (retried on growth): s(s(s(0))) = -(+(s(s(s(x))),y),+(x,y))
  refused (retried on growth): +(*(x,y),max(*(x,0),s(0))) = s(*(x,y))
  refused (retried on growth): *(x,+(le(+(x,x),0),le(+(x,x),0))) = 0
  refused (retried on growth): s(max(x,s(0))) = max(-(x,s(0)),s(max(x,s(0))))
  refused (retried on growth): s(max(x,s(0))) = max(s(max(x,s(0))),-(x,s(0)))
  refused (retried on growth): max(le(s(0),x),s(0)) = gcd(le(s(0),x),le(x,0))
  refused (retried on growth): max(le(s(0),x),s(0)) = gcd(le(x,0),le(s(0),x))
  refused (retried on growth): +(+(x,*(y,0)),*(*(y,0),s(*(y,0)))) = x
  refused (retried on growth): le(x,s(le(s(0),-(x,s(0))))) = le(x,s(s(0)))
  refused (retried on growth): le(x,s(s(0))) = le(x,s(le(s(0),-(x,s(0)))))
  refused (retried on growth): le(x,s(0)) = le(+(x,-(y,s(0))),max(y,s(0)))
  refused (retried on growth): s(s(s(0))) = -(s(s(max(x,s(0)))),-(x,s(0)))
  refused (retried on growth): +(x,max(*(y,x),s(0))) = max(*(s(y),x),s(x))
  refused (retried on growth): 0 = +(*(*(x,y),0),*(0,s(*(*(x,y),0))))
  refused (retried on growth): 0 = +(*(*(x,y),0),*(*(*(x,y),0),s(0)))
  refused (retried on growth): le(s(0),-(x,s(0))) = le(le(x,s(0)),-(x,s(0)))
  refused (retried on growth): max(-(x,s(0)),s(0)) = gcd(-(x,s(0)),le(x,s(0)))
  refused (retried on growth): max(-(x,s(0)),s(0)) = gcd(le(x,s(0)),-(x,s(0)))
  refused (retried on growth): max(-(x,s(0)),s(0)) = max(-(x,s(0)),le(x,s(0)))
  refused (retried on growth): max(-(x,s(0)),s(0)) = max(le(x,s(0)),-(x,s(0)))
  refused (retried on growth): +(*(x,0),+(*(x,0),y)) = +(y,*(x,+(0,0)))
  refused (retried on growth): +(+(x,*(y,z)),*(y,0)) = +(x,*(y,+(z,0)))
  refused (retried on growth): +(*(x,y),s(x)) = max(le(x,0),+(*(x,y),s(x)))
  refused (retried on growth): le(s(0),+(x,y)) = le(s(0),+(+(+(x,y),x),y))
  refused (retried on growth): +(x,s(s(s(y)))) = max(+(y,x),s(s(+(s(y),x))))
  refused (retried on growth): +(x,s(s(s(y)))) = max(+(s(s(s(y))),x),+(y,x))
  refused (retried on growth): +(x,max(+(y,y),s(0))) = max(+(y,+(y,x)),s(x))
  refused (retried on growth): +(+(x,0),+(x,0)) = +(+(x,x),*(s(s(0)),0))
  refused (retried on growth): +(+(x,0),+(x,0)) = +(*(s(s(0)),x),+(0,0))
  refused (retried on growth): *(+(x,y),+(z,z)) = *(+(+(+(x,y),x),y),z)
  refused (retried on growth): max(+(x,*(x,x)),s(0)) = gcd(+(x,*(x,x)),le(x,0))
  refused (retried on growth): max(+(x,*(x,y)),s(0)) = gcd(+(x,*(x,y)),le(x,0))
  refused (retried on growth): max(+(x,*(x,x)),s(0)) = gcd(le(x,0),+(x,*(x,x)))
  refused (retried on growth): max(+(x,*(x,y)),s(0)) = gcd(le(x,0),+(x,*(x,y)))
  refused (retried on growth): s(s(max(x,s(0)))) = max(-(x,s(0)),s(s(max(x,s(0)))))
  refused (retried on growth): s(s(max(x,s(0)))) = max(s(s(max(x,s(0)))),-(x,s(0)))
  refused (retried on growth): +(+(x,x),+(+(x,x),y)) = +(y,+(x,+(x,+(x,x))))
  refused (retried on growth): +(+(x,y),+(+(x,y),z)) = +(z,+(+(+(x,y),x),y))
  refused (retried on growth): +(+(x,y),max(z,s(0))) = max(+(+(x,y),z),+(s(x),y))
  refused (retried on growth): *(x,+(+(y,y),+(y,y))) = *(+(x,+(x,+(x,x))),y)
  refused (retried on growth): *(x,+(+(x,x),+(x,x))) = *(+(x,max(x,s(0))),+(x,x))
  refused (retried on growth): 0 = +(*(x,+(0,0)),*(*(+(x,x),0),s(*(+(x,x),0))))
  refused (retried on growth): 0 = +(*(+(x,x),0),*(*(x,+(0,0)),s(*(+(x,x),0))))
  refused (retried on growth): 0 = +(*(+(x,x),0),*(*(+(x,x),0),s(*(x,+(0,0)))))
  refused (retried on growth): +(+(x,x),max(+(x,x),s(0))) = max(+(x,+(x,+(x,x))),s(0))
  refused (retried on growth): +(+(x,y),max(+(x,y),s(0))) = max(+(+(+(x,y),x),y),s(0))
  refused (retried on growth): +(-(x,s(0)),max(y,s(0))) = max(+(-(x,s(0)),y),max(x,s(0)))
  refused (retried on growth): *(x,+(+(y,0),+(y,0))) = +(*(x,+(y,y)),*(+(x,x),0))
  refused (retried on growth): *(x,+(+(y,0),+(y,0))) = +(*(+(x,x),y),*(x,+(0,0)))
rendered 173 lemmas
sphatika: crystal holds 173 lemmas; rendering formal/cubical/Sphatika.agda
exit=0 (residual-edge-live pass)
sphatika: crystal holds 173 lemmas
sphatika: 203 goals enter
  refused (retried on growth): s(0) = gcd(s(0),0)
  refused (retried on growth): s(0) = gcd(0,s(0))
  refused (retried on growth): s(x) = gcd(s(x),0)
  refused (retried on growth): s(x) = gcd(0,s(x))
  refused (retried on growth): c0(x) = -(c0(x),0)
  refused (retried on growth): *(s(le(x,0)),x) = x
  refused (retried on growth): +(x,x) = +(x,+(x,0))
  refused (retried on growth): s(0) = le(x,max(x,s(0)))
  refused (retried on growth): s(s(0)) = gcd(s(s(0)),0)
  refused (retried on growth): s(s(0)) = gcd(0,s(s(0)))
  refused (retried on growth): +(x,+(x,0)) = +(x,x)
  refused (retried on growth): 0 = -(x,s(*(s(y),x)))
  refused (retried on growth): 0 = le(s(*(s(x),y)),y)
  refused (retried on growth): +(x,s(x)) = +(s(x),x)
  refused (retried on growth): le(x,max(x,s(0))) = s(0)
  refused (retried on growth): c0(x) = -(s(c0(x)),s(0))
  refused (retried on growth): 0 = -(+(x,y),+(s(x),y))
  refused (retried on growth): 0 = le(+(s(x),y),+(x,y))
  refused (retried on growth): s(0) = le(x,s(max(x,s(0))))
  refused (retried on growth): +(*(x,y),y) = *(s(x),y)
  refused (retried on growth): max(s(x),s(0)) = gcd(s(x),0)
  refused (retried on growth): max(s(x),s(0)) = gcd(0,s(x))
  refused (retried on growth): *(s(x),y) = +(*(x,y),y)
  refused (retried on growth): *(s(x),le(x,0)) = le(x,0)
  refused (retried on growth): 0 = -(x,+(+(y,x),s(y)))
  refused (retried on growth): 0 = -(x,+(y,s(+(x,z))))
  refused (retried on growth): 0 = le(max(x,max(y,s(0))),0)
  refused (retried on growth): 0 = le(+(x,max(y,s(0))),0)
  refused (retried on growth): 0 = le(max(max(x,s(0)),y),0)
  refused (retried on growth): 0 = le(+(+(x,y),s(x)),y)
== round 1: prove ==
sphatika: another driver holds the crystal; turning back
== round 1: sense ==
== round 1 done: crystal 173 -> 173 ==
== completion fixpoint at round 1 ==
== rounds finished (1) ==
== round 1: prove ==
sphatika: crystal holds 173 lemmas
sphatika: 203 goals enter
  refused (retried on growth): s(0) = gcd(s(0),0)
  refused (retried on growth): s(0) = gcd(0,s(0))
  refused (retried on growth): s(x) = gcd(s(x),0)
  refused (retried on growth): s(x) = gcd(0,s(x))
  refused (retried on growth): c0(x) = -(c0(x),0)
  refused (retried on growth): *(s(le(x,0)),x) = x
  refused (retried on growth): +(x,x) = +(x,+(x,0))
  refused (retried on growth): s(0) = le(x,max(x,s(0)))
  refused (retried on growth): s(s(0)) = gcd(s(s(0)),0)
  refused (retried on growth): s(s(0)) = gcd(0,s(s(0)))
  refused (retried on growth): +(x,+(x,0)) = +(x,x)
  refused (retried on growth): 0 = -(x,s(*(s(y),x)))
  refused (retried on growth): 0 = le(s(*(s(x),y)),y)
  refused (retried on growth): +(x,s(x)) = +(s(x),x)
  refused (retried on growth): le(x,max(x,s(0))) = s(0)
  refused (retried on growth): c0(x) = -(s(c0(x)),s(0))
  refused (retried on growth): 0 = -(+(x,y),+(s(x),y))
  refused (retried on growth): 0 = le(+(s(x),y),+(x,y))
  refused (retried on growth): s(0) = le(x,s(max(x,s(0))))
  refused (retried on growth): +(*(x,y),y) = *(s(x),y)
  refused (retried on growth): max(s(x),s(0)) = gcd(s(x),0)
  refused (retried on growth): max(s(x),s(0)) = gcd(0,s(x))
  refused (retried on growth): *(s(x),y) = +(*(x,y),y)
  refused (retried on growth): *(s(x),le(x,0)) = le(x,0)
  refused (retried on growth): 0 = -(x,+(+(y,x),s(y)))
  refused (retried on growth): 0 = -(x,+(y,s(+(x,z))))
  refused (retried on growth): 0 = le(max(x,max(y,s(0))),0)
  refused (retried on growth): 0 = le(+(x,max(y,s(0))),0)
  refused (retried on growth): 0 = le(max(max(x,s(0)),y),0)
  refused (retried on growth): 0 = le(+(+(x,y),s(x)),y)
  refused (retried on growth): 0 = le(+(x,s(+(y,z))),y)
  refused (retried on growth): s(x) = max(s(x),le(y,s(0)))
  refused (retried on growth): s(0) = le(x,s(*(s(y),x)))
  refused (retried on growth): s(0) = le(le(x,s(0)),s(y))
  refused (retried on growth): le(x,s(max(x,s(0)))) = s(0)
  refused (retried on growth): 0 = -(-(x,s(0)),max(x,s(0)))
  refused (retried on growth): 0 = le(max(x,s(0)),-(x,s(0)))
  refused (retried on growth): +(x,s(x)) = +(x,+(x,s(0)))
  refused (retried on growth): +(x,s(y)) = +(+(s(0),y),x)
  refused (retried on growth): s(0) = -(+(s(x),y),+(x,y))
  refused (retried on growth): s(0) = le(+(x,y),+(s(x),y))
  refused (retried on growth): +(+(x,x),y) = +(x,+(x,y))
  refused (retried on growth): +(+(x,y),z) = +(+(z,x),y)
  refused (retried on growth): +(*(x,0),*(x,y)) = *(x,y)
  refused (retried on growth): 0 = *(x,+(le(x,0),le(x,0)))
  refused (retried on growth): 0 = *(+(x,*(x,x)),le(x,0))
  refused (retried on growth): 0 = *(+(x,*(x,y)),le(x,0))
  refused (retried on growth): 0 = *(-(x,s(0)),le(x,s(0)))
  refused (retried on growth): 0 = *(le(x,s(0)),-(x,s(0)))
  refused (retried on growth): 0 = -(+(x,y),s(+(s(x),y)))
  refused (retried on growth): 0 = le(+(x,s(s(y))),+(y,x))
  refused (retried on growth): s(0) = le(x,s(s(max(x,s(0)))))
  refused (retried on growth): s(s(s(0))) = gcd(s(s(s(0))),0)
  refused (retried on growth): s(s(s(0))) = gcd(0,s(s(s(0))))
  refused (retried on growth): +(x,+(x,s(0))) = +(x,s(x))
  refused (retried on growth): +(x,+(x,y)) = +(+(x,x),y)
  refused (retried on growth): +(x,+(x,y)) = +(y,+(x,x))
  refused (retried on growth): +(x,+(x,y)) = +(+(y,x),x)
  refused (retried on growth): +(+(s(0),x),y) = +(y,s(x))
  refused (retried on growth): +(+(x,y),z) = +(+(y,z),x)
  refused (retried on growth): +(+(x,y),z) = +(x,+(z,y))
  refused (retried on growth): +(+(x,y),y) = +(y,+(y,x))
  refused (retried on growth): +(*(x,y),*(x,0)) = *(x,y)
  refused (retried on growth): 0 = -(le(x,s(0)),max(x,s(0)))
  refused (retried on growth): 0 = le(s(*(s(x),y)),*(x,y))
  refused (retried on growth): s(0) = le(x,+(+(y,x),s(y)))
  refused (retried on growth): s(0) = le(x,+(y,s(+(x,z))))
  refused (retried on growth): s(0) = le(le(x,0),max(y,s(0)))
  refused (retried on growth): le(x,s(s(max(x,s(0))))) = s(0)
  refused (retried on growth): le(s(c0(x)),s(y)) = le(c0(x),y)
  refused (retried on growth): le(s(c0(x)),s(0)) = le(c0(x),0)
  refused (retried on growth): +(x,s(y)) = max(y,+(s(y),x))
  refused (retried on growth): +(x,s(y)) = max(y,+(y,s(x)))
  refused (retried on growth): +(x,s(y)) = max(+(s(y),x),y)
  refused (retried on growth): *(x,y) = +(*(x,0),*(x,y))
  refused (retried on growth): *(x,x) = +(*(x,x),*(x,0))
  refused (retried on growth): s(0) = -(max(x,s(0)),-(x,s(0)))
  refused (retried on growth): 0 = -(-(x,s(0)),s(max(x,s(0))))
  refused (retried on growth): 0 = le(s(max(x,s(0))),-(x,s(0)))
  refused (retried on growth): s(0) = le(+(x,y),s(+(s(x),y)))
  refused (retried on growth): le(x,s(0)) = le(x,s(le(x,s(0))))
  refused (retried on growth): le(x,0) = le(*(s(y),x),*(y,x))
  refused (retried on growth): *(s(s(s(0))),x) = +(x,+(x,x))
  refused (retried on growth): +(x,*(y,x)) = max(*(s(y),x),x)
  refused (retried on growth): 0 = -(+(x,y),s(s(+(s(x),y))))
  refused (retried on growth): 0 = -(le(+(x,y),0),+(s(x),y))
  refused (retried on growth): 0 = -(le(x,0),+(*(x,y),s(x)))
  refused (retried on growth): 0 = le(+(+(x,y),s(x)),+(x,x))
  refused (retried on growth): 0 = le(+(x,s(+(y,z))),+(z,x))
  refused (retried on growth): 0 = le(+(s(s(s(x))),y),+(x,y))
  refused (retried on growth): s(0) = le(x,s(s(s(max(x,s(0))))))
  refused (retried on growth): s(0) = le(le(x,s(0)),max(x,s(0)))
  refused (retried on growth): le(x,s(le(x,s(0)))) = le(x,s(0))
  refused (retried on growth): le(x,s(s(s(max(x,s(0)))))) = s(0)
  refused (retried on growth): +(x,s(y)) = max(+(y,x),+(s(y),x))
  refused (retried on growth): +(x,s(y)) = max(+(s(y),x),+(y,x))
== round 1: prove ==
sphatika: crystal holds 173 lemmas
sphatika: 203 goals enter
  refused (retried on growth): s(0) = gcd(s(0),0)
  refused (retried on growth): s(0) = gcd(0,s(0))
  refused (retried on growth): s(x) = gcd(s(x),0)
  refused (retried on growth): s(x) = gcd(0,s(x))
  refused (retried on growth): c0(x) = -(c0(x),0)
  refused (retried on growth): *(s(le(x,0)),x) = x
  refused (retried on growth): +(x,x) = +(x,+(x,0))
  refused (retried on growth): s(0) = le(x,max(x,s(0)))
  refused (retried on growth): s(s(0)) = gcd(s(s(0)),0)
  refused (retried on growth): s(s(0)) = gcd(0,s(s(0)))
  refused (retried on growth): +(x,+(x,0)) = +(x,x)
  refused (retried on growth): 0 = -(x,s(*(s(y),x)))
  refused (retried on growth): 0 = le(s(*(s(x),y)),y)
  refused (retried on growth): +(x,s(x)) = +(s(x),x)
  refused (retried on growth): le(x,max(x,s(0))) = s(0)
  refused (retried on growth): c0(x) = -(s(c0(x)),s(0))
  refused (retried on growth): 0 = -(+(x,y),+(s(x),y))
  refused (retried on growth): 0 = le(+(s(x),y),+(x,y))
  refused (retried on growth): s(0) = le(x,s(max(x,s(0))))
  refused (retried on growth): +(*(x,y),y) = *(s(x),y)
  refused (retried on growth): max(s(x),s(0)) = gcd(s(x),0)
  refused (retried on growth): max(s(x),s(0)) = gcd(0,s(x))
  refused (retried on growth): *(s(x),y) = +(*(x,y),y)
  refused (retried on growth): *(s(x),le(x,0)) = le(x,0)
  refused (retried on growth): 0 = -(x,+(+(y,x),s(y)))
  refused (retried on growth): 0 = -(x,+(y,s(+(x,z))))
  refused (retried on growth): 0 = le(max(x,max(y,s(0))),0)
  refused (retried on growth): 0 = le(+(x,max(y,s(0))),0)
  refused (retried on growth): 0 = le(max(max(x,s(0)),y),0)
  refused (retried on growth): 0 = le(+(+(x,y),s(x)),y)
  refused (retried on growth): 0 = le(+(x,s(+(y,z))),y)
  refused (retried on growth): s(x) = max(s(x),le(y,s(0)))
  refused (retried on growth): s(0) = le(x,s(*(s(y),x)))
  refused (retried on growth): s(0) = le(le(x,s(0)),s(y))
  refused (retried on growth): le(x,s(max(x,s(0)))) = s(0)
  refused (retried on growth): 0 = -(-(x,s(0)),max(x,s(0)))
  refused (retried on growth): 0 = le(max(x,s(0)),-(x,s(0)))
  refused (retried on growth): +(x,s(x)) = +(x,+(x,s(0)))
  refused (retried on growth): +(x,s(y)) = +(+(s(0),y),x)
  refused (retried on growth): s(0) = -(+(s(x),y),+(x,y))
  refused (retried on growth): s(0) = le(+(x,y),+(s(x),y))
  refused (retried on growth): +(+(x,x),y) = +(x,+(x,y))
  refused (retried on growth): +(+(x,y),z) = +(+(z,x),y)
  refused (retried on growth): +(*(x,0),*(x,y)) = *(x,y)
  refused (retried on growth): 0 = *(x,+(le(x,0),le(x,0)))
  refused (retried on growth): 0 = *(+(x,*(x,x)),le(x,0))
  refused (retried on growth): 0 = *(+(x,*(x,y)),le(x,0))
  refused (retried on growth): 0 = *(-(x,s(0)),le(x,s(0)))
  refused (retried on growth): 0 = *(le(x,s(0)),-(x,s(0)))
  refused (retried on growth): 0 = -(+(x,y),s(+(s(x),y)))
  refused (retried on growth): 0 = le(+(x,s(s(y))),+(y,x))
  refused (retried on growth): s(0) = le(x,s(s(max(x,s(0)))))
  refused (retried on growth): s(s(s(0))) = gcd(s(s(s(0))),0)
  refused (retried on growth): s(s(s(0))) = gcd(0,s(s(s(0))))
  refused (retried on growth): +(x,+(x,s(0))) = +(x,s(x))
  refused (retried on growth): +(x,+(x,y)) = +(+(x,x),y)
  refused (retried on growth): +(x,+(x,y)) = +(y,+(x,x))
  refused (retried on growth): +(x,+(x,y)) = +(+(y,x),x)
  refused (retried on growth): +(+(s(0),x),y) = +(y,s(x))
  refused (retried on growth): +(+(x,y),z) = +(+(y,z),x)
  refused (retried on growth): +(+(x,y),z) = +(x,+(z,y))
  refused (retried on growth): +(+(x,y),y) = +(y,+(y,x))
  refused (retried on growth): +(*(x,y),*(x,0)) = *(x,y)
  refused (retried on growth): 0 = -(le(x,s(0)),max(x,s(0)))
  refused (retried on growth): 0 = le(s(*(s(x),y)),*(x,y))
  refused (retried on growth): s(0) = le(x,+(+(y,x),s(y)))
  refused (retried on growth): s(0) = le(x,+(y,s(+(x,z))))
  refused (retried on growth): s(0) = le(le(x,0),max(y,s(0)))
  refused (retried on growth): le(x,s(s(max(x,s(0))))) = s(0)
  refused (retried on growth): le(s(c0(x)),s(y)) = le(c0(x),y)
  refused (retried on growth): le(s(c0(x)),s(0)) = le(c0(x),0)
  refused (retried on growth): +(x,s(y)) = max(y,+(s(y),x))
  refused (retried on growth): +(x,s(y)) = max(y,+(y,s(x)))
  refused (retried on growth): +(x,s(y)) = max(+(s(y),x),y)
  refused (retried on growth): *(x,y) = +(*(x,0),*(x,y))
  refused (retried on growth): *(x,x) = +(*(x,x),*(x,0))
  refused (retried on growth): s(0) = -(max(x,s(0)),-(x,s(0)))
  refused (retried on growth): 0 = -(-(x,s(0)),s(max(x,s(0))))
  refused (retried on growth): 0 = le(s(max(x,s(0))),-(x,s(0)))
  refused (retried on growth): s(0) = le(+(x,y),s(+(s(x),y)))
  refused (retried on growth): le(x,s(0)) = le(x,s(le(x,s(0))))
  refused (retried on growth): le(x,0) = le(*(s(y),x),*(y,x))
  refused (retried on growth): *(s(s(s(0))),x) = +(x,+(x,x))
  refused (retried on growth): +(x,*(y,x)) = max(*(s(y),x),x)
  refused (retried on growth): 0 = -(+(x,y),s(s(+(s(x),y))))
  refused (retried on growth): 0 = -(le(+(x,y),0),+(s(x),y))
  refused (retried on growth): 0 = -(le(x,0),+(*(x,y),s(x)))
  refused (retried on growth): 0 = le(+(+(x,y),s(x)),+(x,x))
  refused (retried on growth): 0 = le(+(x,s(+(y,z))),+(z,x))
  refused (retried on growth): 0 = le(+(s(s(s(x))),y),+(x,y))
  refused (retried on growth): s(0) = le(x,s(s(s(max(x,s(0))))))
  refused (retried on growth): s(0) = le(le(x,s(0)),max(x,s(0)))
  refused (retried on growth): le(x,s(le(x,s(0)))) = le(x,s(0))
  refused (retried on growth): le(x,s(s(s(max(x,s(0)))))) = s(0)
  refused (retried on growth): +(x,s(y)) = max(+(y,x),+(s(y),x))
  refused (retried on growth): +(x,s(y)) = max(+(s(y),x),+(y,x))
  refused (retried on growth): +(s(x),+(y,y)) = +(+(y,x),s(y))
  refused (retried on growth): +(s(x),+(y,z)) = +(z,s(+(x,y)))
  refused (retried on growth): +(s(*(x,y)),*(x,0)) = s(*(x,y))
  refused (retried on growth): le(x,0) = le(+(y,+(y,x)),+(y,y))
  refused (retried on growth): le(x,0) = le(+(+(x,y),z),+(y,z))
  refused (retried on growth): s(s(0)) = -(+(x,s(s(y))),+(y,x))
  refused (retried on growth): +(x,+(y,y)) = max(+(y,+(y,x)),x)
  refused (retried on growth): 0 = -(-(x,s(0)),s(s(max(x,s(0)))))
  refused (retried on growth): 0 = le(s(s(max(x,s(0)))),-(x,s(0)))
  refused (retried on growth): +(*(x,x),s(x)) = +(s(x),*(x,x))
  refused (retried on growth): +(*(x,y),s(x)) = +(s(x),*(x,y))
  refused (retried on growth): +(x,s(y)) = max(+(s(y),x),le(z,0))
  refused (retried on growth): max(x,s(0)) = max(max(x,s(0)),le(y,0))
  refused (retried on growth): s(0) = le(x,+(s(s(-(x,s(0)))),y))
  refused (retried on growth): s(0) = le(+(x,y),s(s(+(s(x),y))))
  refused (retried on growth): s(0) = le(le(+(x,y),0),+(s(x),y))
  refused (retried on growth): le(x,+(s(s(-(x,s(0)))),y)) = s(0)
  refused (retried on growth): +(*(x,0),s(*(x,y))) = s(*(x,y))
  refused (retried on growth): *(x,+(le(0,0),le(0,0))) = +(x,x)
  refused (retried on growth): +(x,x) = *(x,+(le(0,0),le(0,0)))
  refused (retried on growth): +(x,x) = max(+(x,+(x,0)),+(x,x))
  refused (retried on growth): +(x,y) = max(+(+(0,x),y),+(x,y))
  refused (retried on growth): max(x,s(0)) = max(-(x,s(0)),max(x,s(0)))
  refused (retried on growth): max(x,s(0)) = max(max(x,s(0)),-(x,s(0)))
  refused (retried on growth): -(x,s(0)) = -(-(x,s(0)),le(x,s(0)))
  refused (retried on growth): le(x,s(0)) = -(le(x,s(0)),-(x,s(0)))
  refused (retried on growth): s(s(0)) = -(s(max(x,s(0))),-(x,s(0)))
  refused (retried on growth): le(s(0),-(x,s(0))) = le(le(x,s(0)),0)
  refused (retried on growth): +(max(x,s(0)),x) = gcd(+(x,x),le(x,0))
  refused (retried on growth): max(max(x,s(y)),s(0)) = gcd(max(x,s(y)),0)
  refused (retried on growth): max(max(s(x),y),s(0)) = gcd(max(s(x),y),0)
  refused (retried on growth): +(max(x,s(0)),x) = gcd(le(x,0),+(x,x))
  refused (retried on growth): max(max(x,s(y)),s(0)) = gcd(0,max(x,s(y)))
  refused (retried on growth): max(max(s(x),y),s(0)) = gcd(0,max(s(x),y))
  refused (retried on growth): *(+(x,s(x)),y) = +(y,*(x,+(y,y)))
  refused (retried on growth): max(x,s(0)) = max(le(x,s(0)),max(x,s(0)))
  refused (retried on growth): max(x,s(0)) = max(max(x,s(0)),le(x,s(0)))
  refused (retried on growth): le(x,s(0)) = le(*(s(y),x),s(*(y,x)))
  refused (retried on growth): +(*(x,y),s(y)) = max(y,s(*(s(x),y)))
  refused (retried on growth): +(*(x,y),s(y)) = max(s(*(s(x),y)),y)
  refused (retried on growth): *(x,x) = +(*(x,x),*(max(x,s(0)),0))
  refused (retried on growth): 0 = *(x,+(le(+(x,x),0),le(+(x,x),0)))
  refused (retried on growth): le(+(x,y),0) = le(+(+(+(x,y),x),y),0)
  refused (retried on growth): +(s(s(x)),y) = max(+(x,y),s(+(s(x),y)))
  refused (retried on growth): +(s(s(x)),y) = max(+(y,s(s(x))),+(x,y))
  refused (retried on growth): max(le(x,0),s(0)) = gcd(le(x,0),le(s(0),x))
  refused (retried on growth): max(le(x,0),s(0)) = gcd(le(s(0),x),le(x,0))
  refused (retried on growth): +(+(x,y),+(z,z)) = +(x,+(z,+(z,y)))
  refused (retried on growth): +(+(x,y),+(z,u)) = +(x,+(+(y,z),u))
  refused (retried on growth): +(x,s(y)) = max(le(+(y,x),0),+(s(y),x))
  refused (retried on growth): +(x,s(y)) = max(+(s(y),x),le(+(y,x),0))
  refused (retried on growth): le(x,s(0)) = le(+(x,+(y,z)),+(s(y),z))
  refused (retried on growth): le(x,s(0)) = le(+(y,+(y,x)),s(+(y,y)))
  refused (retried on growth): le(x,s(0)) = le(+(+(x,y),z),s(+(y,z)))
  refused (retried on growth): +(+(x,x),s(y)) = max(y,+(+(x,y),s(x)))
  refused (retried on growth): +(+(x,y),s(z)) = max(z,+(y,s(+(z,x))))
  refused (retried on growth): +(+(x,x),s(y)) = max(+(+(x,y),s(x)),y)
  refused (retried on growth): +(+(x,y),s(z)) = max(+(y,s(+(z,x))),z)
  refused (retried on growth): s(s(s(0))) = -(+(s(s(s(x))),y),+(x,y))
  refused (retried on growth): +(*(x,y),max(*(x,0),s(0))) = s(*(x,y))
  refused (retried on growth): *(x,+(le(+(x,x),0),le(+(x,x),0))) = 0
  refused (retried on growth): s(max(x,s(0))) = max(-(x,s(0)),s(max(x,s(0))))
  refused (retried on growth): s(max(x,s(0))) = max(s(max(x,s(0))),-(x,s(0)))
  refused (retried on growth): max(le(s(0),x),s(0)) = gcd(le(s(0),x),le(x,0))
  refused (retried on growth): max(le(s(0),x),s(0)) = gcd(le(x,0),le(s(0),x))
  refused (retried on growth): +(+(x,*(y,0)),*(*(y,0),s(*(y,0)))) = x
  refused (retried on growth): le(x,s(le(s(0),-(x,s(0))))) = le(x,s(s(0)))
  refused (retried on growth): le(x,s(s(0))) = le(x,s(le(s(0),-(x,s(0)))))
  refused (retried on growth): le(x,s(0)) = le(+(x,-(y,s(0))),max(y,s(0)))
  refused (retried on growth): s(s(s(0))) = -(s(s(max(x,s(0)))),-(x,s(0)))
  refused (retried on growth): +(x,max(*(y,x),s(0))) = max(*(s(y),x),s(x))
  refused (retried on growth): 0 = +(*(*(x,y),0),*(0,s(*(*(x,y),0))))
  refused (retried on growth): 0 = +(*(*(x,y),0),*(*(*(x,y),0),s(0)))
  refused (retried on growth): le(s(0),-(x,s(0))) = le(le(x,s(0)),-(x,s(0)))
  refused (retried on growth): max(-(x,s(0)),s(0)) = gcd(-(x,s(0)),le(x,s(0)))
  refused (retried on growth): max(-(x,s(0)),s(0)) = gcd(le(x,s(0)),-(x,s(0)))
  refused (retried on growth): max(-(x,s(0)),s(0)) = max(-(x,s(0)),le(x,s(0)))
  refused (retried on growth): max(-(x,s(0)),s(0)) = max(le(x,s(0)),-(x,s(0)))
  refused (retried on growth): +(*(x,0),+(*(x,0),y)) = +(y,*(x,+(0,0)))
  refused (retried on growth): +(+(x,*(y,z)),*(y,0)) = +(x,*(y,+(z,0)))
  refused (retried on growth): +(*(x,y),s(x)) = max(le(x,0),+(*(x,y),s(x)))
  refused (retried on growth): le(s(0),+(x,y)) = le(s(0),+(+(+(x,y),x),y))
  refused (retried on growth): +(x,s(s(s(y)))) = max(+(y,x),s(s(+(s(y),x))))
  refused (retried on growth): +(x,s(s(s(y)))) = max(+(s(s(s(y))),x),+(y,x))
  refused (retried on growth): +(x,max(+(y,y),s(0))) = max(+(y,+(y,x)),s(x))
  refused (retried on growth): +(+(x,0),+(x,0)) = +(+(x,x),*(s(s(0)),0))
  refused (retried on growth): +(+(x,0),+(x,0)) = +(*(s(s(0)),x),+(0,0))
  refused (retried on growth): *(+(x,y),+(z,z)) = *(+(+(+(x,y),x),y),z)
  refused (retried on growth): max(+(x,*(x,x)),s(0)) = gcd(+(x,*(x,x)),le(x,0))
  refused (retried on growth): max(+(x,*(x,y)),s(0)) = gcd(+(x,*(x,y)),le(x,0))
  refused (retried on growth): max(+(x,*(x,x)),s(0)) = gcd(le(x,0),+(x,*(x,x)))
  refused (retried on growth): max(+(x,*(x,y)),s(0)) = gcd(le(x,0),+(x,*(x,y)))
  refused (retried on growth): s(s(max(x,s(0)))) = max(-(x,s(0)),s(s(max(x,s(0)))))
  refused (retried on growth): s(s(max(x,s(0)))) = max(s(s(max(x,s(0)))),-(x,s(0)))
  refused (retried on growth): +(+(x,x),+(+(x,x),y)) = +(y,+(x,+(x,+(x,x))))
  refused (retried on growth): +(+(x,y),+(+(x,y),z)) = +(z,+(+(+(x,y),x),y))
  refused (retried on growth): +(+(x,y),max(z,s(0))) = max(+(+(x,y),z),+(s(x),y))
  refused (retried on growth): *(x,+(+(y,y),+(y,y))) = *(+(x,+(x,+(x,x))),y)
  refused (retried on growth): *(x,+(+(x,x),+(x,x))) = *(+(x,max(x,s(0))),+(x,x))
  refused (retried on growth): 0 = +(*(x,+(0,0)),*(*(+(x,x),0),s(*(+(x,x),0))))
  refused (retried on growth): 0 = +(*(+(x,x),0),*(*(x,+(0,0)),s(*(+(x,x),0))))
  refused (retried on growth): 0 = +(*(+(x,x),0),*(*(+(x,x),0),s(*(x,+(0,0)))))
  refused (retried on growth): +(+(x,x),max(+(x,x),s(0))) = max(+(x,+(x,+(x,x))),s(0))
  refused (retried on growth): +(+(x,y),max(+(x,y),s(0))) = max(+(+(+(x,y),x),y),s(0))
  refused (retried on growth): +(-(x,s(0)),max(y,s(0))) = max(+(-(x,s(0)),y),max(x,s(0)))
  refused (retried on growth): *(x,+(+(y,0),+(y,0))) = +(*(x,+(y,y)),*(+(x,x),0))
  refused (retried on growth): *(x,+(+(y,0),+(y,0))) = +(*(+(x,x),y),*(x,+(0,0)))
rendered 173 lemmas
sphatika8: machine/library.terms: hGetContents: invalid argument (cannot decode byte sequence starting from 226)
== round 1: sense ==
== round 1 done: crystal 173 -> 173 ==
== completion fixpoint at round 1 ==
== rounds finished (1) ==
== round 1: prove ==
sphatika: crystal holds 173 lemmas
sphatika: 203 goals enter
  sp174  landed  s(0) = gcd(s(0),0)  [refl]
  sp175  landed  s(0) = gcd(0,s(0))  [refl]
  sp176  landed  s(x) = gcd(s(x),0)  [refl]
  sp177  landed  s(x) = gcd(0,s(x))  [refl]
  refused (retried on growth): c0(x) = -(c0(x),0)
  sp178  stalls; residual enters: +(x,*(le(x,0),x)) = x
  refused (retried on growth): +(x,*(le(x,0),x)) = x
  sp178  stalls; residual enters: x = +(x,0)
  sp178  landed  x = +(x,0)  [ind 0 refl congsuc]
  refused (retried on growth): s(0) = le(x,max(x,s(0)))
  sp179  landed  s(s(0)) = gcd(s(s(0)),0)  [refl]
  sp180  landed  s(s(0)) = gcd(0,s(s(0)))  [refl]
  sp181  stalls; residual enters: +(x,0) = x
  sp181  stalls; residual enters: 0 = -(x,s(+(x,*(y,x))))
  refused (retried on growth): 0 = -(x,s(+(x,*(y,x))))
  sp181  stalls; residual enters: 0 = le(s(+(x,*(y,x))),x)
  refused (retried on growth): 0 = le(s(+(x,*(y,x))),x)
  sp181  stalls; residual enters: +(x,s(x)) = s(+(x,x))
  refused (retried on growth): +(x,s(x)) = s(+(x,x))
  refused (retried on growth): le(x,max(x,s(0))) = s(0)
  refused (retried on growth): c0(x) = -(s(c0(x)),s(0))
  sp181  stalls; residual enters: 0 = -(+(x,y),s(+(x,y)))
  refused (retried on growth): 0 = -(+(x,y),s(+(x,y)))
  sp181  stalls; residual enters: 0 = le(s(+(x,y)),+(x,y))
  refused (retried on growth): 0 = le(s(+(x,y)),+(x,y))
  refused (retried on growth): s(0) = le(x,s(max(x,s(0))))
  refused (retried on growth): +(*(x,y),y) = *(s(x),y)
  sp181  landed  max(s(x),s(0)) = gcd(s(x),0)  [refl]
  sp182  landed  max(s(x),s(0)) = gcd(0,s(x))  [refl]
  refused (retried on growth): *(s(x),y) = +(*(x,y),y)
  sp183  stalls; residual enters: +(le(x,0),*(x,le(x,0))) = le(x,0)
  refused (retried on growth): +(le(x,0),*(x,le(x,0))) = le(x,0)
  refused (retried on growth): 0 = -(x,+(+(y,x),s(y)))
  refused (retried on growth): 0 = -(x,+(y,s(+(x,z))))
  refused (retried on growth): 0 = le(max(x,max(y,s(0))),0)
  refused (retried on growth): 0 = le(+(x,max(y,s(0))),0)
  refused (retried on growth): 0 = le(max(max(x,s(0)),y),0)
  refused (retried on growth): 0 = le(+(+(x,y),s(x)),y)
  refused (retried on growth): 0 = le(+(x,s(+(y,z))),y)
  refused (retried on growth): s(x) = max(s(x),le(y,s(0)))
  refused (retried on growth): s(0) = le(x,s(*(s(y),x)))
  refused (retried on growth): s(0) = le(le(x,s(0)),s(y))
  refused (retried on growth): le(x,s(max(x,s(0)))) = s(0)
  refused (retried on growth): 0 = -(-(x,s(0)),max(x,s(0)))
  refused (retried on growth): 0 = le(max(x,s(0)),-(x,s(0)))
  sp183  stalls; residual enters: s(x) = +(x,s(0))
  sp183  landed  s(x) = +(x,s(0))  [ind 0 refl congsuc]
  sp184  stalls; residual enters: +(x,s(y)) = s(+(y,x))
  refused (retried on growth): +(x,s(y)) = s(+(y,x))
  sp184  stalls; residual enters: s(0) = -(s(+(x,y)),+(x,y))
  refused (retried on growth): s(0) = -(s(+(x,y)),+(x,y))
  refused (retried on growth): s(0) = le(+(x,y),+(s(x),y))
  refused (retried on growth): +(+(x,x),y) = +(x,+(x,y))
  refused (retried on growth): +(+(x,y),z) = +(+(z,x),y)
  refused (retried on growth): +(*(x,0),*(x,y)) = *(x,y)
  refused (retried on growth): 0 = *(x,+(le(x,0),le(x,0)))
  refused (retried on growth): 0 = *(+(x,*(x,x)),le(x,0))
  refused (retried on growth): 0 = *(+(x,*(x,y)),le(x,0))
  refused (retried on growth): 0 = *(-(x,s(0)),le(x,s(0)))
  refused (retried on growth): 0 = *(le(x,s(0)),-(x,s(0)))
  sp184  stalls; residual enters: 0 = -(+(x,y),s(s(+(x,y))))
  refused (retried on growth): 0 = -(+(x,y),s(s(+(x,y))))
  refused (retried on growth): 0 = le(+(x,s(s(y))),+(y,x))
  refused (retried on growth): s(0) = le(x,s(s(max(x,s(0)))))
  sp184  landed  s(s(s(0))) = gcd(s(s(s(0))),0)  [refl]
  sp185  landed  s(s(s(0))) = gcd(0,s(s(s(0))))  [refl]
  sp186  stalls; residual enters: +(x,s(0)) = s(x)
  refused (retried on growth): +(x,+(x,y)) = +(+(x,x),y)
  refused (retried on growth): +(x,+(x,y)) = +(y,+(x,x))
  refused (retried on growth): +(x,+(x,y)) = +(+(y,x),x)
  sp186  stalls; residual enters: s(+(x,y)) = +(y,s(x))
  refused (retried on growth): s(+(x,y)) = +(y,s(x))
  refused (retried on growth): +(+(x,y),z) = +(+(y,z),x)
  refused (retried on growth): +(+(x,y),z) = +(x,+(z,y))
  refused (retried on growth): +(+(x,y),y) = +(y,+(y,x))
  refused (retried on growth): +(*(x,y),*(x,0)) = *(x,y)
  refused (retried on growth): 0 = -(le(x,s(0)),max(x,s(0)))
  sp186  stalls; residual enters: 0 = le(s(+(x,*(y,x))),*(y,x))
  refused (retried on growth): 0 = le(s(+(x,*(y,x))),*(y,x))
  refused (retried on growth): s(0) = le(x,+(+(y,x),s(y)))
  refused (retried on growth): s(0) = le(x,+(y,s(+(x,z))))
  refused (retried on growth): s(0) = le(le(x,0),max(y,s(0)))
  refused (retried on growth): le(x,s(s(max(x,s(0))))) = s(0)
  refused (retried on growth): le(s(c0(x)),s(y)) = le(c0(x),y)
  refused (retried on growth): le(s(c0(x)),s(0)) = le(c0(x),0)
  sp186  stalls; residual enters: +(x,s(y)) = max(y,s(+(y,x)))
  refused (retried on growth): +(x,s(y)) = max(y,s(+(y,x)))
  refused (retried on growth): +(x,s(y)) = max(y,+(y,s(x)))
  refused (retried on growth): +(x,s(y)) = max(+(s(y),x),y)
  refused (retried on growth): *(x,y) = +(*(x,0),*(x,y))
  refused (retried on growth): *(x,x) = +(*(x,x),*(x,0))
  refused (retried on growth): s(0) = -(max(x,s(0)),-(x,s(0)))
  refused (retried on growth): 0 = -(-(x,s(0)),s(max(x,s(0))))
  refused (retried on growth): 0 = le(s(max(x,s(0))),-(x,s(0)))
  refused (retried on growth): s(0) = le(+(x,y),s(+(s(x),y)))
  refused (retried on growth): le(x,s(0)) = le(x,s(le(x,s(0))))
  refused (retried on growth): le(x,0) = le(*(s(y),x),*(y,x))
  sp186  stalls; residual enters: +(x,*(0,x)) = x
  sp186  landed  +(x,*(0,x)) = x  [ind 0 refl congsuc]
  refused (retried on growth): +(x,*(y,x)) = max(*(s(y),x),x)
  sp187  stalls; residual enters: 0 = -(+(x,y),s(s(s(+(x,y)))))
  refused (retried on growth): 0 = -(+(x,y),s(s(s(+(x,y)))))
  sp187  stalls; residual enters: 0 = -(le(+(x,y),0),s(+(x,y)))
  refused (retried on growth): 0 = -(le(+(x,y),0),s(+(x,y)))
  refused (retried on growth): 0 = -(le(x,0),+(*(x,y),s(x)))
  refused (retried on growth): 0 = le(+(+(x,y),s(x)),+(x,x))
  refused (retried on growth): 0 = le(+(x,s(+(y,z))),+(z,x))
  sp187  stalls; residual enters: 0 = le(s(s(s(+(x,y)))),+(x,y))
  refused (retried on growth): 0 = le(s(s(s(+(x,y)))),+(x,y))
  refused (retried on growth): s(0) = le(x,s(s(s(max(x,s(0))))))
  refused (retried on growth): s(0) = le(le(x,s(0)),max(x,s(0)))
  refused (retried on growth): le(x,s(le(x,s(0)))) = le(x,s(0))
  refused (retried on growth): le(x,s(s(s(max(x,s(0)))))) = s(0)
  sp187  stalls; residual enters: +(x,s(y)) = max(+(y,x),s(+(y,x)))
  refused (retried on growth): +(x,s(y)) = max(+(y,x),s(+(y,x)))
  refused (retried on growth): +(x,s(y)) = max(+(s(y),x),+(y,x))
  sp187  stalls; residual enters: s(+(x,+(y,y))) = +(+(y,x),s(y))
  refused (retried on growth): s(+(x,+(y,y))) = +(+(y,x),s(y))
  sp187  stalls; residual enters: s(+(x,+(y,z))) = +(z,s(+(x,y)))
  refused (retried on growth): s(+(x,+(y,z))) = +(z,s(+(x,y)))
  sp187  stalls; residual enters: +(*(x,y),*(x,0)) = *(x,y)
  refused (retried on growth): +(*(x,y),*(x,0)) = *(x,y)
  refused (retried on growth): le(x,0) = le(+(y,+(y,x)),+(y,y))
  refused (retried on growth): le(x,0) = le(+(+(x,y),z),+(y,z))
  refused (retried on growth): s(s(0)) = -(+(x,s(s(y))),+(y,x))
  refused (retried on growth): +(x,+(y,y)) = max(+(y,+(y,x)),x)
  refused (retried on growth): 0 = -(-(x,s(0)),s(s(max(x,s(0)))))
  refused (retried on growth): 0 = le(s(s(max(x,s(0)))),-(x,s(0)))
  sp187  stalls; residual enters: +(*(x,x),s(x)) = s(+(x,*(x,x)))
  refused (retried on growth): +(*(x,x),s(x)) = s(+(x,*(x,x)))
  sp187  stalls; residual enters: +(*(x,y),s(x)) = s(+(x,*(x,y)))
  refused (retried on growth): +(*(x,y),s(x)) = s(+(x,*(x,y)))
  refused (retried on growth): +(x,s(y)) = max(+(s(y),x),le(z,0))
  refused (retried on growth): max(x,s(0)) = max(max(x,s(0)),le(y,0))
  refused (retried on growth): s(0) = le(x,+(s(s(-(x,s(0)))),y))
  refused (retried on growth): s(0) = le(+(x,y),s(s(+(s(x),y))))
  refused (retried on growth): s(0) = le(le(+(x,y),0),+(s(x),y))
  refused (retried on growth): le(x,+(s(s(-(x,s(0)))),y)) = s(0)
  refused (retried on growth): +(*(x,0),s(*(x,y))) = s(*(x,y))
  refused (retried on growth): *(x,+(le(0,0),le(0,0))) = +(x,x)
  refused (retried on growth): +(x,x) = *(x,+(le(0,0),le(0,0)))
  refused (retried on growth): +(x,x) = max(+(x,+(x,0)),+(x,x))
  refused (retried on growth): +(x,y) = max(+(+(0,x),y),+(x,y))
  refused (retried on growth): max(x,s(0)) = max(-(x,s(0)),max(x,s(0)))
  refused (retried on growth): max(x,s(0)) = max(max(x,s(0)),-(x,s(0)))
  refused (retried on growth): -(x,s(0)) = -(-(x,s(0)),le(x,s(0)))
  refused (retried on growth): le(x,s(0)) = -(le(x,s(0)),-(x,s(0)))
  refused (retried on growth): s(s(0)) = -(s(max(x,s(0))),-(x,s(0)))
  refused (retried on growth): le(s(0),-(x,s(0))) = le(le(x,s(0)),0)
  sp187  landed  +(max(x,s(0)),x) = gcd(+(x,x),le(x,0))  [ind 0 refl refl]
  sp188  landed  max(max(x,s(y)),s(0)) = gcd(max(x,s(y)),0)  [ind 0 refl refl]
  sp189  landed  max(max(s(x),y),s(0)) = gcd(max(s(x),y),0)  [ind 1 refl refl]
  sp190  landed  +(max(x,s(0)),x) = gcd(le(x,0),+(x,x))  [ind 0 refl refl]
  sp191  landed  max(max(x,s(y)),s(0)) = gcd(0,max(x,s(y)))  [ind 0 refl refl]
  sp192  landed  max(max(s(x),y),s(0)) = gcd(0,max(s(x),y))  [ind 1 refl refl]
  refused (retried on growth): *(+(x,s(x)),y) = +(y,*(x,+(y,y)))
  refused (retried on growth): max(x,s(0)) = max(le(x,s(0)),max(x,s(0)))
  refused (retried on growth): max(x,s(0)) = max(max(x,s(0)),le(x,s(0)))
  refused (retried on growth): le(x,s(0)) = le(*(s(y),x),s(*(y,x)))
  sp193  stalls; residual enters: +(*(x,y),s(y)) = max(y,s(+(y,*(x,y))))
  refused (retried on growth): +(*(x,y),s(y)) = max(y,s(+(y,*(x,y))))
  refused (retried on growth): +(*(x,y),s(y)) = max(s(*(s(x),y)),y)
  refused (retried on growth): *(x,x) = +(*(x,x),*(max(x,s(0)),0))
  refused (retried on growth): 0 = *(x,+(le(+(x,x),0),le(+(x,x),0)))
  refused (retried on growth): le(+(x,y),0) = le(+(+(+(x,y),x),y),0)
  sp193  stalls; residual enters: s(s(+(x,y))) = max(+(x,y),s(s(+(x,y))))
  refused (retried on growth): s(s(+(x,y))) = max(+(x,y),s(s(+(x,y))))
  sp193  stalls; residual enters: s(s(+(x,y))) = max(+(y,s(s(x))),+(x,y))
  refused (retried on growth): s(s(+(x,y))) = max(+(y,s(s(x))),+(x,y))
  sp193  landed  max(le(x,0),s(0)) = gcd(le(x,0),le(s(0),x))  [ind 0 refl refl]
  sp194  landed  max(le(x,0),s(0)) = gcd(le(s(0),x),le(x,0))  [ind 0 refl refl]
  refused (retried on growth): +(+(x,y),+(z,z)) = +(x,+(z,+(z,y)))
  refused (retried on growth): +(+(x,y),+(z,u)) = +(x,+(+(y,z),u))
  sp195  stalls; residual enters: +(x,s(y)) = max(le(+(y,x),0),s(+(y,x)))
  refused (retried on growth): +(x,s(y)) = max(le(+(y,x),0),s(+(y,x)))
  refused (retried on growth): +(x,s(y)) = max(+(s(y),x),le(+(y,x),0))
  refused (retried on growth): le(x,s(0)) = le(+(x,+(y,z)),+(s(y),z))
  refused (retried on growth): le(x,s(0)) = le(+(y,+(y,x)),s(+(y,y)))
  refused (retried on growth): le(x,s(0)) = le(+(+(x,y),z),s(+(y,z)))
  refused (retried on growth): +(+(x,x),s(y)) = max(y,+(+(x,y),s(x)))
  refused (retried on growth): +(+(x,y),s(z)) = max(z,+(y,s(+(z,x))))
  refused (retried on growth): +(+(x,x),s(y)) = max(+(+(x,y),s(x)),y)
  refused (retried on growth): +(+(x,y),s(z)) = max(+(y,s(+(z,x))),z)
  sp195  stalls; residual enters: s(s(s(0))) = -(s(s(s(+(x,y)))),+(x,y))
  refused (retried on growth): s(s(s(0))) = -(s(s(s(+(x,y)))),+(x,y))
  refused (retried on growth): +(*(x,y),max(*(x,0),s(0))) = s(*(x,y))
  refused (retried on growth): *(x,+(le(+(x,x),0),le(+(x,x),0))) = 0
  refused (retried on growth): s(max(x,s(0))) = max(-(x,s(0)),s(max(x,s(0))))
  refused (retried on growth): s(max(x,s(0))) = max(s(max(x,s(0))),-(x,s(0)))
  sp195  landed  max(le(s(0),x),s(0)) = gcd(le(s(0),x),le(x,0))  [ind 0 refl refl]
  sp196  landed  max(le(s(0),x),s(0)) = gcd(le(x,0),le(s(0),x))  [ind 0 refl refl]
  refused (retried on growth): +(+(x,*(y,0)),*(*(y,0),s(*(y,0)))) = x
  refused (retried on growth): le(x,s(le(s(0),-(x,s(0))))) = le(x,s(s(0)))
  refused (retried on growth): le(x,s(s(0))) = le(x,s(le(s(0),-(x,s(0)))))
  refused (retried on growth): le(x,s(0)) = le(+(x,-(y,s(0))),max(y,s(0)))
  refused (retried on growth): s(s(s(0))) = -(s(s(max(x,s(0)))),-(x,s(0)))
  sp197  stalls; residual enters: +(x,max(*(y,x),s(0))) = max(+(x,*(y,x)),s(x))
  refused (retried on growth): +(x,max(*(y,x),s(0))) = max(+(x,*(y,x)),s(x))
  refused (retried on growth): 0 = +(*(*(x,y),0),*(0,s(*(*(x,y),0))))
  refused (retried on growth): 0 = +(*(*(x,y),0),*(*(*(x,y),0),s(0)))
  refused (retried on growth): le(s(0),-(x,s(0))) = le(le(x,s(0)),-(x,s(0)))
  refused (retried on growth): max(-(x,s(0)),s(0)) = gcd(-(x,s(0)),le(x,s(0)))
  refused (retried on growth): max(-(x,s(0)),s(0)) = gcd(le(x,s(0)),-(x,s(0)))
  refused (retried on growth): max(-(x,s(0)),s(0)) = max(-(x,s(0)),le(x,s(0)))
  refused (retried on growth): max(-(x,s(0)),s(0)) = max(le(x,s(0)),-(x,s(0)))
  refused (retried on growth): +(*(x,0),+(*(x,0),y)) = +(y,*(x,+(0,0)))
  refused (retried on growth): +(+(x,*(y,z)),*(y,0)) = +(x,*(y,+(z,0)))
  refused (retried on growth): +(*(x,y),s(x)) = max(le(x,0),+(*(x,y),s(x)))
  refused (retried on growth): le(s(0),+(x,y)) = le(s(0),+(+(+(x,y),x),y))
  refused (retried on growth): +(x,s(s(s(y)))) = max(+(y,x),s(s(+(s(y),x))))
  refused (retried on growth): +(x,s(s(s(y)))) = max(+(s(s(s(y))),x),+(y,x))
  refused (retried on growth): +(x,max(+(y,y),s(0))) = max(+(y,+(y,x)),s(x))
  refused (retried on growth): +(+(x,0),+(x,0)) = +(+(x,x),*(s(s(0)),0))
  refused (retried on growth): +(+(x,0),+(x,0)) = +(*(s(s(0)),x),+(0,0))
  refused (retried on growth): *(+(x,y),+(z,z)) = *(+(+(+(x,y),x),y),z)
  sp197  landed  max(+(x,*(x,x)),s(0)) = gcd(+(x,*(x,x)),le(x,0))  [ind 0 refl refl]
  sp198  landed  max(+(x,*(x,y)),s(0)) = gcd(+(x,*(x,y)),le(x,0))  [ind 0 refl refl]
  sp199  landed  max(+(x,*(x,x)),s(0)) = gcd(le(x,0),+(x,*(x,x)))  [ind 0 refl refl]
  sp200  landed  max(+(x,*(x,y)),s(0)) = gcd(le(x,0),+(x,*(x,y)))  [ind 0 refl refl]
  refused (retried on growth): s(s(max(x,s(0)))) = max(-(x,s(0)),s(s(max(x,s(0)))))
  refused (retried on growth): s(s(max(x,s(0)))) = max(s(s(max(x,s(0)))),-(x,s(0)))
  refused (retried on growth): +(+(x,x),+(+(x,x),y)) = +(y,+(x,+(x,+(x,x))))
  refused (retried on growth): +(+(x,y),+(+(x,y),z)) = +(z,+(+(+(x,y),x),y))
  sp201  stalls; residual enters: +(+(x,y),max(z,s(0))) = max(+(+(x,y),z),s(+(x,y)))
  refused (retried on growth): +(+(x,y),max(z,s(0))) = max(+(+(x,y),z),s(+(x,y)))
  refused (retried on growth): *(x,+(+(y,y),+(y,y))) = *(+(x,+(x,+(x,x))),y)
  refused (retried on growth): *(x,+(+(x,x),+(x,x))) = *(+(x,max(x,s(0))),+(x,x))
  refused (retried on growth): 0 = +(*(x,+(0,0)),*(*(+(x,x),0),s(*(+(x,x),0))))
  refused (retried on growth): 0 = +(*(+(x,x),0),*(*(x,+(0,0)),s(*(+(x,x),0))))
  refused (retried on growth): 0 = +(*(+(x,x),0),*(*(+(x,x),0),s(*(x,+(0,0)))))
  refused (retried on growth): +(+(x,x),max(+(x,x),s(0))) = max(+(x,+(x,+(x,x))),s(0))
  refused (retried on growth): +(+(x,y),max(+(x,y),s(0))) = max(+(+(+(x,y),x),y),s(0))
  refused (retried on growth): +(-(x,s(0)),max(y,s(0))) = max(+(-(x,s(0)),y),max(x,s(0)))
  refused (retried on growth): *(x,+(+(y,0),+(y,0))) = +(*(x,+(y,y)),*(+(x,x),0))
  refused (retried on growth): *(x,+(+(y,0),+(y,0))) = +(*(+(x,x),y),*(x,+(0,0)))
  refused (retried on growth): c0(x) = -(c0(x),0)
  sp201  stalls; residual enters: +(x,*(le(x,0),x)) = x
  refused (retried on growth): +(x,*(le(x,0),x)) = x
  refused (retried on growth): +(x,*(le(x,0),x)) = x
  refused (retried on growth): +(x,x) = +(x,+(x,0))
  refused (retried on growth): s(0) = le(x,max(x,s(0)))
  sp201  stalls; residual enters: +(x,0) = x
  sp201  stalls; residual enters: 0 = -(x,s(+(x,*(y,x))))
  refused (retried on growth): 0 = -(x,s(+(x,*(y,x))))
  refused (retried on growth): 0 = -(x,s(+(x,*(y,x))))
  sp201  stalls; residual enters: 0 = le(s(+(x,*(y,x))),x)
  refused (retried on growth): 0 = le(s(+(x,*(y,x))),x)
  refused (retried on growth): 0 = le(s(+(x,*(y,x))),x)
  sp201  stalls; residual enters: +(x,s(x)) = s(+(x,x))
  refused (retried on growth): +(x,s(x)) = s(+(x,x))
  refused (retried on growth): +(x,s(x)) = s(+(x,x))
  refused (retried on growth): le(x,max(x,s(0))) = s(0)
  refused (retried on growth): c0(x) = -(s(c0(x)),s(0))
  sp201  stalls; residual enters: 0 = -(+(x,y),s(+(x,y)))
  refused (retried on growth): 0 = -(+(x,y),s(+(x,y)))
  refused (retried on growth): 0 = -(+(x,y),s(+(x,y)))
  sp201  stalls; residual enters: 0 = le(s(+(x,y)),+(x,y))
  refused (retried on growth): 0 = le(s(+(x,y)),+(x,y))
  refused (retried on growth): 0 = le(s(+(x,y)),+(x,y))
  refused (retried on growth): s(0) = le(x,s(max(x,s(0))))
  refused (retried on growth): +(*(x,y),y) = *(s(x),y)
  refused (retried on growth): *(s(x),y) = +(*(x,y),y)
  sp201  stalls; residual enters: +(le(x,0),*(x,le(x,0))) = le(x,0)
  refused (retried on growth): +(le(x,0),*(x,le(x,0))) = le(x,0)
  refused (retried on growth): +(le(x,0),*(x,le(x,0))) = le(x,0)
  refused (retried on growth): 0 = -(x,+(+(y,x),s(y)))
  refused (retried on growth): 0 = -(x,+(y,s(+(x,z))))
  refused (retried on growth): 0 = le(max(x,max(y,s(0))),0)
  refused (retried on growth): 0 = le(+(x,max(y,s(0))),0)
  refused (retried on growth): 0 = le(max(max(x,s(0)),y),0)
  refused (retried on growth): 0 = le(+(+(x,y),s(x)),y)
  refused (retried on growth): 0 = le(+(x,s(+(y,z))),y)
  refused (retried on growth): s(x) = max(s(x),le(y,s(0)))
  refused (retried on growth): s(0) = le(x,s(*(s(y),x)))
  refused (retried on growth): s(0) = le(le(x,s(0)),s(y))
  refused (retried on growth): le(x,s(max(x,s(0)))) = s(0)
  refused (retried on growth): 0 = -(-(x,s(0)),max(x,s(0)))
  refused (retried on growth): 0 = le(max(x,s(0)),-(x,s(0)))
  refused (retried on growth): +(x,s(x)) = +(x,+(x,s(0)))
  sp201  stalls; residual enters: +(x,s(y)) = s(+(y,x))
  refused (retried on growth): +(x,s(y)) = s(+(y,x))
  refused (retried on growth): +(x,s(y)) = s(+(y,x))
  sp201  stalls; residual enters: s(0) = -(s(+(x,y)),+(x,y))
  refused (retried on growth): s(0) = -(s(+(x,y)),+(x,y))
  refused (retried on growth): s(0) = -(s(+(x,y)),+(x,y))
  refused (retried on growth): s(0) = le(+(x,y),+(s(x),y))
  refused (retried on growth): +(+(x,x),y) = +(x,+(x,y))
  refused (retried on growth): +(+(x,y),z) = +(+(z,x),y)
  refused (retried on growth): +(*(x,0),*(x,y)) = *(x,y)
  refused (retried on growth): 0 = *(x,+(le(x,0),le(x,0)))
  refused (retried on growth): 0 = *(+(x,*(x,x)),le(x,0))
  refused (retried on growth): 0 = *(+(x,*(x,y)),le(x,0))
  refused (retried on growth): 0 = *(-(x,s(0)),le(x,s(0)))
  refused (retried on growth): 0 = *(le(x,s(0)),-(x,s(0)))
  sp201  stalls; residual enters: 0 = -(+(x,y),s(s(+(x,y))))
  refused (retried on growth): 0 = -(+(x,y),s(s(+(x,y))))
  refused (retried on growth): 0 = -(+(x,y),s(s(+(x,y))))
  refused (retried on growth): 0 = le(+(x,s(s(y))),+(y,x))
  refused (retried on growth): s(0) = le(x,s(s(max(x,s(0)))))
  sp201  stalls; residual enters: +(x,s(0)) = s(x)
  refused (retried on growth): +(x,+(x,y)) = +(+(x,x),y)
  refused (retried on growth): +(x,+(x,y)) = +(y,+(x,x))
  refused (retried on growth): +(x,+(x,y)) = +(+(y,x),x)
  sp201  stalls; residual enters: s(+(x,y)) = +(y,s(x))
  refused (retried on growth): s(+(x,y)) = +(y,s(x))
  refused (retried on growth): s(+(x,y)) = +(y,s(x))
  refused (retried on growth): +(+(x,y),z) = +(+(y,z),x)
  refused (retried on growth): +(+(x,y),z) = +(x,+(z,y))
  refused (retried on growth): +(+(x,y),y) = +(y,+(y,x))
  refused (retried on growth): +(*(x,y),*(x,0)) = *(x,y)
  refused (retried on growth): 0 = -(le(x,s(0)),max(x,s(0)))
  sp201  stalls; residual enters: 0 = le(s(+(x,*(y,x))),*(y,x))
  refused (retried on growth): 0 = le(s(+(x,*(y,x))),*(y,x))
  refused (retried on growth): 0 = le(s(+(x,*(y,x))),*(y,x))
  refused (retried on growth): s(0) = le(x,+(+(y,x),s(y)))
  refused (retried on growth): s(0) = le(x,+(y,s(+(x,z))))
  refused (retried on growth): s(0) = le(le(x,0),max(y,s(0)))
  refused (retried on growth): le(x,s(s(max(x,s(0))))) = s(0)
  refused (retried on growth): le(s(c0(x)),s(y)) = le(c0(x),y)
  refused (retried on growth): le(s(c0(x)),s(0)) = le(c0(x),0)
  sp201  stalls; residual enters: +(x,s(y)) = max(y,s(+(y,x)))
  refused (retried on growth): +(x,s(y)) = max(y,s(+(y,x)))
  refused (retried on growth): +(x,s(y)) = max(y,s(+(y,x)))
  refused (retried on growth): +(x,s(y)) = max(y,+(y,s(x)))
  refused (retried on growth): +(x,s(y)) = max(+(s(y),x),y)
  refused (retried on growth): *(x,y) = +(*(x,0),*(x,y))
  refused (retried on growth): *(x,x) = +(*(x,x),*(x,0))
  refused (retried on growth): s(0) = -(max(x,s(0)),-(x,s(0)))
  refused (retried on growth): 0 = -(-(x,s(0)),s(max(x,s(0))))
  refused (retried on growth): 0 = le(s(max(x,s(0))),-(x,s(0)))
  refused (retried on growth): s(0) = le(+(x,y),s(+(s(x),y)))
  refused (retried on growth): le(x,s(0)) = le(x,s(le(x,s(0))))
  refused (retried on growth): le(x,0) = le(*(s(y),x),*(y,x))
  refused (retried on growth): *(s(s(s(0))),x) = +(x,+(x,x))
  refused (retried on growth): +(x,*(y,x)) = max(*(s(y),x),x)
  sp201  stalls; residual enters: 0 = -(+(x,y),s(s(s(+(x,y)))))
  refused (retried on growth): 0 = -(+(x,y),s(s(s(+(x,y)))))
  refused (retried on growth): 0 = -(+(x,y),s(s(s(+(x,y)))))
  sp201  stalls; residual enters: 0 = -(le(+(x,y),0),s(+(x,y)))
  refused (retried on growth): 0 = -(le(+(x,y),0),s(+(x,y)))
  refused (retried on growth): 0 = -(le(+(x,y),0),s(+(x,y)))
  refused (retried on growth): 0 = -(le(x,0),+(*(x,y),s(x)))
  refused (retried on growth): 0 = le(+(+(x,y),s(x)),+(x,x))
  refused (retried on growth): 0 = le(+(x,s(+(y,z))),+(z,x))
  sp201  stalls; residual enters: 0 = le(s(s(s(+(x,y)))),+(x,y))
  refused (retried on growth): 0 = le(s(s(s(+(x,y)))),+(x,y))
  refused (retried on growth): 0 = le(s(s(s(+(x,y)))),+(x,y))
  refused (retried on growth): s(0) = le(x,s(s(s(max(x,s(0))))))
  refused (retried on growth): s(0) = le(le(x,s(0)),max(x,s(0)))
  refused (retried on growth): le(x,s(le(x,s(0)))) = le(x,s(0))
  refused (retried on growth): le(x,s(s(s(max(x,s(0)))))) = s(0)
  sp201  stalls; residual enters: +(x,s(y)) = max(+(y,x),s(+(y,x)))
  refused (retried on growth): +(x,s(y)) = max(+(y,x),s(+(y,x)))
  refused (retried on growth): +(x,s(y)) = max(+(y,x),s(+(y,x)))
  refused (retried on growth): +(x,s(y)) = max(+(s(y),x),+(y,x))
  sp201  stalls; residual enters: s(+(x,+(y,y))) = +(+(y,x),s(y))
  refused (retried on growth): s(+(x,+(y,y))) = +(+(y,x),s(y))
  refused (retried on growth): s(+(x,+(y,y))) = +(+(y,x),s(y))
  sp201  stalls; residual enters: s(+(x,+(y,z))) = +(z,s(+(x,y)))
  refused (retried on growth): s(+(x,+(y,z))) = +(z,s(+(x,y)))
  refused (retried on growth): s(+(x,+(y,z))) = +(z,s(+(x,y)))
  sp201  stalls; residual enters: +(*(x,y),*(x,0)) = *(x,y)
  refused (retried on growth): +(*(x,y),*(x,0)) = *(x,y)
  refused (retried on growth): +(*(x,y),*(x,0)) = *(x,y)
  refused (retried on growth): le(x,0) = le(+(y,+(y,x)),+(y,y))
  refused (retried on growth): le(x,0) = le(+(+(x,y),z),+(y,z))
  refused (retried on growth): s(s(0)) = -(+(x,s(s(y))),+(y,x))
  refused (retried on growth): +(x,+(y,y)) = max(+(y,+(y,x)),x)
  refused (retried on growth): 0 = -(-(x,s(0)),s(s(max(x,s(0)))))
  refused (retried on growth): 0 = le(s(s(max(x,s(0)))),-(x,s(0)))
  sp201  stalls; residual enters: +(*(x,x),s(x)) = s(+(x,*(x,x)))
  refused (retried on growth): +(*(x,x),s(x)) = s(+(x,*(x,x)))
  refused (retried on growth): +(*(x,x),s(x)) = s(+(x,*(x,x)))
  sp201  stalls; residual enters: +(*(x,y),s(x)) = s(+(x,*(x,y)))
  refused (retried on growth): +(*(x,y),s(x)) = s(+(x,*(x,y)))
  refused (retried on growth): +(*(x,y),s(x)) = s(+(x,*(x,y)))
  refused (retried on growth): +(x,s(y)) = max(+(s(y),x),le(z,0))
  refused (retried on growth): max(x,s(0)) = max(max(x,s(0)),le(y,0))
  refused (retried on growth): s(0) = le(x,+(s(s(-(x,s(0)))),y))
  refused (retried on growth): s(0) = le(+(x,y),s(s(+(s(x),y))))
  refused (retried on growth): s(0) = le(le(+(x,y),0),+(s(x),y))
  refused (retried on growth): le(x,+(s(s(-(x,s(0)))),y)) = s(0)
  refused (retried on growth): +(*(x,0),s(*(x,y))) = s(*(x,y))
  refused (retried on growth): *(x,+(le(0,0),le(0,0))) = +(x,x)
  refused (retried on growth): +(x,x) = *(x,+(le(0,0),le(0,0)))
  refused (retried on growth): +(x,x) = max(+(x,+(x,0)),+(x,x))
  refused (retried on growth): +(x,y) = max(+(+(0,x),y),+(x,y))
  refused (retried on growth): max(x,s(0)) = max(-(x,s(0)),max(x,s(0)))
  refused (retried on growth): max(x,s(0)) = max(max(x,s(0)),-(x,s(0)))
  refused (retried on growth): -(x,s(0)) = -(-(x,s(0)),le(x,s(0)))
  refused (retried on growth): le(x,s(0)) = -(le(x,s(0)),-(x,s(0)))
  refused (retried on growth): s(s(0)) = -(s(max(x,s(0))),-(x,s(0)))
  refused (retried on growth): le(s(0),-(x,s(0))) = le(le(x,s(0)),0)
  refused (retried on growth): *(+(x,s(x)),y) = +(y,*(x,+(y,y)))
  refused (retried on growth): max(x,s(0)) = max(le(x,s(0)),max(x,s(0)))
  refused (retried on growth): max(x,s(0)) = max(max(x,s(0)),le(x,s(0)))
  refused (retried on growth): le(x,s(0)) = le(*(s(y),x),s(*(y,x)))
  sp201  stalls; residual enters: +(*(x,y),s(y)) = max(y,s(+(y,*(x,y))))
  refused (retried on growth): +(*(x,y),s(y)) = max(y,s(+(y,*(x,y))))
  refused (retried on growth): +(*(x,y),s(y)) = max(y,s(+(y,*(x,y))))
  refused (retried on growth): +(*(x,y),s(y)) = max(s(*(s(x),y)),y)
  refused (retried on growth): *(x,x) = +(*(x,x),*(max(x,s(0)),0))
  refused (retried on growth): 0 = *(x,+(le(+(x,x),0),le(+(x,x),0)))
  refused (retried on growth): le(+(x,y),0) = le(+(+(+(x,y),x),y),0)
  sp201  stalls; residual enters: s(s(+(x,y))) = max(+(x,y),s(s(+(x,y))))
  refused (retried on growth): s(s(+(x,y))) = max(+(x,y),s(s(+(x,y))))
  refused (retried on growth): s(s(+(x,y))) = max(+(x,y),s(s(+(x,y))))
  sp201  stalls; residual enters: s(s(+(x,y))) = max(+(y,s(s(x))),+(x,y))
  refused (retried on growth): s(s(+(x,y))) = max(+(y,s(s(x))),+(x,y))
  refused (retried on growth): s(s(+(x,y))) = max(+(y,s(s(x))),+(x,y))
  refused (retried on growth): +(+(x,y),+(z,z)) = +(x,+(z,+(z,y)))
  refused (retried on growth): +(+(x,y),+(z,u)) = +(x,+(+(y,z),u))
  sp201  stalls; residual enters: +(x,s(y)) = max(le(+(y,x),0),s(+(y,x)))
  refused (retried on growth): +(x,s(y)) = max(le(+(y,x),0),s(+(y,x)))
  refused (retried on growth): +(x,s(y)) = max(le(+(y,x),0),s(+(y,x)))
  refused (retried on growth): +(x,s(y)) = max(+(s(y),x),le(+(y,x),0))
  refused (retried on growth): le(x,s(0)) = le(+(x,+(y,z)),+(s(y),z))
  refused (retried on growth): le(x,s(0)) = le(+(y,+(y,x)),s(+(y,y)))
  refused (retried on growth): le(x,s(0)) = le(+(+(x,y),z),s(+(y,z)))
  refused (retried on growth): +(+(x,x),s(y)) = max(y,+(+(x,y),s(x)))
  refused (retried on growth): +(+(x,y),s(z)) = max(z,+(y,s(+(z,x))))
  refused (retried on growth): +(+(x,x),s(y)) = max(+(+(x,y),s(x)),y)
  refused (retried on growth): +(+(x,y),s(z)) = max(+(y,s(+(z,x))),z)
  sp201  stalls; residual enters: s(s(s(0))) = -(s(s(s(+(x,y)))),+(x,y))
  refused (retried on growth): s(s(s(0))) = -(s(s(s(+(x,y)))),+(x,y))
  refused (retried on growth): s(s(s(0))) = -(s(s(s(+(x,y)))),+(x,y))
  refused (retried on growth): +(*(x,y),max(*(x,0),s(0))) = s(*(x,y))
  refused (retried on growth): *(x,+(le(+(x,x),0),le(+(x,x),0))) = 0
  refused (retried on growth): s(max(x,s(0))) = max(-(x,s(0)),s(max(x,s(0))))
  refused (retried on growth): s(max(x,s(0))) = max(s(max(x,s(0))),-(x,s(0)))
  refused (retried on growth): +(+(x,*(y,0)),*(*(y,0),s(*(y,0)))) = x
  refused (retried on growth): le(x,s(le(s(0),-(x,s(0))))) = le(x,s(s(0)))
  refused (retried on growth): le(x,s(s(0))) = le(x,s(le(s(0),-(x,s(0)))))
  refused (retried on growth): le(x,s(0)) = le(+(x,-(y,s(0))),max(y,s(0)))
  refused (retried on growth): s(s(s(0))) = -(s(s(max(x,s(0)))),-(x,s(0)))
  sp201  stalls; residual enters: +(x,max(*(y,x),s(0))) = max(+(x,*(y,x)),s(x))
  refused (retried on growth): +(x,max(*(y,x),s(0))) = max(+(x,*(y,x)),s(x))
  refused (retried on growth): +(x,max(*(y,x),s(0))) = max(+(x,*(y,x)),s(x))
  refused (retried on growth): 0 = +(*(*(x,y),0),*(0,s(*(*(x,y),0))))
  refused (retried on growth): 0 = +(*(*(x,y),0),*(*(*(x,y),0),s(0)))
  refused (retried on growth): le(s(0),-(x,s(0))) = le(le(x,s(0)),-(x,s(0)))
  refused (retried on growth): max(-(x,s(0)),s(0)) = gcd(-(x,s(0)),le(x,s(0)))
  refused (retried on growth): max(-(x,s(0)),s(0)) = gcd(le(x,s(0)),-(x,s(0)))
  refused (retried on growth): max(-(x,s(0)),s(0)) = max(-(x,s(0)),le(x,s(0)))
  refused (retried on growth): max(-(x,s(0)),s(0)) = max(le(x,s(0)),-(x,s(0)))
  refused (retried on growth): +(*(x,0),+(*(x,0),y)) = +(y,*(x,+(0,0)))
  refused (retried on growth): +(+(x,*(y,z)),*(y,0)) = +(x,*(y,+(z,0)))
  refused (retried on growth): +(*(x,y),s(x)) = max(le(x,0),+(*(x,y),s(x)))
  refused (retried on growth): le(s(0),+(x,y)) = le(s(0),+(+(+(x,y),x),y))
  refused (retried on growth): +(x,s(s(s(y)))) = max(+(y,x),s(s(+(s(y),x))))
  refused (retried on growth): +(x,s(s(s(y)))) = max(+(s(s(s(y))),x),+(y,x))
  refused (retried on growth): +(x,max(+(y,y),s(0))) = max(+(y,+(y,x)),s(x))
  refused (retried on growth): +(+(x,0),+(x,0)) = +(+(x,x),*(s(s(0)),0))
  refused (retried on growth): +(+(x,0),+(x,0)) = +(*(s(s(0)),x),+(0,0))
  refused (retried on growth): *(+(x,y),+(z,z)) = *(+(+(+(x,y),x),y),z)
  refused (retried on growth): s(s(max(x,s(0)))) = max(-(x,s(0)),s(s(max(x,s(0)))))
  refused (retried on growth): s(s(max(x,s(0)))) = max(s(s(max(x,s(0)))),-(x,s(0)))
  refused (retried on growth): +(+(x,x),+(+(x,x),y)) = +(y,+(x,+(x,+(x,x))))
  refused (retried on growth): +(+(x,y),+(+(x,y),z)) = +(z,+(+(+(x,y),x),y))
  sp201  stalls; residual enters: +(+(x,y),max(z,s(0))) = max(+(+(x,y),z),s(+(x,y)))
  refused (retried on growth): +(+(x,y),max(z,s(0))) = max(+(+(x,y),z),s(+(x,y)))
  refused (retried on growth): +(+(x,y),max(z,s(0))) = max(+(+(x,y),z),s(+(x,y)))
  refused (retried on growth): *(x,+(+(y,y),+(y,y))) = *(+(x,+(x,+(x,x))),y)
  refused (retried on growth): *(x,+(+(x,x),+(x,x))) = *(+(x,max(x,s(0))),+(x,x))
  refused (retried on growth): 0 = +(*(x,+(0,0)),*(*(+(x,x),0),s(*(+(x,x),0))))
  refused (retried on growth): 0 = +(*(+(x,x),0),*(*(x,+(0,0)),s(*(+(x,x),0))))
  refused (retried on growth): 0 = +(*(+(x,x),0),*(*(+(x,x),0),s(*(x,+(0,0)))))
  refused (retried on growth): +(+(x,x),max(+(x,x),s(0))) = max(+(x,+(x,+(x,x))),s(0))
  refused (retried on growth): +(+(x,y),max(+(x,y),s(0))) = max(+(+(+(x,y),x),y),s(0))
  refused (retried on growth): +(-(x,s(0)),max(y,s(0))) = max(+(-(x,s(0)),y),max(x,s(0)))
  refused (retried on growth): *(x,+(+(y,0),+(y,0))) = +(*(x,+(y,y)),*(+(x,x),0))
  refused (retried on growth): *(x,+(+(y,0),+(y,0))) = +(*(+(x,x),y),*(x,+(0,0)))
rendered 200 lemmas
installed as rules: 198 (library now carries the crystal's landings)
sphatika: crystal holds 200 lemmas; rendering formal/cubical/Sphatika.agda
== round 1: sense ==
== round 1: prove ==
sphatika: crystal holds 200 lemmas
sphatika: 179 goals enter
  refused (retried on growth): c0(x) = -(c0(x),0)
  sp201  stalls; residual enters: +(x,*(le(x,0),x)) = x
  refused (retried on growth): +(x,*(le(x,0),x)) = x
  refused (retried on growth): +(x,x) = +(x,+(x,0))
  refused (retried on growth): s(0) = le(x,max(x,s(0)))
  sp201  stalls; residual enters: +(x,0) = x
  sp201  stalls; residual enters: 0 = -(x,s(+(x,*(y,x))))
  refused (retried on growth): 0 = -(x,s(+(x,*(y,x))))
  sp201  stalls; residual enters: 0 = le(s(+(x,*(y,x))),x)
  refused (retried on growth): 0 = le(s(+(x,*(y,x))),x)
  sp201  stalls; residual enters: +(x,s(x)) = s(+(x,x))
  refused (retried on growth): +(x,s(x)) = s(+(x,x))
  refused (retried on growth): le(x,max(x,s(0))) = s(0)
  refused (retried on growth): c0(x) = -(s(c0(x)),s(0))
  sp201  stalls; residual enters: 0 = -(+(x,y),s(+(x,y)))
  refused (retried on growth): 0 = -(+(x,y),s(+(x,y)))
  sp201  stalls; residual enters: 0 = le(s(+(x,y)),+(x,y))
  refused (retried on growth): 0 = le(s(+(x,y)),+(x,y))
  refused (retried on growth): s(0) = le(x,s(max(x,s(0))))
  refused (retried on growth): +(*(x,y),y) = *(s(x),y)
  refused (retried on growth): *(s(x),y) = +(*(x,y),y)
  sp201  stalls; residual enters: +(le(x,0),*(x,le(x,0))) = le(x,0)
  refused (retried on growth): +(le(x,0),*(x,le(x,0))) = le(x,0)
  refused (retried on growth): 0 = -(x,+(+(y,x),s(y)))
  refused (retried on growth): 0 = -(x,+(y,s(+(x,z))))
  refused (retried on growth): 0 = le(max(x,max(y,s(0))),0)
  refused (retried on growth): 0 = le(+(x,max(y,s(0))),0)
  refused (retried on growth): 0 = le(max(max(x,s(0)),y),0)
  refused (retried on growth): 0 = le(+(+(x,y),s(x)),y)
== round 1 done: crystal 173 -> 200 ==
[claude/review-recent-work-ms3yv9 2cec44c2] the crystal keeps round 1: 173 -> 200 lemmas, rules installed, frontier re-sensed
 1 file changed, 2259 insertions(+), 156 deletions(-)
To https://github.com/avikj/math
   47da89a4..2cec44c2  claude/review-recent-work-ms3yv9 -> claude/review-recent-work-ms3yv9
branch 'claude/review-recent-work-ms3yv9' set up to track 'origin/claude/review-recent-work-ms3yv9'.
== round 2: prove ==
sphatika: another driver holds the crystal; turning back
== round 2: sense ==
  refused (retried on growth): 0 = le(+(x,s(+(y,z))),y)
  refused (retried on growth): s(x) = max(s(x),le(y,s(0)))
  refused (retried on growth): s(0) = le(x,s(*(s(y),x)))
  refused (retried on growth): s(0) = le(le(x,s(0)),s(y))
  refused (retried on growth): le(x,s(max(x,s(0)))) = s(0)
  refused (retried on growth): 0 = -(-(x,s(0)),max(x,s(0)))
  refused (retried on growth): 0 = le(max(x,s(0)),-(x,s(0)))
  refused (retried on growth): +(x,s(x)) = +(x,+(x,s(0)))
  sp201  stalls; residual enters: +(x,s(y)) = s(+(y,x))
  refused (retried on growth): +(x,s(y)) = s(+(y,x))
  sp201  stalls; residual enters: s(0) = -(s(+(x,y)),+(x,y))
  refused (retried on growth): s(0) = -(s(+(x,y)),+(x,y))
  refused (retried on growth): s(0) = le(+(x,y),+(s(x),y))
  refused (retried on growth): +(+(x,x),y) = +(x,+(x,y))
  refused (retried on growth): +(+(x,y),z) = +(+(z,x),y)
  refused (retried on growth): +(*(x,0),*(x,y)) = *(x,y)
  refused (retried on growth): 0 = *(x,+(le(x,0),le(x,0)))
  refused (retried on growth): 0 = *(+(x,*(x,x)),le(x,0))
  refused (retried on growth): 0 = *(+(x,*(x,y)),le(x,0))
  refused (retried on growth): 0 = *(-(x,s(0)),le(x,s(0)))
  refused (retried on growth): 0 = *(le(x,s(0)),-(x,s(0)))
  sp201  stalls; residual enters: 0 = -(+(x,y),s(s(+(x,y))))
  refused (retried on growth): 0 = -(+(x,y),s(s(+(x,y))))
  refused (retried on growth): 0 = le(+(x,s(s(y))),+(y,x))
  refused (retried on growth): s(0) = le(x,s(s(max(x,s(0)))))
  sp201  stalls; residual enters: +(x,s(0)) = s(x)
  refused (retried on growth): +(x,+(x,y)) = +(+(x,x),y)
  refused (retried on growth): +(x,+(x,y)) = +(y,+(x,x))
  refused (retried on growth): +(x,+(x,y)) = +(+(y,x),x)
  sp201  stalls; residual enters: s(+(x,y)) = +(y,s(x))
  refused (retried on growth): s(+(x,y)) = +(y,s(x))
  refused (retried on growth): +(+(x,y),z) = +(+(y,z),x)
  refused (retried on growth): +(+(x,y),z) = +(x,+(z,y))
  refused (retried on growth): +(+(x,y),y) = +(y,+(y,x))
  refused (retried on growth): +(*(x,y),*(x,0)) = *(x,y)
  refused (retried on growth): 0 = -(le(x,s(0)),max(x,s(0)))
  sp201  stalls; residual enters: 0 = le(s(+(x,*(y,x))),*(y,x))
  refused (retried on growth): 0 = le(s(+(x,*(y,x))),*(y,x))
  refused (retried on growth): s(0) = le(x,+(+(y,x),s(y)))
  refused (retried on growth): s(0) = le(x,+(y,s(+(x,z))))
  refused (retried on growth): s(0) = le(le(x,0),max(y,s(0)))
  refused (retried on growth): le(x,s(s(max(x,s(0))))) = s(0)
  refused (retried on growth): le(s(c0(x)),s(y)) = le(c0(x),y)
  refused (retried on growth): le(s(c0(x)),s(0)) = le(c0(x),0)
  sp201  stalls; residual enters: +(x,s(y)) = max(y,s(+(y,x)))
  refused (retried on growth): +(x,s(y)) = max(y,s(+(y,x)))
  refused (retried on growth): +(x,s(y)) = max(y,+(y,s(x)))
  refused (retried on growth): +(x,s(y)) = max(+(s(y),x),y)
  refused (retried on growth): *(x,y) = +(*(x,0),*(x,y))
  refused (retried on growth): *(x,x) = +(*(x,x),*(x,0))
  refused (retried on growth): s(0) = -(max(x,s(0)),-(x,s(0)))
  refused (retried on growth): 0 = -(-(x,s(0)),s(max(x,s(0))))
  refused (retried on growth): 0 = le(s(max(x,s(0))),-(x,s(0)))
  refused (retried on growth): s(0) = le(+(x,y),s(+(s(x),y)))
  refused (retried on growth): le(x,s(0)) = le(x,s(le(x,s(0))))
  refused (retried on growth): le(x,0) = le(*(s(y),x),*(y,x))
  refused (retried on growth): *(s(s(s(0))),x) = +(x,+(x,x))
  refused (retried on growth): +(x,*(y,x)) = max(*(s(y),x),x)
  sp201  stalls; residual enters: 0 = -(+(x,y),s(s(s(+(x,y)))))
  refused (retried on growth): 0 = -(+(x,y),s(s(s(+(x,y)))))
  sp201  stalls; residual enters: 0 = -(le(+(x,y),0),s(+(x,y)))
  refused (retried on growth): 0 = -(le(+(x,y),0),s(+(x,y)))
  refused (retried on growth): 0 = -(le(x,0),+(*(x,y),s(x)))
  refused (retried on growth): 0 = le(+(+(x,y),s(x)),+(x,x))
  refused (retried on growth): 0 = le(+(x,s(+(y,z))),+(z,x))
  sp201  stalls; residual enters: 0 = le(s(s(s(+(x,y)))),+(x,y))
  refused (retried on growth): 0 = le(s(s(s(+(x,y)))),+(x,y))
  refused (retried on growth): s(0) = le(x,s(s(s(max(x,s(0))))))
  refused (retried on growth): s(0) = le(le(x,s(0)),max(x,s(0)))
  refused (retried on growth): le(x,s(le(x,s(0)))) = le(x,s(0))
  refused (retried on growth): le(x,s(s(s(max(x,s(0)))))) = s(0)
  sp201  stalls; residual enters: +(x,s(y)) = max(+(y,x),s(+(y,x)))
  refused (retried on growth): +(x,s(y)) = max(+(y,x),s(+(y,x)))
  refused (retried on growth): +(x,s(y)) = max(+(s(y),x),+(y,x))
  sp201  stalls; residual enters: s(+(x,+(y,y))) = +(+(y,x),s(y))
  refused (retried on growth): s(+(x,+(y,y))) = +(+(y,x),s(y))
  sp201  stalls; residual enters: s(+(x,+(y,z))) = +(z,s(+(x,y)))
  refused (retried on growth): s(+(x,+(y,z))) = +(z,s(+(x,y)))
  sp201  stalls; residual enters: +(*(x,y),*(x,0)) = *(x,y)
  refused (retried on growth): +(*(x,y),*(x,0)) = *(x,y)
  refused (retried on growth): le(x,0) = le(+(y,+(y,x)),+(y,y))
  refused (retried on growth): le(x,0) = le(+(+(x,y),z),+(y,z))
  refused (retried on growth): s(s(0)) = -(+(x,s(s(y))),+(y,x))
  refused (retried on growth): +(x,+(y,y)) = max(+(y,+(y,x)),x)
  refused (retried on growth): 0 = -(-(x,s(0)),s(s(max(x,s(0)))))
  refused (retried on growth): 0 = le(s(s(max(x,s(0)))),-(x,s(0)))
  sp201  stalls; residual enters: +(*(x,x),s(x)) = s(+(x,*(x,x)))
  refused (retried on growth): +(*(x,x),s(x)) = s(+(x,*(x,x)))
  sp201  stalls; residual enters: +(*(x,y),s(x)) = s(+(x,*(x,y)))
  refused (retried on growth): +(*(x,y),s(x)) = s(+(x,*(x,y)))
  refused (retried on growth): +(x,s(y)) = max(+(s(y),x),le(z,0))
  refused (retried on growth): max(x,s(0)) = max(max(x,s(0)),le(y,0))
  refused (retried on growth): s(0) = le(x,+(s(s(-(x,s(0)))),y))
  refused (retried on growth): s(0) = le(+(x,y),s(s(+(s(x),y))))
  refused (retried on growth): s(0) = le(le(+(x,y),0),+(s(x),y))
  refused (retried on growth): le(x,+(s(s(-(x,s(0)))),y)) = s(0)
  refused (retried on growth): +(*(x,0),s(*(x,y))) = s(*(x,y))
  refused (retried on growth): *(x,+(le(0,0),le(0,0))) = +(x,x)
  refused (retried on growth): +(x,x) = *(x,+(le(0,0),le(0,0)))
  refused (retried on growth): +(x,x) = max(+(x,+(x,0)),+(x,x))
  refused (retried on growth): +(x,y) = max(+(+(0,x),y),+(x,y))
  refused (retried on growth): max(x,s(0)) = max(-(x,s(0)),max(x,s(0)))
  refused (retried on growth): max(x,s(0)) = max(max(x,s(0)),-(x,s(0)))
  refused (retried on growth): -(x,s(0)) = -(-(x,s(0)),le(x,s(0)))
  refused (retried on growth): le(x,s(0)) = -(le(x,s(0)),-(x,s(0)))
  refused (retried on growth): s(s(0)) = -(s(max(x,s(0))),-(x,s(0)))
== round 2 done: crystal 200 -> 200 ==
== round 3: prove ==
sphatika: crystal holds 200 lemmas
sphatika: 2623 goals enter
  refused (retried on growth): le(s(0),-(x,s(0))) = le(le(x,s(0)),0)
  refused (retried on growth): +(*(x,0),x) = x
  refused (retried on growth): c0(x) = -(c0(x),0)
  refused (retried on growth): x = +(*(x,0),x)
  refused (retried on growth): *(+(x,s(x)),y) = +(y,*(x,+(y,y)))
  sp201  landed  +(*(0,0),x) = x  [refl]
  refused (retried on growth): max(x,s(0)) = max(le(x,s(0)),max(x,s(0)))
  refused (retried on growth): x = +(*(x,0),x)
  refused (retried on growth): max(x,s(0)) = max(max(x,s(0)),le(x,s(0)))
  sp202  landed  +(x,le(0,0)) = s(x)  [ind 0 refl congsuc]
  sp203  landed  +(*(s(0),0),x) = x  [refl]
  refused (retried on growth): le(x,s(0)) = le(*(s(y),x),s(*(y,x)))
  sp204  stalls; residual enters: +(x,*(le(x,0),x)) = x
  sp201  stalls; residual enters: +(*(x,y),s(y)) = max(y,s(+(y,*(x,y))))
  refused (retried on growth): +(x,*(le(x,0),x)) = x
  refused (retried on growth): +(x,x) = +(x,+(x,0))
  refused (retried on growth): +(*(x,y),s(y)) = max(y,s(+(y,*(x,y))))
  refused (retried on growth): s(0) = le(x,max(x,s(0)))
  sp204  landed  +(s(x),*(x,0)) = s(x)  [ind 0 refl congsuc]
  refused (retried on growth): +(*(x,y),s(y)) = max(s(*(s(x),y)),y)
  refused (retried on growth): *(x,x) = +(*(x,x),*(max(x,s(0)),0))
  refused (retried on growth): +(x,+(0,y)) = +(y,x)
  refused (retried on growth): 0 = *(x,+(le(+(x,x),0),le(+(x,x),0)))
  refused (retried on growth): +(s(x),y) = +(s(y),x)
  refused (retried on growth): le(+(x,y),0) = le(+(+(+(x,y),x),y),0)
  refused (retried on growth): +(x,+(0,y)) = +(y,x)
  sp205  landed  le(x,0) = le(s(x),s(0))  [refl]
  sp201  stalls; residual enters: s(s(+(x,y))) = max(+(x,y),s(s(+(x,y))))
  sp206  stalls; residual enters: +(x,0) = x
  refused (retried on growth): s(s(+(x,y))) = max(+(x,y),s(s(+(x,y))))
  refused (retried on growth): +(x,s(y)) = +(y,s(x))
  sp201  stalls; residual enters: s(s(+(x,y))) = max(+(y,s(s(x))),+(x,y))
  sp206  stalls; residual enters: 0 = -(x,s(+(x,*(y,x))))
  refused (retried on growth): s(s(+(x,y))) = max(+(y,s(s(x))),+(x,y))
  refused (retried on growth): 0 = -(x,s(+(x,*(y,x))))
  refused (retried on growth): +(+(x,y),+(z,z)) = +(x,+(z,+(z,y)))
  refused (retried on growth): 0 = -(x,+(y,s(s(x))))
  sp206  stalls; residual enters: 0 = le(s(+(x,*(y,x))),x)
  refused (retried on growth): +(+(x,y),+(z,u)) = +(x,+(+(y,z),u))
  refused (retried on growth): 0 = le(s(+(x,*(y,x))),x)
  sp201  stalls; residual enters: +(x,s(y)) = max(le(+(y,x),0),s(+(y,x)))
  refused (retried on growth): 0 = le(+(x,s(s(y))),y)
  refused (retried on growth): +(x,s(y)) = max(le(+(y,x),0),s(+(y,x)))
  sp206  stalls; residual enters: +(x,s(x)) = s(+(x,x))
  refused (retried on growth): +(x,s(x)) = s(+(x,x))
  refused (retried on growth): +(x,s(y)) = max(+(s(y),x),le(+(y,x),0))
  refused (retried on growth): le(x,max(x,s(0))) = s(0)
  refused (retried on growth): +(*(x,0),s(x)) = s(x)
  refused (retried on growth): le(x,s(0)) = le(+(x,+(y,z)),+(s(y),z))
  refused (retried on growth): *(x,s(s(0))) = +(x,x)
  refused (retried on growth): c0(x) = -(s(c0(x)),s(0))
  refused (retried on growth): +(+(0,x),y) = +(y,x)
  refused (retried on growth): le(x,s(0)) = le(+(y,+(y,x)),s(+(y,y)))
  refused (retried on growth): +(x,x) = *(x,s(s(0)))
  sp206  landed  x = +(x,*(+(0,x),0))  [ind 0 refl congsuc]
  refused (retried on growth): le(x,s(0)) = le(+(+(x,y),z),s(+(y,z)))
  sp207  stalls; residual enters: 0 = -(x,s(+(x,*(y,s(x)))))
  refused (retried on growth): +(+(x,x),s(y)) = max(y,+(+(x,y),s(x)))
  refused (retried on growth): 0 = -(x,s(+(x,*(y,s(x)))))
  sp207  landed  0 = -(x,+(s(s(x)),y))  [ind 0 refl ih]
  refused (retried on growth): +(+(x,y),s(z)) = max(z,+(y,s(+(z,x))))
  sp208  landed  0 = le(*(s(x),s(y)),0)  [refl]
  refused (retried on growth): +(+(x,x),s(y)) = max(+(+(x,y),s(x)),y)
  sp209  stalls; residual enters: 0 = le(s(+(x,*(y,s(x)))),x)
  refused (retried on growth): +(+(x,y),s(z)) = max(+(y,s(+(z,x))),z)
  refused (retried on growth): 0 = le(s(+(x,*(y,s(x)))),x)
  sp209  landed  0 = le(+(s(s(x)),y),x)  [ind 0 refl ih]
  sp201  stalls; residual enters: s(s(s(0))) = -(s(s(s(+(x,y)))),+(x,y))
  refused (retried on growth): +(x,y) = +(y,+(0,x))
  refused (retried on growth): s(s(s(0))) = -(s(s(s(+(x,y)))),+(x,y))
  refused (retried on growth): +(s(x),y) = +(s(y),x)
  refused (retried on growth): +(*(x,y),max(*(x,0),s(0))) = s(*(x,y))
  sp210  landed  0 = +(*(x,0),*(x,0))  [ind 0 refl ih]
  refused (retried on growth): *(x,+(le(+(x,x),0),le(+(x,x),0))) = 0
  refused (retried on growth): s(max(x,s(0))) = max(-(x,s(0)),s(max(x,s(0))))
  sp211  stalls; residual enters: s(+(x,y)) = +(y,s(x))
  refused (retried on growth): s(max(x,s(0))) = max(s(max(x,s(0))),-(x,s(0)))
  refused (retried on growth): s(+(x,y)) = +(y,s(x))
  refused (retried on growth): +(+(x,*(y,0)),*(*(y,0),s(*(y,0)))) = x
  sp211  landed  0 = +(*(0,0),*(0,0))  [refl]
  refused (retried on growth): le(x,s(le(s(0),-(x,s(0))))) = le(x,s(s(0)))
  refused (retried on growth): +(x,+(y,0)) = +(y,x)
  refused (retried on growth): le(x,s(s(0))) = le(x,s(le(s(0),-(x,s(0)))))
  refused (retried on growth): +(x,+(0,y)) = +(y,x)
  refused (retried on growth): le(x,s(0)) = le(+(x,-(y,s(0))),max(y,s(0)))
  refused (retried on growth): s(s(s(0))) = -(s(s(max(x,s(0)))),-(x,s(0)))
  refused (retried on growth): +(x,y) = +(+(0,y),x)
  sp201  stalls; residual enters: +(x,max(*(y,x),s(0))) = max(+(x,*(y,x)),s(x))
  refused (retried on growth): +(x,*(x,le(x,0))) = x
  sp212  landed  +(x,*(x,+(0,0))) = x  [ind 0 refl congsuc]
  refused (retried on growth): +(x,max(*(y,x),s(0))) = max(+(x,*(y,x)),s(x))
  refused (retried on growth): +(x,y) = +(y,+(0,x))
  refused (retried on growth): 0 = +(*(*(x,y),0),*(0,s(*(*(x,y),0))))
  sp213  stalls; residual enters: 0 = -(+(x,y),s(+(x,y)))
  refused (retried on growth): 0 = +(*(*(x,y),0),*(*(*(x,y),0),s(0)))
  refused (retried on growth): le(s(0),-(x,s(0))) = le(le(x,s(0)),-(x,s(0)))
  refused (retried on growth): 0 = -(+(x,y),s(+(x,y)))
  refused (retried on growth): max(-(x,s(0)),s(0)) = gcd(-(x,s(0)),le(x,s(0)))
  sp213  stalls; residual enters: 0 = le(s(+(x,y)),+(x,y))
  refused (retried on growth): max(-(x,s(0)),s(0)) = gcd(le(x,s(0)),-(x,s(0)))
  refused (retried on growth): max(-(x,s(0)),s(0)) = max(-(x,s(0)),le(x,s(0)))
  refused (retried on growth): 0 = le(s(+(x,y)),+(x,y))
  refused (retried on growth): max(-(x,s(0)),s(0)) = max(le(x,s(0)),-(x,s(0)))
  refused (retried on growth): s(0) = le(x,s(max(x,s(0))))
  sp213  landed  +(s(le(0,0)),x) = s(s(x))  [refl]
  refused (retried on growth): +(*(x,0),+(*(x,0),y)) = +(y,*(x,+(0,0)))
  sp214  landed  +(s(x),*(s(0),0)) = s(x)  [ind 0 refl congsuc]
  refused (retried on growth): +(*(x,y),y) = *(s(x),y)
  refused (retried on growth): +(+(x,*(y,z)),*(y,0)) = +(x,*(y,+(z,0)))
  sp215  stalls; residual enters: 0 = *(+(x,*(x,x)),le(x,0))
  refused (retried on growth): 0 = *(+(x,*(x,x)),le(x,0))
  refused (retried on growth): +(*(x,y),s(x)) = max(le(x,0),+(*(x,y),s(x)))
  sp215  landed  0 = *(le(x,0),*(s(x),x))  [ind 0 refl refl]
  refused (retried on growth): le(s(0),+(x,y)) = le(s(0),+(+(+(x,y),x),y))
  sp216  landed  le(s(0),+(s(x),y)) = s(0)  [refl]
  sp217  landed  le(s(0),+(x,s(y))) = s(0)  [ind 0 refl refl]
  refused (retried on growth): +(x,s(s(s(y)))) = max(+(y,x),s(s(+(s(y),x))))
  refused (retried on growth): *(s(x),y) = +(*(x,y),y)
  refused (retried on growth): +(x,s(s(s(y)))) = max(+(s(s(s(y))),x),+(y,x))
  sp218  stalls; residual enters: +(le(x,0),*(x,le(x,0))) = le(x,0)
  refused (retried on growth): +(le(x,0),*(x,le(x,0))) = le(x,0)
  refused (retried on growth): +(x,max(+(y,y),s(0))) = max(+(y,+(y,x)),s(x))
  refused (retried on growth): +(+(x,0),+(x,0)) = +(+(x,x),*(s(s(0)),0))
  refused (retried on growth): 0 = -(x,+(+(y,x),s(y)))
  refused (retried on growth): +(+(x,0),+(x,0)) = +(*(s(s(0)),x),+(0,0))
  refused (retried on growth): *(+(x,y),+(z,z)) = *(+(+(+(x,y),x),y),z)
  refused (retried on growth): 0 = -(x,+(y,s(+(x,z))))
  refused (retried on growth): s(s(max(x,s(0)))) = max(-(x,s(0)),s(s(max(x,s(0)))))
  refused (retried on growth): 0 = le(max(x,max(y,s(0))),0)
  refused (retried on growth): s(s(max(x,s(0)))) = max(s(s(max(x,s(0)))),-(x,s(0)))
  refused (retried on growth): +(+(x,x),+(+(x,x),y)) = +(y,+(x,+(x,+(x,x))))
  refused (retried on growth): 0 = le(+(x,max(y,s(0))),0)
  refused (retried on growth): 0 = le(max(max(x,s(0)),y),0)
  refused (retried on growth): +(+(x,y),+(+(x,y),z)) = +(z,+(+(+(x,y),x),y))
  refused (retried on growth): 0 = le(+(+(x,y),s(x)),y)
  sp201  stalls; residual enters: +(+(x,y),max(z,s(0))) = max(+(+(x,y),z),s(+(x,y)))
  refused (retried on growth): 0 = le(+(x,s(+(y,z))),y)
  refused (retried on growth): +(+(x,y),max(z,s(0))) = max(+(+(x,y),z),s(+(x,y)))
  refused (retried on growth): 0 = le(+(x,s(y)),+(0,y))
  refused (retried on growth): *(x,+(+(y,y),+(y,y))) = *(+(x,+(x,+(x,x))),y)
  refused (retried on growth): 0 = le(+(x,s(y)),+(0,y))
  refused (retried on growth): *(x,+(+(x,x),+(x,x))) = *(+(x,max(x,s(0))),+(x,x))
  refused (retried on growth): 0 = +(*(x,+(0,0)),*(*(+(x,x),0),s(*(+(x,x),0))))
  refused (retried on growth): s(x) = max(s(x),le(y,s(0)))
  refused (retried on growth): 0 = +(*(+(x,x),0),*(*(x,+(0,0)),s(*(+(x,x),0))))
  refused (retried on growth): 0 = +(*(+(x,x),0),*(*(+(x,x),0),s(*(x,+(0,0)))))
  refused (retried on growth): s(0) = le(x,s(*(s(y),x)))
  refused (retried on growth): +(+(x,x),max(+(x,x),s(0))) = max(+(x,+(x,+(x,x))),s(0))
  refused (retried on growth): s(0) = le(x,+(y,s(s(x))))
  refused (retried on growth): +(+(x,y),max(+(x,y),s(0))) = max(+(+(+(x,y),x),y),s(0))
  refused (retried on growth): s(0) = le(le(x,s(0)),s(y))
  refused (retried on growth): +(-(x,s(0)),max(y,s(0))) = max(+(-(x,s(0)),y),max(x,s(0)))
  refused (retried on growth): le(x,s(max(x,s(0)))) = s(0)
  refused (retried on growth): *(x,+(+(y,0),+(y,0))) = +(*(x,+(y,y)),*(+(x,x),0))
  sp218  landed  +(*(s(0),0),s(x)) = s(x)  [refl]
  sp219  landed  +(x,s(le(0,0))) = s(s(x))  [ind 0 refl congsuc]
  refused (retried on growth): *(x,+(+(y,0),+(y,0))) = +(*(+(x,x),y),*(x,+(0,0)))
rendered 200 lemmas
installed as rules: 0 (library now carries the crystal's landings)
sphatika: crystal holds 200 lemmas; rendering formal/cubical/Sphatika.agda
== round 1: sense ==
  sp220  landed  +(x,max(s(0),s(0))) = s(x)  [ind 0 refl congsuc]
  refused (retried on growth): 0 = -(s(0),+(x,s(s(y))))
  sp221  landed  0 = -(s(0),s(max(x,s(0))))  [ind 0 refl refl]
  refused (retried on growth): 0 = -(x,+(y,+(y,s(x))))
  sp222  landed  0 = -(x,+(+(s(x),y),z))  [ind 0 refl ih]
  sp223  landed  0 = -(x,+(x,+(s(y),z)))  [ind 0 refl ih]
  refused (retried on growth): 0 = -(x,+(x,max(y,s(0))))
  sp224  landed  0 = le(+(+(s(x),y),z),0)  [refl]
  sp225  landed  0 = le(+(max(x,s(0)),y),0)  [ind 0 refl refl]
  sp226  landed  0 = le(+(x,+(x,s(y))),0)  [ind 0 refl refl]
  sp227  landed  0 = le(+(x,+(s(y),z)),0)  [ind 0 refl refl]
  refused (retried on growth): 0 = le(+(x,max(y,s(0))),0)
  refused (retried on growth): 0 = le(+(x,s(s(y))),s(0))
  sp228  landed  0 = le(s(max(x,s(0))),s(0))  [ind 0 refl refl]
  refused (retried on growth): 0 = le(+(x,+(x,s(y))),y)
  sp229  landed  0 = le(+(+(s(x),y),z),x)  [ind 0 refl ih]
  refused (retried on growth): s(0) = le(x,*(s(y),s(x)))
  sp230  landed  s(0) = le(x,+(s(s(x)),y))  [ind 0 refl ih]
  sp231  landed  x = +(*(s(0),x),*(0,0))  [ind 0 refl congsuc]
  sp232  landed  0 = +(*(0,0),*(0,s(0)))  [refl]
  sp233  landed  0 = +(*(x,0),*(0,s(0)))  [ind 0 refl ih]
  sp234  stalls; residual enters: *(x,s(0)) = x
  sp234  landed  s(0) = le(s(0),max(x,s(0)))  [ind 0 refl refl]
  refused (retried on growth): 0 = -(-(x,s(0)),max(x,s(0)))
  refused (retried on growth): 0 = le(max(x,s(0)),-(x,s(0)))
  refused (retried on growth): +(x,s(x)) = +(x,+(x,s(0)))
  sp235  stalls; residual enters: +(x,s(y)) = s(+(y,x))
  refused (retried on growth): +(x,s(y)) = s(+(y,x))
  sp235  stalls; residual enters: s(0) = -(s(+(x,y)),+(x,y))
  refused (retried on growth): s(0) = -(s(+(x,y)),+(x,y))
  refused (retried on growth): s(0) = le(+(x,y),+(s(x),y))
  refused (retried on growth): +(s(+(0,x)),y) = +(y,s(x))
  sp235  stalls; residual enters: s(+(x,s(y))) = +(y,s(s(x)))
  refused (retried on growth): s(+(x,s(y))) = +(y,s(s(x)))
  refused (retried on growth): +(s(+(0,x)),y) = +(y,s(x))
  refused (retried on growth): +(+(x,x),y) = +(x,+(x,y))
  refused (retried on growth): +(+(x,y),z) = +(+(z,x),y)
  refused (retried on growth): +(*(x,0),*(x,y)) = *(x,y)
  refused (retried on growth): +(*(x,y),*(x,0)) = *(x,y)
  refused (retried on growth): +(x,*(x,x)) = +(*(x,x),x)
  refused (retried on growth): +(x,*(x,y)) = +(*(x,y),x)
  sp235  landed  +(s(x),y) = -(+(s(x),y),0)  [refl]
  sp236  landed  +(x,s(y)) = -(+(x,s(y)),0)  [refl]
  refused (retried on growth): 0 = *(x,+(le(x,0),le(x,0)))
  refused (retried on growth): 0 = *(+(x,*(x,x)),le(x,0))
  refused (retried on growth): 0 = *(+(x,*(x,y)),le(x,0))
  refused (retried on growth): 0 = *(-(x,s(0)),le(x,s(0)))
  refused (retried on growth): 0 = *(le(x,s(0)),-(x,s(0)))
  sp237  stalls; residual enters: 0 = -(+(x,y),s(s(+(x,y))))
  refused (retried on growth): 0 = -(+(x,y),s(s(+(x,y))))
  refused (retried on growth): 0 = le(+(x,s(s(y))),+(y,x))
  refused (retried on growth): s(0) = le(x,s(s(max(x,s(0)))))
  sp237  landed  le(x,0) = le(+(x,+(0,x)),0)  [ind 0 refl refl]
  sp238  landed  le(s(0),+(x,s(s(y)))) = s(0)  [ind 0 refl refl]
  sp239  landed  +(s(s(0)),s(x)) = s(s(s(x)))  [refl]
  sp240  stalls; residual enters: +(x,s(0)) = s(x)
  refused (retried on growth): +(x,+(x,y)) = +(+(x,x),y)
  refused (retried on growth): +(x,+(x,y)) = +(y,+(x,x))
  refused (retried on growth): +(x,+(x,y)) = +(+(y,x),x)
  refused (retried on growth): +(x,x) = +(+(x,0),+(x,0))
  refused (retried on growth): +(+(s(0),x),y) = +(y,s(x))
  refused (retried on growth): +(+(x,y),z) = +(+(y,z),x)
  refused (retried on growth): +(+(x,y),z) = +(x,+(z,y))
  refused (retried on growth): +(+(x,y),y) = +(y,+(y,x))
  refused (retried on growth): +(+(x,y),*(y,0)) = +(x,y)
  refused (retried on growth): +(x,+(y,z)) = +(+(y,z),x)
  sp240  landed  +(x,s(y)) = max(+(s(x),y),x)  [ind 0 refl congsuc]
  refused (retried on growth): 0 = -(le(x,s(0)),max(x,s(0)))
  sp241  landed  0 = -(le(x,0),s(*(s(x),x)))  [ind 0 refl refl]
  sp242  stalls; residual enters: 0 = le(s(+(x,*(y,x))),*(y,x))
  refused (retried on growth): 0 = le(s(+(x,*(y,x))),*(y,x))
  sp242  stalls; residual enters: +(x,s(s(y))) = s(s(+(y,x)))
  refused (retried on growth): +(x,s(s(y))) = s(s(+(y,x)))
  refused (retried on growth): +(s(x),s(y)) = +(s(y),s(x))
  refused (retried on growth): s(0) = le(x,+(+(y,x),s(y)))
  refused (retried on growth): s(0) = le(x,+(y,s(+(x,z))))
  refused (retried on growth): s(0) = le(le(x,0),max(y,s(0)))
  refused (retried on growth): le(x,s(s(max(x,s(0))))) = s(0)
  refused (retried on growth): le(s(c0(x)),s(y)) = le(c0(x),y)
  sp242  landed  le(x,s(0)) = le(s(x),s(s(0)))  [refl]
  refused (retried on growth): le(s(c0(x)),s(0)) = le(c0(x),0)
  sp243  landed  s(0) = le(s(0),+(s(s(x)),x))  [refl]
  sp244  stalls; residual enters: +(x,s(y)) = max(y,s(+(y,x)))
  refused (retried on growth): +(x,s(y)) = max(y,s(+(y,x)))
  refused (retried on growth): +(x,s(y)) = max(y,+(y,s(x)))
  sp244  landed  +(x,s(+(0,y))) = +(x,s(y))  [refl]
  refused (retried on growth): +(x,s(y)) = max(+(s(y),x),y)
  sp245  landed  +(x,max(*(x,0),s(0))) = s(x)  [ind 0 refl congsuc]
  refused (retried on growth): *(x,y) = +(*(x,0),*(x,y))
  refused (retried on growth): *(x,x) = +(*(x,x),*(x,0))
  refused (retried on growth): c0(x) = -(+(y,c0(x)),+(0,y))
  refused (retried on growth): c0(x) = -(+(y,c0(x)),+(0,y))
  refused (retried on growth): +(x,s(y)) = -(+(s(y),x),0)
  sp246  landed  s(s(0)) = +(s(s(0)),+(0,0))  [refl]
  sp247  landed  s(0) = +(max(0,s(0)),*(0,0))  [refl]
  sp248  landed  +(x,s(y)) = +(s(+(0,x)),y)  [ind 0 refl congsuc]
  sp249  landed  +(s(x),y) = +(+(s(0),x),y)  [refl]
  sp250  landed  0 = +(le(s(0),0),le(s(0),0))  [refl]
  sp251  landed  0 = *(le(x,0),+(+(0,x),x))  [ind 0 refl refl]
  refused (retried on growth): s(0) = le(x,+(y,+(y,s(x))))
  sp252  landed  s(0) = le(x,+(+(s(x),y),z))  [ind 0 refl ih]
  sp253  landed  s(0) = le(x,+(x,+(s(y),z)))  [ind 0 refl ih]
  sp254  landed  s(0) = le(x,+(x,max(y,s(0))))  [ind 0 refl ih]
  sp255  landed  0 = le(max(x,*(s(y),s(z))),0)  [ind 0 refl refl]
  sp256  landed  0 = le(max(*(s(x),s(y)),z),0)  [ind 2 refl refl]
  sp257  landed  +(*(s(0),0),*(s(0),0)) = 0  [refl]
  refused (retried on growth): +(x,s(y)) = -(+(s(y),x),0)
  sp258  landed  0 = +(*(*(x,0),y),*(x,0))  [ind 0 refl ih]
  sp259  landed  s(0) = le(s(0),+(x,s(s(x))))  [ind 0 refl refl]
  sp260  landed  0 = le(+(x,+(x,s(s(0)))),0)  [ind 0 refl refl]
  sp261  landed  0 = le(+(+(s(s(0)),x),x),0)  [refl]
  sp262  landed  0 = le(*(s(x),max(x,s(0))),0)  [ind 0 refl refl]
  sp263  landed  0 = +(*(s(0),0),*(0,s(0)))  [refl]
== round 1 done: crystal 200 -> 263 ==
[claude/review-recent-work-ms3yv9 68b4c712] the crystal keeps round 1: 200 -> 263 lemmas, rules installed, frontier re-sensed
 1 file changed, 1 insertion(+)
To https://github.com/avikj/math
   dedd0c5b..68b4c712  claude/review-recent-work-ms3yv9 -> claude/review-recent-work-ms3yv9
branch 'claude/review-recent-work-ms3yv9' set up to track 'origin/claude/review-recent-work-ms3yv9'.
== round 2: prove ==
sphatika: crystal holds 263 lemmas
sphatika: 2530 goals enter
  refused (retried on growth): +(*(x,0),x) = x
  refused (retried on growth): c0(x) = -(c0(x),0)
  refused (retried on growth): +(x,+(*(x,0),y)) = +(y,x)
  refused (retried on growth): x = +(*(x,0),x)
  sp264  stalls; residual enters: +(x,+(y,s(0))) = s(+(x,y))
  refused (retried on growth): x = +(*(x,0),x)
  sp264  stalls; residual enters: +(x,*(le(x,0),x)) = x
  refused (retried on growth): +(x,+(y,s(0))) = s(+(x,y))
  refused (retried on growth): +(x,*(le(x,0),x)) = x
  sp264  stalls; residual enters: *(x,le(0,0)) = x
  refused (retried on growth): +(x,x) = +(x,+(x,0))
  sp264  landed  *(x,le(0,0)) = x  [ind 0 refl congsuc]
  refused (retried on growth): s(0) = le(x,max(x,s(0)))
  sp265  landed  +(-(0,x),*(-(0,x),0)) = 0  [ind 0 refl refl]
  refused (retried on growth): +(x,+(0,y)) = +(y,x)
  sp266  landed  s(0) = le(s(0),+(s(s(x)),y))  [refl]
  refused (retried on growth): +(s(x),y) = +(s(y),x)
  refused (retried on growth): +(x,s(y)) = gcd(+(s(y),x),0)
  refused (retried on growth): +(x,+(0,y)) = +(y,x)
  sp267  landed  max(x,s(0)) = gcd(max(x,s(0)),0)  [ind 0 refl refl]
  sp264  stalls; residual enters: +(x,0) = x
  refused (retried on growth): +(x,s(y)) = gcd(0,+(s(y),x))
  refused (retried on growth): +(x,s(y)) = +(y,s(x))
  sp268  landed  max(x,s(0)) = gcd(0,max(x,s(0)))  [ind 0 refl refl]
  sp264  stalls; residual enters: 0 = -(x,s(+(x,*(y,x))))
  refused (retried on growth): *(x,y) = +(*(x,y),*(x,0))
  refused (retried on growth): *(x,x) = +(*(x,0),*(x,x))
  refused (retried on growth): 0 = -(x,s(+(x,*(y,x))))
  refused (retried on growth): +(+(x,0),+(x,0)) = +(x,x)
  refused (retried on growth): 0 = -(x,+(y,s(s(x))))
  refused (retried on growth): +(x,s(y)) = -(+(s(y),x),0)
  sp264  stalls; residual enters: 0 = le(s(+(x,*(y,x))),x)
  refused (retried on growth): +(x,s(y)) = gcd(0,+(s(y),x))
  refused (retried on growth): +(x,s(y)) = gcd(+(s(y),x),0)
  refused (retried on growth): 0 = le(s(+(x,*(y,x))),x)
  refused (retried on growth): s(0) = -(max(x,s(0)),-(x,s(0)))
  refused (retried on growth): 0 = le(+(x,s(s(y))),y)
  sp269  landed  +(*(0,0),*(max(0,s(0)),x)) = x  [ind 0 refl congsuc]
  sp264  stalls; residual enters: +(x,s(x)) = s(+(x,x))
  sp270  landed  +(*(0,s(*(0,0))),*(0,0)) = 0  [refl]
  sp271  landed  +(*(*(0,0),s(0)),*(0,0)) = 0  [refl]
  refused (retried on growth): +(x,s(x)) = s(+(x,x))
  sp272  landed  +(*(0,s(*(x,0))),*(x,0)) = 0  [ind 0 refl ih]
  refused (retried on growth): le(x,max(x,s(0))) = s(0)
  sp273  landed  +(*(*(x,0),s(0)),*(x,0)) = 0  [ind 0 refl ih]
  refused (retried on growth): +(*(x,0),s(x)) = s(x)
  refused (retried on growth): *(x,s(s(0))) = +(x,x)
  refused (retried on growth): c0(x) = -(s(c0(x)),s(0))
  refused (retried on growth): 0 = -(-(x,s(0)),s(max(x,s(0))))
  refused (retried on growth): 0 = le(s(max(x,s(0))),-(x,s(0)))
  refused (retried on growth): +(+(0,x),y) = +(y,x)
  refused (retried on growth): +(x,x) = *(x,s(s(0)))
  refused (retried on growth): s(0) = le(+(x,y),s(+(s(x),y)))
  sp274  landed  le(x,0) = -(le(x,0),*(s(x),x))  [ind 0 refl refl]
  sp264  stalls; residual enters: 0 = -(x,s(+(x,*(y,s(x)))))
  refused (retried on growth): le(x,s(0)) = le(x,s(le(x,s(0))))
  sp275  landed  le(x,0) = le(*(s(x),x),le(x,0))  [ind 0 refl refl]
  refused (retried on growth): 0 = -(x,s(+(x,*(y,s(x)))))
  refused (retried on growth): le(x,0) = le(*(s(y),x),*(y,x))
  sp264  stalls; residual enters: 0 = le(s(+(x,*(y,s(x)))),x)
  sp276  landed  le(s(0),max(x,+(s(y),z))) = s(0)  [ind 0 refl refl]
  sp277  landed  le(s(0),+(x,max(x,s(0)))) = s(0)  [ind 0 refl refl]
  refused (retried on growth): 0 = le(s(+(x,*(y,s(x)))),x)
  refused (retried on growth): +(x,y) = +(y,+(0,x))
  sp278  landed  le(s(0),max(+(s(x),y),z)) = s(0)  [ind 2 refl refl]
  sp279  landed  le(s(0),*(s(x),x)) = le(s(0),x)  [ind 0 refl refl]
  refused (retried on growth): +(s(x),y) = +(s(y),x)
  sp280  landed  max(s(*(x,y)),s(0)) = s(*(x,y))  [refl]
  sp264  stalls; residual enters: s(+(x,y)) = +(y,s(x))
  refused (retried on growth): max(+(s(x),y),s(0)) = +(y,s(x))
  refused (retried on growth): s(+(x,y)) = +(y,s(x))
  sp281  stalls; residual enters: max(+(x,s(y)),s(0)) = s(+(y,x))
  refused (retried on growth): +(x,+(y,0)) = +(y,x)
  refused (retried on growth): max(+(x,s(y)),s(0)) = s(+(y,x))
  refused (retried on growth): +(x,+(x,le(0,0))) = +(x,s(x))
  refused (retried on growth): +(x,+(0,y)) = +(y,x)
  refused (retried on growth): +(+(le(0,0),x),y) = +(y,s(x))
  refused (retried on growth): +(x,y) = +(+(0,y),x)
  refused (retried on growth): +(x,*(x,le(x,0))) = x
  sp281  landed  +(+(x,le(0,0)),y) = +(x,s(y))  [ind 0 refl congsuc]
  refused (retried on growth): +(+(x,y),*(s(0),0)) = +(x,y)
  refused (retried on growth): +(x,y) = +(y,+(0,x))
  refused (retried on growth): *(s(s(s(0))),x) = +(x,+(x,x))
  sp264  stalls; residual enters: 0 = -(+(x,y),s(+(x,y)))
  sp282  landed  *(s(x),y) = +(y,*(x,+(0,y)))  [refl]
  refused (retried on growth): *(s(le(x,0)),+(x,x)) = +(x,x)
  refused (retried on growth): 0 = -(+(x,y),s(+(x,y)))
  refused (retried on growth): +(x,*(y,x)) = max(*(s(y),x),x)
  sp264  stalls; residual enters: 0 = le(s(+(x,y)),+(x,y))
  sp283  stalls; residual enters: 0 = -(+(x,y),s(s(s(+(x,y)))))
  refused (retried on growth): 0 = le(s(+(x,y)),+(x,y))
  refused (retried on growth): s(0) = le(x,s(max(x,s(0))))
  refused (retried on growth): 0 = -(+(x,y),s(s(s(+(x,y)))))
  refused (retried on growth): +(*(x,y),y) = *(s(x),y)
  sp283  stalls; residual enters: 0 = -(le(+(x,y),0),s(+(x,y)))
  sp264  stalls; residual enters: 0 = *(+(x,*(x,x)),le(x,0))
  refused (retried on growth): 0 = *(+(x,*(x,x)),le(x,0))
  refused (retried on growth): 0 = -(le(+(x,y),0),s(+(x,y)))
  refused (retried on growth): *(s(x),y) = +(*(x,y),y)
  refused (retried on growth): 0 = -(le(x,0),+(*(x,y),s(x)))
  sp264  stalls; residual enters: +(le(x,0),*(x,le(x,0))) = le(x,0)
  refused (retried on growth): +(le(x,0),*(x,le(x,0))) = le(x,0)
  refused (retried on growth): 0 = le(+(x,max(+(y,z),s(0))),0)
  refused (retried on growth): 0 = -(x,+(+(y,x),s(y)))
  refused (retried on growth): 0 = le(+(+(x,y),s(x)),+(x,x))
  refused (retried on growth): 0 = -(x,+(y,s(+(x,z))))
  refused (retried on growth): 0 = le(+(x,s(+(y,z))),+(z,x))
  refused (retried on growth): 0 = le(max(x,max(y,s(0))),0)
  sp283  stalls; residual enters: 0 = le(s(s(s(+(x,y)))),+(x,y))
  refused (retried on growth): 0 = le(+(x,max(y,s(0))),0)
  refused (retried on growth): 0 = le(s(s(s(+(x,y)))),+(x,y))
  refused (retried on growth): s(0) = le(x,s(s(s(max(x,s(0))))))
  refused (retried on growth): 0 = le(max(max(x,s(0)),y),0)
  refused (retried on growth): s(0) = le(le(x,s(0)),max(x,s(0)))
  refused (retried on growth): le(x,s(le(x,s(0)))) = le(x,s(0))
  refused (retried on growth): 0 = le(+(+(x,y),s(x)),y)
  refused (retried on growth): le(x,s(s(s(max(x,s(0)))))) = s(0)
  sp283  landed  +(x,s(le(0,0))) = +(x,s(s(0)))  [refl]
  refused (retried on growth): 0 = le(+(x,s(+(y,z))),y)
  sp284  landed  +(x,max(*(s(0),0),s(0))) = s(x)  [ind 0 refl congsuc]
  refused (retried on growth): 0 = le(+(x,s(y)),+(0,y))
  refused (retried on growth): +(x,max(s(y),s(0))) = +(y,s(x))
  refused (retried on growth): 0 = le(+(x,s(y)),+(0,y))
  sp285  stalls; residual enters: s(x) = +(x,le(0,0))
  refused (retried on growth): s(x) = max(s(x),le(y,s(0)))
  refused (retried on growth): +(x,s(y)) = +(+(le(0,0),y),x)
  sp285  landed  s(s(s(0))) = +(s(s(0)),le(0,0))  [refl]
  refused (retried on growth): s(0) = le(x,s(*(s(y),x)))
  refused (retried on growth): s(0) = le(x,+(y,s(s(x))))
  sp286  stalls; residual enters: 0 = -(+(x,y),s(+(+(x,y),z)))
  refused (retried on growth): s(0) = le(le(x,s(0)),s(y))
  refused (retried on growth): le(x,s(max(x,s(0)))) = s(0)
  refused (retried on growth): 0 = -(+(x,y),s(+(+(x,y),z)))
  refused (retried on growth): 0 = -(s(0),+(x,s(s(y))))
  sp286  stalls; residual enters: 0 = le(s(+(+(x,y),z)),+(x,y))
  refused (retried on growth): 0 = -(x,+(y,+(y,s(x))))
  refused (retried on growth): 0 = -(x,+(x,max(y,s(0))))
  refused (retried on growth): 0 = le(s(+(+(x,y),z)),+(x,y))
  sp286  landed  s(s(0)) = +(*(s(0),0),s(s(0)))  [refl]
  sp287  landed  +(*(x,0),y) = +(*(s(x),0),y)  [refl]
  refused (retried on growth): 0 = le(+(x,max(y,s(0))),0)
  refused (retried on growth): s(0) = le(x,+(s(max(x,s(0))),y))
  refused (retried on growth): 0 = le(+(x,s(s(y))),s(0))
  sp288  landed  0 = *(le(*(x,x),0),le(s(0),x))  [ind 0 refl refl]
  refused (retried on growth): 0 = le(+(x,+(x,s(y))),y)
  sp289  landed  0 = *(le(s(0),x),le(*(x,x),0))  [ind 0 refl refl]
  sp290  landed  0 = -(le(x,0),+(s(+(0,x)),x))  [ind 0 refl refl]
  refused (retried on growth): s(0) = le(x,*(s(y),s(x)))
  sp291  landed  0 = le(max(x,+(+(s(y),z),u)),0)  [ind 0 refl refl]
  sp264  stalls; residual enters: *(x,s(0)) = x
  refused (retried on growth): 0 = -(-(x,s(0)),max(x,s(0)))
  refused (retried on growth): 0 = le(max(x,s(0)),-(x,s(0)))
  refused (retried on growth): 0 = le(max(x,+(max(y,s(0)),z)),0)
  refused (retried on growth): +(x,s(x)) = +(x,+(x,s(0)))
  refused (retried on growth): 0 = le(max(x,+(y,+(y,s(z)))),0)
  sp264  stalls; residual enters: +(x,s(y)) = s(+(y,x))
  sp292  landed  0 = le(+(+(s(x),y),+(z,u)),0)  [refl]
  refused (retried on growth): +(x,s(y)) = s(+(y,x))
  sp293  landed  0 = le(+(x,max(+(0,x),s(0))),0)  [ind 0 refl refl]
  sp264  stalls; residual enters: s(0) = -(s(+(x,y)),+(x,y))
  refused (retried on growth): 0 = le(max(+(+(s(x),y),z),u),0)
  refused (retried on growth): s(0) = -(s(+(x,y)),+(x,y))
  refused (retried on growth): s(0) = le(+(x,y),+(s(x),y))
  refused (retried on growth): 0 = le(max(+(max(x,s(0)),y),z),0)
  refused (retried on growth): +(s(+(0,x)),y) = +(y,s(x))
  sp264  stalls; residual enters: s(+(x,s(y))) = +(y,s(s(x)))
  refused (retried on growth): 0 = le(max(+(x,+(x,s(y))),z),0)
  refused (retried on growth): s(+(x,s(y))) = +(y,s(s(x)))
  refused (retried on growth): 0 = le(max(+(+(s(x),y),z),u),0)
  refused (retried on growth): +(s(+(0,x)),y) = +(y,s(x))
  sp294  landed  s(0) = le(le(s(0),x),+(s(y),z))  [ind 0 refl refl]
  refused (retried on growth): +(+(x,x),y) = +(x,+(x,y))
  refused (retried on growth): s(0) = le(le(s(0),x),max(y,s(0)))
  sp295  landed  0 = le(+(s(s(x)),x),le(s(x),0))  [refl]
  refused (retried on growth): +(+(x,y),z) = +(+(z,x),y)
  sp296  landed  0 = -(le(s(0),max(x,s(y))),s(0))  [ind 0 refl refl]
  refused (retried on growth): +(*(x,0),*(x,y)) = *(x,y)
  sp297  landed  0 = -(le(s(0),max(s(x),y)),s(0))  [ind 1 refl refl]
  sp298  landed  0 = -(le(s(0),+(s(x),y)),s(0))  [refl]
  refused (retried on growth): +(*(x,y),*(x,0)) = *(x,y)
  refused (retried on growth): +(x,*(x,x)) = +(*(x,x),x)
  sp299  landed  0 = -(le(s(0),+(x,s(y))),s(0))  [ind 0 refl refl]
  sp300  landed  s(0) = le(le(x,0),*(s(y),s(z)))  [ind 0 refl refl]
  refused (retried on growth): +(x,*(x,y)) = +(*(x,y),x)
  refused (retried on growth): 0 = *(x,+(le(x,0),le(x,0)))
  refused (retried on growth): 0 = *(+(x,*(x,x)),le(x,0))
  refused (retried on growth): s(0) = le(le(x,s(0)),+(s(y),z))
  sp301  landed  0 = -(le(x,0),+(s(*(x,x)),x))  [ind 0 refl refl]
  refused (retried on growth): 0 = *(+(x,*(x,y)),le(x,0))
  sp302  landed  0 = +(*(le(0,0),0),*(0,s(0)))  [refl]
  refused (retried on growth): 0 = *(-(x,s(0)),le(x,s(0)))
  refused (retried on growth): 0 = +(*(*(x,y),0),*(0,s(0)))
  refused (retried on growth): 0 = *(le(x,s(0)),-(x,s(0)))
  sp303  landed  0 = +(*(-(0,x),0),*(0,s(0)))  [ind 0 refl refl]
  sp264  stalls; residual enters: 0 = -(+(x,y),s(s(+(x,y))))
  sp304  landed  +(s(x),y) = max(+(s(x),y),s(0))  [refl]
  refused (retried on growth): 0 = -(+(x,y),s(s(+(x,y))))
  refused (retried on growth): +(x,+(y,*(s(0),0))) = +(y,x)
  refused (retried on growth): 0 = le(+(x,s(s(y))),+(y,x))
  refused (retried on growth): +(x,+(*(s(0),0),y)) = +(y,x)
  sp305  landed  +(s(s(0)),*(s(0),0)) = s(s(0))  [refl]
  refused (retried on growth): s(0) = le(x,s(s(max(x,s(0)))))
  sp306  landed  +(le(0,0),*(le(0,0),x)) = s(x)  [ind 0 refl congsuc]
  sp264  stalls; residual enters: +(x,s(0)) = s(x)
  refused (retried on growth): +(x,+(x,y)) = +(+(x,x),y)
  refused (retried on growth): s(0) = le(s(0),max(x,+(y,s(z))))
  sp307  landed  s(0) = le(s(0),+(max(x,s(0)),x))  [ind 0 refl refl]
  refused (retried on growth): +(x,+(x,y)) = +(y,+(x,x))
  refused (retried on growth): +(x,+(x,y)) = +(+(y,x),x)
  refused (retried on growth): s(0) = le(s(0),max(+(x,s(y)),z))
  refused (retried on growth): +(x,x) = +(+(x,0),+(x,0))
  sp308  landed  -(+(*(x,0),*(x,0)),s(0)) = 0  [ind 0 refl ih]
  refused (retried on growth): +(+(s(0),x),y) = +(y,s(x))
  sp309  landed  le(x,0) = le(*(s(x),+(x,x)),0)  [ind 0 refl refl]
  sp310  landed  le(+(le(0,0),le(0,0)),s(0)) = 0  [refl]
  sp311  landed  s(0) = gcd(0,le(s(0),max(x,s(y))))  [ind 0 refl refl]
  refused (retried on growth): +(+(x,y),z) = +(+(y,z),x)
  sp312  landed  s(0) = gcd(0,le(s(0),max(s(x),y)))  [ind 1 refl refl]
  sp313  landed  s(0) = gcd(0,le(s(0),+(s(x),y)))  [refl]
  refused (retried on growth): +(+(x,y),z) = +(x,+(z,y))
  sp314  landed  s(0) = gcd(0,le(s(0),+(x,s(y))))  [ind 0 refl refl]
  refused (retried on growth): +(+(x,y),y) = +(y,+(y,x))
  sp315  landed  s(0) = gcd(le(s(0),max(x,s(y))),0)  [ind 0 refl refl]
  refused (retried on growth): +(+(x,y),*(y,0)) = +(x,y)
  sp316  landed  s(0) = gcd(le(s(0),max(s(x),y)),0)  [ind 1 refl refl]
  sp317  landed  s(0) = gcd(le(s(0),+(s(x),y)),0)  [refl]
  refused (retried on growth): +(x,+(y,z)) = +(+(y,z),x)
  sp318  landed  s(0) = gcd(le(s(0),+(x,s(y))),0)  [ind 0 refl refl]
  refused (retried on growth): 0 = -(le(x,s(0)),max(x,s(0)))
  sp319  stalls; residual enters: +(x,s(y)) = max(+(y,x),s(+(y,x)))
  sp264  stalls; residual enters: 0 = le(s(+(x,*(y,x))),*(y,x))
  refused (retried on growth): 0 = le(s(+(x,*(y,x))),*(y,x))
  refused (retried on growth): +(x,s(y)) = max(+(y,x),s(+(y,x)))
  sp264  stalls; residual enters: +(x,s(s(y))) = s(s(+(y,x)))
  refused (retried on growth): +(x,s(y)) = max(+(s(y),x),+(y,x))
  refused (retried on growth): +(x,s(s(y))) = s(s(+(y,x)))
  sp319  stalls; residual enters: s(+(x,+(y,y))) = +(+(y,x),s(y))
  refused (retried on growth): +(s(x),s(y)) = +(s(y),s(x))
  refused (retried on growth): s(+(x,+(y,y))) = +(+(y,x),s(y))
  refused (retried on growth): s(0) = le(x,+(+(y,x),s(y)))
  sp319  stalls; residual enters: s(+(x,+(y,z))) = +(z,s(+(x,y)))
  refused (retried on growth): s(0) = le(x,+(y,s(+(x,z))))
  refused (retried on growth): s(+(x,+(y,z))) = +(z,s(+(x,y)))
  refused (retried on growth): s(0) = le(le(x,0),max(y,s(0)))
  refused (retried on growth): le(x,s(s(max(x,s(0))))) = s(0)
  refused (retried on growth): le(s(c0(x)),s(y)) = le(c0(x),y)
  refused (retried on growth): le(s(c0(x)),s(0)) = le(c0(x),0)
  sp319  stalls; residual enters: +(*(x,y),*(x,0)) = *(x,y)
  sp264  stalls; residual enters: +(x,s(y)) = max(y,s(+(y,x)))
  refused (retried on growth): +(*(x,y),*(x,0)) = *(x,y)
  refused (retried on growth): +(x,s(y)) = max(y,s(+(y,x)))
  sp319  landed  +(s(x),s(s(0))) = +(x,s(s(s(0))))  [ind 0 refl congsuc]
  refused (retried on growth): +(x,s(y)) = max(y,+(y,s(x)))
  sp320  stalls; residual enters: +(*(x,0),*(x,y)) = *(x,y)
  refused (retried on growth): +(x,s(y)) = max(+(s(y),x),y)
  refused (retried on growth): +(*(x,0),*(x,y)) = *(x,y)
  refused (retried on growth): *(x,y) = +(*(x,0),*(x,y))
  sp320  landed  +(s(s(s(0))),x) = +(s(s(0)),s(x))  [refl]
  refused (retried on growth): *(x,x) = +(*(x,x),*(x,0))
  refused (retried on growth): c0(x) = -(+(y,c0(x)),+(0,y))
  refused (retried on growth): c0(x) = -(+(y,c0(x)),+(0,y))
  sp321  landed  +(x,s(s(y))) = -(+(x,s(s(y))),0)  [refl]
  sp322  landed  *(s(x),x) = -(*(s(x),x),le(x,0))  [ind 0 refl refl]
  refused (retried on growth): +(x,s(y)) = -(+(s(y),x),0)
  refused (retried on growth): 0 = *(+(x,+(x,+(x,x))),le(x,0))
  sp323  landed  0 = *(le(x,0),+(x,+(x,+(x,x))))  [ind 0 refl refl]
  refused (retried on growth): s(0) = le(x,+(y,+(y,s(x))))
  refused (retried on growth): +(x,s(y)) = -(+(s(y),x),0)
  refused (retried on growth): le(x,0) = le(+(y,+(y,x)),+(y,y))
  refused (retried on growth): +(x,+(*(x,0),y)) = +(y,x)
  refused (retried on growth): le(x,0) = le(+(+(x,y),z),+(y,z))
  sp264  stalls; residual enters: +(x,+(y,s(0))) = s(+(x,y))
  sp324  stalls; residual enters: 0 = le(+(max(x,s(0)),*(x,max(x,s(0)))),*(x,x))
  refused (retried on growth): +(x,+(y,s(0))) = s(+(x,y))
  refused (retried on growth): 0 = le(+(max(x,s(0)),*(x,max(x,s(0)))),*(x,x))
  sp264  stalls; residual enters: *(x,le(0,0)) = x
  sp264  landed  *(x,le(0,0)) = x  [ind 0 refl congsuc]
  refused (retried on growth): s(s(0)) = -(+(x,s(s(y))),+(y,x))
  sp265  landed  +(-(0,x),*(-(0,x),0)) = 0  [ind 0 refl refl]
  sp324  landed  +(s(s(0)),s(s(x))) = s(s(s(s(x))))  [refl]
  sp266  landed  s(0) = le(s(0),+(s(s(x)),y))  [refl]
  refused (retried on growth): +(x,+(x,+(0,y))) = +(y,+(x,x))
  refused (retried on growth): +(x,s(y)) = gcd(+(s(y),x),0)
  sp267  landed  max(x,s(0)) = gcd(max(x,s(0)),0)  [ind 0 refl refl]
  refused (retried on growth): +(x,+(x,+(0,y))) = +(y,+(x,x))
  refused (retried on growth): +(x,s(y)) = gcd(0,+(s(y),x))
  sp325  landed  +(+(+(0,x),y),z) = +(x,+(y,z))  [ind 0 refl congsuc]
  sp268  landed  max(x,s(0)) = gcd(0,max(x,s(0)))  [ind 0 refl refl]
  sp326  landed  +(+(x,+(0,y)),z) = +(x,+(y,z))  [ind 0 refl congsuc]
  refused (retried on growth): *(x,y) = +(*(x,y),*(x,0))
  refused (retried on growth): *(x,x) = +(*(x,0),*(x,x))
  refused (retried on growth): +(+(x,y),s(z)) = +(x,+(s(y),z))
  refused (retried on growth): +(+(x,0),+(x,0)) = +(x,x)
  sp327  landed  *(s(le(s(0),x)),le(x,0)) = le(x,0)  [ind 0 refl refl]
  refused (retried on growth): +(x,s(y)) = -(+(s(y),x),0)
  refused (retried on growth): +(x,+(y,y)) = max(+(y,+(y,x)),x)
  refused (retried on growth): +(x,s(y)) = gcd(0,+(s(y),x))
  sp328  landed  +(+(0,x),y) = max(+(x,y),+(0,x))  [ind 0 refl congsuc]
  refused (retried on growth): 0 = -(-(x,s(0)),s(s(max(x,s(0)))))
  refused (retried on growth): +(x,s(y)) = gcd(+(s(y),x),0)
  refused (retried on growth): 0 = le(s(s(max(x,s(0)))),-(x,s(0)))
  refused (retried on growth): s(0) = -(max(x,s(0)),-(x,s(0)))
  sp269  landed  +(*(0,0),*(max(0,s(0)),x)) = x  [ind 0 refl congsuc]
  sp329  stalls; residual enters: +(*(x,x),s(x)) = s(+(x,*(x,x)))
  sp270  landed  +(*(0,s(*(0,0))),*(0,0)) = 0  [refl]
  refused (retried on growth): +(*(x,x),s(x)) = s(+(x,*(x,x)))
  sp271  landed  +(*(*(0,0),s(0)),*(0,0)) = 0  [refl]
  sp272  landed  +(*(0,s(*(x,0))),*(x,0)) = 0  [ind 0 refl ih]
  refused (retried on growth): +(s(s(x)),s(y)) = +(s(y),s(s(x)))
  sp273  landed  +(*(*(x,0),s(0)),*(x,0)) = 0  [ind 0 refl ih]
  refused (retried on growth): 0 = -(-(x,s(0)),s(max(x,s(0))))
  sp329  stalls; residual enters: +(*(x,y),s(x)) = s(+(x,*(x,y)))
  refused (retried on growth): 0 = le(s(max(x,s(0))),-(x,s(0)))
  refused (retried on growth): +(*(x,y),s(x)) = s(+(x,*(x,y)))
  refused (retried on growth): s(0) = le(+(x,y),s(+(s(x),y)))
  sp274  landed  le(x,0) = -(le(x,0),*(s(x),x))  [ind 0 refl refl]
  refused (retried on growth): le(x,s(0)) = le(x,s(le(x,s(0))))
  refused (retried on growth): +(x,s(y)) = max(+(s(y),x),le(z,0))
  sp275  landed  le(x,0) = le(*(s(x),x),le(x,0))  [ind 0 refl refl]
  refused (retried on growth): le(x,0) = le(*(s(y),x),*(y,x))
  refused (retried on growth): max(x,s(0)) = max(max(x,s(0)),le(y,0))
  sp276  landed  le(s(0),max(x,+(s(y),z))) = s(0)  [ind 0 refl refl]
  refused (retried on growth): s(0) = le(x,+(s(s(-(x,s(0)))),y))
  sp277  landed  le(s(0),+(x,max(x,s(0)))) = s(0)  [ind 0 refl refl]
  refused (retried on growth): s(0) = le(+(x,y),s(s(+(s(x),y))))
  sp278  landed  le(s(0),max(+(s(x),y),z)) = s(0)  [ind 2 refl refl]
  sp329  landed  le(x,0) = le(+(x,*(+(0,x),y)),0)  [ind 0 refl refl]
  sp279  landed  le(s(0),*(s(x),x)) = le(s(0),x)  [ind 0 refl refl]
  sp280  landed  max(s(*(x,y)),s(0)) = s(*(x,y))  [refl]
  refused (retried on growth): le(x,+(s(s(-(x,s(0)))),y)) = s(0)
  refused (retried on growth): max(+(s(x),y),s(0)) = +(y,s(x))
  refused (retried on growth): le(x,+(y,s(s(-(x,s(0)))))) = s(0)
  sp281  stalls; residual enters: max(+(x,s(y)),s(0)) = s(+(y,x))
  refused (retried on growth): max(+(x,s(y)),s(0)) = s(+(y,x))
  refused (retried on growth): le(x,+(s(y),s(-(x,s(0))))) = s(0)
  refused (retried on growth): +(x,+(x,le(0,0))) = +(x,s(x))
  refused (retried on growth): le(x,s(0)) = le(+(s(x),y),s(s(y)))
  refused (retried on growth): +(+(le(0,0),x),y) = +(y,s(x))
  sp330  landed  le(s(0),x) = le(s(0),+(x,+(0,x)))  [ind 0 refl refl]
  sp281  landed  +(+(x,le(0,0)),y) = +(x,s(y))  [ind 0 refl congsuc]
  refused (retried on growth): +(*(x,0),s(*(x,y))) = s(*(x,y))
  refused (retried on growth): +(+(x,y),*(s(0),0)) = +(x,y)
  refused (retried on growth): *(s(s(s(0))),x) = +(x,+(x,x))
  sp331  stalls; residual enters: s(+(x,s(y))) = max(y,+(x,s(s(y))))
  sp282  landed  *(s(x),y) = +(y,*(x,+(0,y)))  [refl]
  refused (retried on growth): *(s(le(x,0)),+(x,x)) = +(x,x)
  refused (retried on growth): s(+(x,s(y))) = max(y,+(x,s(s(y))))
  refused (retried on growth): +(x,*(y,x)) = max(*(s(y),x),x)
  refused (retried on growth): +(*(x,y),s(*(x,0))) = s(*(x,y))
  sp283  stalls; residual enters: 0 = -(+(x,y),s(s(s(+(x,y)))))
  sp331  stalls; residual enters: s(+(x,s(y))) = max(+(x,s(s(y))),y)
  refused (retried on growth): 0 = -(+(x,y),s(s(s(+(x,y)))))
  refused (retried on growth): s(+(x,s(y))) = max(+(x,s(s(y))),y)
  sp283  stalls; residual enters: 0 = -(le(+(x,y),0),s(+(x,y)))
  sp331  landed  s(s(s(s(0)))) = +(s(s(0)),s(s(0)))  [refl]
  sp332  landed  s(x) = +(s(*(x,s(0))),*(s(x),0))  [ind 0 refl congsuc]
  refused (retried on growth): 0 = -(le(+(x,y),0),s(+(x,y)))
  refused (retried on growth): *(x,+(le(0,0),le(0,0))) = +(x,x)
  refused (retried on growth): 0 = -(le(x,0),+(*(x,y),s(x)))
  refused (retried on growth): *(x,+(y,y)) = *(+(x,+(0,x)),y)
  refused (retried on growth): 0 = le(+(x,max(+(y,z),s(0))),0)
  refused (retried on growth): *(x,+(y,y)) = *(+(x,+(0,x)),y)
  refused (retried on growth): +(x,x) = *(x,+(le(0,0),le(0,0)))
  refused (retried on growth): 0 = le(+(+(x,y),s(x)),+(x,x))
  refused (retried on growth): +(x,x) = max(+(x,+(x,0)),+(x,x))
  refused (retried on growth): +(x,y) = max(+(+(0,x),y),+(x,y))
  refused (retried on growth): 0 = le(+(x,s(+(y,z))),+(z,x))
  refused (retried on growth): +(x,x) = +(+(x,x),*(x,+(0,0)))
  sp333  landed  s(s(0)) = +(*(s(s(0)),0),s(s(0)))  [refl]
  sp283  stalls; residual enters: 0 = le(s(s(s(+(x,y)))),+(x,y))
  refused (retried on growth): 0 = le(s(s(s(+(x,y)))),+(x,y))
  refused (retried on growth): 0 = -(-(x,s(0)),+(max(x,s(0)),y))
  refused (retried on growth): s(0) = le(x,s(s(s(max(x,s(0))))))
  refused (retried on growth): s(0) = le(le(x,s(0)),max(x,s(0)))
  refused (retried on growth): 0 = le(+(max(x,s(0)),y),-(x,s(0)))
  refused (retried on growth): le(x,s(le(x,s(0)))) = le(x,s(0))
  refused (retried on growth): le(x,s(s(s(max(x,s(0)))))) = s(0)
  refused (retried on growth): +(x,+(y,y)) = +(y,+(y,+(0,x)))
  sp283  landed  +(x,s(le(0,0))) = +(x,s(s(0)))  [refl]
  sp284  landed  +(x,max(*(s(0),0),s(0))) = s(x)  [ind 0 refl congsuc]
  refused (retried on growth): +(+(x,x),y) = +(+(x,+(x,0)),y)
  sp334  landed  +(+(x,y),z) = +(+(+(0,x),y),z)  [refl]
  refused (retried on growth): +(x,max(s(y),s(0))) = +(y,s(x))
  sp335  landed  +(x,s(s(0))) = +(s(s(0)),+(0,x))  [ind 0 refl congsuc]
  sp285  stalls; residual enters: s(x) = +(x,le(0,0))
  sp336  landed  +(s(s(0)),x) = +(+(s(s(0)),0),x)  [refl]
  sp337  landed  +(s(x),+(y,z)) = +(x,+(s(y),z))  [ind 0 refl congsuc]
  refused (retried on growth): +(x,s(y)) = +(+(le(0,0),y),x)
  sp285  landed  s(s(s(0))) = +(s(s(0)),le(0,0))  [refl]
  sp338  landed  +(s(s(s(0))),x) = +(s(x),s(s(0)))  [ind 0 refl congsuc]
  sp339  landed  0 = *(le(x,0),+(+(x,x),+(x,x)))  [ind 0 refl refl]
  sp340  landed  0 = *(le(x,0),+(+(x,0),+(x,0)))  [ind 0 refl refl]
  sp286  stalls; residual enters: 0 = -(+(x,y),s(+(+(x,y),z)))
  sp341  landed  0 = *(le(x,0),+(+(x,+(x,x)),x))  [ind 0 refl refl]
  refused (retried on growth): 0 = -(+(x,y),s(+(+(x,y),z)))
  refused (retried on growth): s(0) = le(+(x,y),+(+(s(x),y),z))
  sp286  stalls; residual enters: 0 = le(s(+(+(x,y),z)),+(x,y))
  refused (retried on growth): s(0) = le(x,+(y,s(s(-(x,s(0))))))
  refused (retried on growth): s(0) = le(x,+(s(y),s(-(x,s(0)))))
  refused (retried on growth): 0 = le(s(+(+(x,y),z)),+(x,y))
  sp286  landed  s(s(0)) = +(*(s(0),0),s(s(0)))  [refl]
  sp342  landed  0 = *(le(s(0),x),le(s(0),le(x,0)))  [ind 0 refl refl]
  sp287  landed  +(*(x,0),y) = +(*(s(x),0),y)  [refl]
  sp343  landed  0 = *(le(x,0),le(s(0),le(s(0),x)))  [ind 0 refl refl]
  sp344  landed  0 = *(le(x,0),le(s(0),*(s(x),x)))  [ind 0 refl refl]
  refused (retried on growth): s(0) = le(x,+(s(max(x,s(0))),y))
  sp345  landed  0 = *(le(s(0),le(x,0)),le(s(0),x))  [ind 0 refl refl]
  sp288  landed  0 = *(le(*(x,x),0),le(s(0),x))  [ind 0 refl refl]
  sp346  landed  0 = *(le(s(0),le(s(0),x)),le(x,0))  [ind 0 refl refl]
  sp289  landed  0 = *(le(s(0),x),le(*(x,x),0))  [ind 0 refl refl]
  sp290  landed  0 = -(le(x,0),+(s(+(0,x)),x))  [ind 0 refl refl]
  sp347  landed  0 = *(le(s(0),*(s(x),x)),le(x,0))  [ind 0 refl refl]
  sp291  landed  0 = le(max(x,+(+(s(y),z),u)),0)  [ind 0 refl refl]
  sp348  landed  0 = -(s(0),+(*(x,0),s(*(x,0))))  [ind 0 refl ih]
  sp349  landed  +(s(x),s(x)) = -(+(s(x),s(x)),0)  [refl]
  sp350  landed  +(s(s(0)),x) = -(+(x,s(s(0))),0)  [ind 0 refl congsuc]
  refused (retried on growth): 0 = le(max(x,+(max(y,s(0)),z)),0)
  sp351  landed  0 = +(*(*(x,0),*(x,0)),*(x,0))  [ind 0 refl ih]
  sp352  landed  0 = +(*(le(s(0),0),x),le(s(0),0))  [refl]
  refused (retried on growth): 0 = le(max(x,+(y,+(y,s(z)))),0)
  sp292  landed  0 = le(+(+(s(x),y),+(z,u)),0)  [refl]
  sp353  landed  0 = *(le(x,0),+(*(+(0,x),y),x))  [ind 0 refl refl]
  sp293  landed  0 = le(+(x,max(+(0,x),s(0))),0)  [ind 0 refl refl]
  sp354  landed  s(0) = -(s(0),+(*(x,0),*(x,0)))  [ind 0 refl ih]
  sp355  landed  le(x,0) = -(le(x,0),+(+(0,x),x))  [ind 0 refl refl]
  sp356  landed  s(0) = le(+(*(x,0),*(x,0)),s(0))  [ind 0 refl ih]
  refused (retried on growth): 0 = le(max(+(+(s(x),y),z),u),0)
  sp357  landed  0 = -(le(s(0),x),s(le(*(x,x),0)))  [ind 0 refl refl]
  sp358  landed  0 = -(le(s(0),+(x,s(s(y)))),s(0))  [ind 0 refl refl]
  refused (retried on growth): 0 = le(max(+(max(x,s(0)),y),z),0)
  sp359  landed  0 = -(le(*(x,x),0),s(le(s(0),x)))  [ind 0 refl refl]
  sp360  landed  s(0) = le(le(x,0),+(+(s(y),z),u))  [ind 0 refl refl]
  refused (retried on growth): 0 = le(max(+(x,+(x,s(y))),z),0)
  refused (retried on growth): 0 = le(max(+(+(s(x),y),z),u),0)
  refused (retried on growth): s(0) = le(le(x,0),+(max(y,s(0)),z))
  sp294  landed  s(0) = le(le(s(0),x),+(s(y),z))  [ind 0 refl refl]
  refused (retried on growth): s(0) = le(le(x,0),+(y,+(y,s(z))))
  refused (retried on growth): s(0) = le(le(s(0),x),max(y,s(0)))
  sp295  landed  0 = le(+(s(s(x)),x),le(s(x),0))  [refl]
  sp361  landed  s(0) = le(s(0),+(s(x),*(s(x),y)))  [refl]
  sp296  landed  0 = -(le(s(0),max(x,s(y))),s(0))  [ind 0 refl refl]
  sp362  landed  s(0) = le(le(s(0),x),+(+(0,x),x))  [ind 0 refl refl]
  sp363  landed  le(x,0) = le(+(x,+(+(x,x),x)),0)  [ind 0 refl refl]
  sp297  landed  0 = -(le(s(0),max(s(x),y)),s(0))  [ind 1 refl refl]
  sp298  landed  0 = -(le(s(0),+(s(x),y)),s(0))  [refl]
  sp299  landed  0 = -(le(s(0),+(x,s(y))),s(0))  [ind 0 refl refl]
  refused (retried on growth): +(x,+(y,z)) = max(+(+(y,x),z),x)
  sp300  landed  s(0) = le(le(x,0),*(s(y),s(z)))  [ind 0 refl refl]
  refused (retried on growth): +(x,+(y,*(+(x,y),0))) = +(y,x)
  refused (retried on growth): s(0) = le(le(x,s(0)),+(s(y),z))
  sp364  landed  +(x,+(s(0),y)) = max(+(s(x),y),x)  [ind 0 refl congsuc]
  sp301  landed  0 = -(le(x,0),+(s(*(x,x)),x))  [ind 0 refl refl]
  sp365  stalls; residual enters: +(x,s(s(x))) = s(+(x,s(x)))
  sp302  landed  0 = +(*(le(0,0),0),*(0,s(0)))  [refl]
  refused (retried on growth): +(x,s(s(x))) = s(+(x,s(x)))
  refused (retried on growth): 0 = +(*(*(x,y),0),*(0,s(0)))
  sp365  landed  +(le(0,0),s(le(0,0))) = s(s(s(0)))  [refl]
  sp303  landed  0 = +(*(-(0,x),0),*(0,s(0)))  [ind 0 refl refl]
  refused (retried on growth): +(s(x),s(s(x))) = +(s(s(x)),s(x))
  sp304  landed  +(s(x),y) = max(+(s(x),y),s(0))  [refl]
  sp366  landed  +(s(s(0)),*(s(s(0)),0)) = s(s(0))  [refl]
  sp367  landed  +(s(s(0)),s(x)) = +(x,s(s(s(0))))  [ind 0 refl congsuc]
  refused (retried on growth): +(x,+(y,*(s(0),0))) = +(y,x)
  sp368  landed  +(max(*(x,0),s(0)),*(x,0)) = s(0)  [ind 0 refl ih]
  refused (retried on growth): +(x,+(*(s(0),0),y)) = +(y,x)
  sp369  landed  s(0) = max(le(s(0),max(x,s(y))),s(0))  [ind 0 refl refl]
  sp305  landed  +(s(s(0)),*(s(0),0)) = s(s(0))  [refl]
  sp306  landed  +(le(0,0),*(le(0,0),x)) = s(x)  [ind 0 refl congsuc]
  sp370  landed  s(0) = max(le(s(0),max(s(x),y)),s(0))  [ind 1 refl refl]
  sp371  landed  s(0) = max(le(s(0),+(s(x),y)),s(0))  [refl]
  sp372  landed  s(0) = max(le(s(0),+(x,s(y))),s(0))  [ind 0 refl refl]
  refused (retried on growth): s(0) = le(s(0),max(x,+(y,s(z))))
  sp373  landed  +(+(0,0),*(+(0,0),+(0,0))) = 0  [refl]
  sp307  landed  s(0) = le(s(0),+(max(x,s(0)),x))  [ind 0 refl refl]
  sp374  landed  +(*(x,0),*(*(x,0),*(x,0))) = 0  [ind 0 refl ih]
  sp375  landed  +(le(x,0),*(le(x,0),x)) = le(x,0)  [ind 0 refl refl]
  refused (retried on growth): s(0) = le(s(0),max(+(x,s(y)),z))
  refused (retried on growth): +(*(x,y),*(*(x,y),0)) = *(x,y)
  sp308  landed  -(+(*(x,0),*(x,0)),s(0)) = 0  [ind 0 refl ih]
  sp376  landed  -(+(le(0,0),le(0,0)),s(0)) = s(0)  [refl]
  sp309  landed  le(x,0) = le(*(s(x),+(x,x)),0)  [ind 0 refl refl]
  sp377  landed  le(x,0) = le(+(+(x,x),*(x,0)),0)  [ind 0 refl refl]
  sp310  landed  le(+(le(0,0),le(0,0)),s(0)) = 0  [refl]
  sp311  landed  s(0) = gcd(0,le(s(0),max(x,s(y))))  [ind 0 refl refl]
  sp378  landed  0 = le(+(+(s(0),s(0)),+(x,x)),0)  [refl]
  sp379  landed  le(s(0),le(s(0),max(x,s(y)))) = s(0)  [ind 0 refl refl]
  sp312  landed  s(0) = gcd(0,le(s(0),max(s(x),y)))  [ind 1 refl refl]
  sp313  landed  s(0) = gcd(0,le(s(0),+(s(x),y)))  [refl]
  sp380  landed  le(s(0),le(s(0),max(s(x),y))) = s(0)  [ind 1 refl refl]
  sp314  landed  s(0) = gcd(0,le(s(0),+(x,s(y))))  [ind 0 refl refl]
  sp381  landed  le(s(0),le(s(0),+(s(x),y))) = s(0)  [refl]
  sp315  landed  s(0) = gcd(le(s(0),max(x,s(y))),0)  [ind 0 refl refl]
  sp382  landed  le(s(0),le(s(0),+(x,s(y)))) = s(0)  [ind 0 refl refl]
  sp383  landed  0 = +(*(le(0,0),0),*(le(0,0),0))  [refl]
  sp316  landed  s(0) = gcd(le(s(0),max(s(x),y)),0)  [ind 1 refl refl]
  sp384  landed  0 = +(*(-(0,x),0),*(-(0,x),0))  [ind 0 refl refl]
  sp317  landed  s(0) = gcd(le(s(0),+(s(x),y)),0)  [refl]
  sp318  landed  s(0) = gcd(le(s(0),+(x,s(y))),0)  [ind 0 refl refl]
  refused (retried on growth): max(+(x,y),s(0)) = max(+(y,x),s(0))
  sp319  stalls; residual enters: +(x,s(y)) = max(+(y,x),s(+(y,x)))
  refused (retried on growth): max(+(x,y),s(0)) = max(+(y,x),s(0))
  refused (retried on growth): +(x,s(y)) = max(+(y,x),s(+(y,x)))
  refused (retried on growth): max(+(x,y),s(0)) = max(+(y,x),s(0))
  refused (retried on growth): +(x,s(y)) = max(+(s(y),x),+(y,x))
  sp385  landed  le(s(0),+(x,*(x,0))) = le(s(0),x)  [ind 0 refl refl]
  sp319  stalls; residual enters: s(+(x,+(y,y))) = +(+(y,x),s(y))
  sp386  stalls; residual enters: +(x,*(x,0)) = x
  sp386  landed  s(0) = gcd(0,le(s(0),+(x,s(s(y)))))  [ind 0 refl refl]
  refused (retried on growth): s(+(x,+(y,y))) = +(+(y,x),s(y))
  sp387  landed  s(0) = gcd(le(s(0),+(x,s(s(y)))),0)  [ind 0 refl refl]
  sp388  stalls; residual enters: x = +(x,*(0,x))
  sp319  stalls; residual enters: s(+(x,+(y,z))) = +(z,s(+(x,y)))
  sp388  landed  +(x,x) = +(*(s(s(0)),0),+(x,x))  [refl]
  sp389  stalls; residual enters: s(x) = +(*(x,0),s(*(x,s(0))))
  refused (retried on growth): s(+(x,+(y,z))) = +(z,s(+(x,y)))
  refused (retried on growth): s(x) = +(*(x,0),s(*(x,s(0))))
  sp319  stalls; residual enters: +(*(x,y),*(x,0)) = *(x,y)
  sp389  landed  +(+(+(0,0),0),+(+(0,0),0)) = 0  [refl]
  refused (retried on growth): +(*(x,y),*(x,0)) = *(x,y)
  refused (retried on growth): +(x,+(y,y)) = +(y,+(y,+(0,x)))
  sp319  landed  +(s(x),s(s(0))) = +(x,s(s(s(0))))  [ind 0 refl congsuc]
  refused (retried on growth): +(+(x,x),y) = +(+(x,+(x,0)),y)
  sp320  stalls; residual enters: +(*(x,0),*(x,y)) = *(x,y)
  refused (retried on growth): max(x,s(0)) = max(-(x,s(0)),max(x,s(0)))
  refused (retried on growth): max(x,s(0)) = max(max(x,s(0)),-(x,s(0)))
  refused (retried on growth): +(*(x,0),*(x,y)) = *(x,y)
  sp390  landed  +(s(*(max(0,s(0)),x)),*(0,0)) = s(x)  [ind 0 refl congsuc]
  sp320  landed  +(s(s(s(0))),x) = +(s(s(0)),s(x))  [refl]
  sp391  landed  +(s(*(0,0)),*(0,s(*(0,0)))) = s(0)  [refl]
  sp321  landed  +(x,s(s(y))) = -(+(x,s(s(y))),0)  [refl]
  sp392  landed  +(s(*(0,0)),*(*(0,0),s(0))) = s(0)  [refl]
  sp322  landed  *(s(x),x) = -(*(s(x),x),le(x,0))  [ind 0 refl refl]
  sp393  landed  +(s(*(x,0)),*(0,s(*(x,0)))) = s(0)  [ind 0 refl ih]
  refused (retried on growth): 0 = *(+(x,+(x,+(x,x))),le(x,0))
  sp394  landed  +(s(*(x,0)),*(*(x,0),s(0))) = s(0)  [ind 0 refl ih]
  sp323  landed  0 = *(le(x,0),+(x,+(x,+(x,x))))  [ind 0 refl refl]
  sp395  landed  +(*(0,s(*(s(0),0))),*(s(0),0)) = 0  [refl]
  sp396  landed  +(*(*(s(0),0),s(0)),*(s(0),0)) = 0  [refl]
  refused (retried on growth): le(x,0) = le(+(y,+(y,x)),+(y,y))
  refused (retried on growth): -(x,s(0)) = -(-(x,s(0)),le(x,s(0)))
  refused (retried on growth): le(x,s(0)) = -(le(x,s(0)),-(x,s(0)))
  refused (retried on growth): le(x,0) = le(+(+(x,y),z),+(y,z))
  refused (retried on growth): s(s(0)) = -(s(max(x,s(0))),-(x,s(0)))
  sp324  stalls; residual enters: 0 = le(+(max(x,s(0)),*(x,max(x,s(0)))),*(x,x))
  sp397  landed  le(s(0),+(max(x,s(0)),*(x,x))) = s(0)  [ind 0 refl refl]
  refused (retried on growth): 0 = le(+(max(x,s(0)),*(x,max(x,s(0)))),*(x,x))
  refused (retried on growth): le(s(0),-(x,s(0))) = le(le(x,s(0)),0)
  refused (retried on growth): s(s(0)) = -(+(x,s(s(y))),+(y,x))
  sp398  landed  max(le(s(0),x),s(0)) = max(le(x,0),s(0))  [ind 0 refl refl]
  sp324  landed  +(s(s(0)),s(s(x))) = s(s(s(s(x))))  [refl]
  sp399  landed  max(+(s(x),y),s(0)) = gcd(+(s(x),y),0)  [refl]
  sp400  landed  max(+(x,s(y)),s(0)) = gcd(+(x,s(y)),0)  [ind 0 refl refl]
  refused (retried on growth): +(x,+(x,+(0,y))) = +(y,+(x,x))
  sp401  landed  max(+(s(x),y),s(0)) = gcd(0,+(s(x),y))  [refl]
  sp402  landed  max(+(x,s(y)),s(0)) = gcd(0,+(x,s(y)))  [ind 0 refl refl]
  refused (retried on growth): +(x,+(x,+(0,y))) = +(y,+(x,x))
  sp325  landed  +(+(+(0,x),y),z) = +(x,+(y,z))  [ind 0 refl congsuc]
  sp403  stalls; residual enters: max(+(x,s(s(y))),s(0)) = s(s(+(y,x)))
  sp326  landed  +(+(x,+(0,y)),z) = +(x,+(y,z))  [ind 0 refl congsuc]
  refused (retried on growth): max(+(x,s(s(y))),s(0)) = s(s(+(y,x)))
  refused (retried on growth): +(+(x,y),s(z)) = +(x,+(s(y),z))
  sp403  landed  +(+(x,*(0,0)),*(0,s(*(0,0)))) = x  [ind 0 refl congsuc]
  sp327  landed  *(s(le(s(0),x)),le(x,0)) = le(x,0)  [ind 0 refl refl]
  sp404  landed  +(+(x,*(0,0)),*(*(0,0),s(0))) = x  [ind 0 refl congsuc]
  refused (retried on growth): +(x,+(y,y)) = max(+(y,+(y,x)),x)
  refused (retried on growth): +(+(x,*(y,0)),*(0,s(*(y,0)))) = x
  sp328  landed  +(+(0,x),y) = max(+(x,y),+(0,x))  [ind 0 refl congsuc]
  refused (retried on growth): 0 = -(-(x,s(0)),s(s(max(x,s(0)))))
  refused (retried on growth): +(+(x,*(y,0)),*(*(y,0),s(0))) = x
  refused (retried on growth): 0 = le(s(s(max(x,s(0)))),-(x,s(0)))
  sp329  stalls; residual enters: +(*(x,x),s(x)) = s(+(x,*(x,x)))
  refused (retried on growth): *(+(x,s(x)),y) = +(y,*(x,+(y,y)))
  refused (retried on growth): +(*(x,x),s(x)) = s(+(x,*(x,x)))
  sp405  landed  *(s(le(x,0)),le(s(0),x)) = le(s(0),x)  [ind 0 refl refl]
  refused (retried on growth): +(s(s(x)),s(y)) = +(s(y),s(s(x)))
  sp406  landed  +(s(s(0)),x) = max(+(s(s(0)),x),s(0))  [refl]
  refused (retried on growth): 0 = -(+(x,x),s(+(+(x,0),+(x,0))))
  sp329  stalls; residual enters: +(*(x,y),s(x)) = s(+(x,*(x,y)))
  sp407  landed  0 = -(le(x,0),+(+(x,+(x,x)),s(x)))  [ind 0 refl refl]
  refused (retried on growth): +(*(x,y),s(x)) = s(+(x,*(x,y)))
  sp408  stalls; residual enters: 0 = le(s(+(max(x,s(0)),*(x,max(x,s(0))))),*(x,x))
  refused (retried on growth): 0 = le(s(+(max(x,s(0)),*(x,max(x,s(0))))),*(x,x))
  refused (retried on growth): +(x,s(y)) = max(+(s(y),x),le(z,0))
  sp408  landed  0 = le(+(+(x,0),s(+(x,0))),+(0,0))  [ind 0 refl refl]
  refused (retried on growth): max(x,s(0)) = max(le(x,s(0)),max(x,s(0)))
  refused (retried on growth): max(x,s(0)) = max(max(x,s(0)),le(y,0))
  refused (retried on growth): max(x,s(0)) = max(max(x,s(0)),le(x,s(0)))
  refused (retried on growth): s(0) = le(x,+(s(s(-(x,s(0)))),y))
  refused (retried on growth): le(x,s(0)) = le(*(s(y),x),s(*(y,x)))
  refused (retried on growth): s(0) = le(+(x,y),s(s(+(s(x),y))))
  sp329  landed  le(x,0) = le(+(x,*(+(0,x),y)),0)  [ind 0 refl refl]
  sp409  stalls; residual enters: +(*(x,y),s(y)) = max(y,s(+(y,*(x,y))))
  refused (retried on growth): le(x,+(s(s(-(x,s(0)))),y)) = s(0)
  refused (retried on growth): +(*(x,y),s(y)) = max(y,s(+(y,*(x,y))))
  refused (retried on growth): le(x,+(y,s(s(-(x,s(0)))))) = s(0)
  sp409  landed  +(*(0,0),s(*(max(0,s(0)),x))) = s(x)  [ind 0 refl congsuc]
  sp410  landed  +(*(0,s(*(0,0))),s(*(0,0))) = s(0)  [refl]
  refused (retried on growth): le(x,+(s(y),s(-(x,s(0))))) = s(0)
  sp411  landed  +(*(*(0,0),s(0)),s(*(0,0))) = s(0)  [refl]
  sp412  landed  +(*(0,s(*(x,0))),s(*(x,0))) = s(0)  [ind 0 refl ih]
  refused (retried on growth): le(x,s(0)) = le(+(s(x),y),s(s(y)))
  sp413  landed  +(*(*(x,0),s(0)),s(*(x,0))) = s(0)  [ind 0 refl ih]
  sp330  landed  le(s(0),x) = le(s(0),+(x,+(0,x)))  [ind 0 refl refl]
  refused (retried on growth): +(*(x,0),s(*(x,y))) = s(*(x,y))
  refused (retried on growth): +(*(x,y),s(y)) = max(s(*(s(x),y)),y)
  sp414  landed  +(le(0,0),max(le(0,0),s(0))) = s(s(0))  [refl]
  sp331  stalls; residual enters: s(+(x,s(y))) = max(y,+(x,s(s(y))))
  sp415  landed  +(le(0,0),max(x,s(0))) = s(max(x,s(0)))  [refl]
  refused (retried on growth): s(+(x,s(y))) = max(y,+(x,s(s(y))))
  refused (retried on growth): *(x,x) = +(*(x,x),*(max(x,s(0)),0))
  refused (retried on growth): +(*(x,y),s(*(x,0))) = s(*(x,y))
  refused (retried on growth): *(s(x),+(y,y)) = *(+(s(s(x)),x),y)
  sp331  stalls; residual enters: s(+(x,s(y))) = max(+(x,s(s(y))),y)
  sp416  stalls; residual enters: s(+(x,-(y,s(0)))) = +(x,max(y,s(0)))
  refused (retried on growth): s(+(x,s(y))) = max(+(x,s(s(y))),y)
  sp331  landed  s(s(s(s(0)))) = +(s(s(0)),s(s(0)))  [refl]
  refused (retried on growth): s(+(x,-(y,s(0)))) = +(x,max(y,s(0)))
  sp332  landed  s(x) = +(s(*(x,s(0))),*(s(x),0))  [ind 0 refl congsuc]
  refused (retried on growth): *(x,+(le(0,0),le(0,0))) = +(x,x)
  sp416  landed  0 = *(le(s(0),x),+(le(x,0),le(x,0)))  [ind 0 refl refl]
  sp417  landed  0 = *(le(x,0),le(s(0),+(x,*(x,x))))  [ind 0 refl refl]
  refused (retried on growth): *(x,+(y,y)) = *(+(x,+(0,x)),y)
  sp418  landed  0 = *(le(x,0),le(s(0),+(x,*(x,y))))  [ind 0 refl refl]
  refused (retried on growth): *(x,+(y,y)) = *(+(x,+(0,x)),y)
  refused (retried on growth): 0 = *(le(x,s(0)),le(s(0),-(x,s(0))))
  refused (retried on growth): +(x,x) = *(x,+(le(0,0),le(0,0)))
  sp419  landed  0 = *(le(s(0),+(x,*(x,x))),le(x,0))  [ind 0 refl refl]
  refused (retried on growth): +(x,x) = max(+(x,+(x,0)),+(x,x))
  sp420  landed  0 = *(le(s(0),+(x,*(x,y))),le(x,0))  [ind 0 refl refl]
  refused (retried on growth): +(x,y) = max(+(+(0,x),y),+(x,y))
  refused (retried on growth): 0 = *(le(s(0),-(x,s(0))),le(x,s(0)))
  refused (retried on growth): +(x,x) = +(+(x,x),*(x,+(0,0)))
  sp421  landed  0 = -(le(x,0),+(+(x,x),s(+(x,x))))  [ind 0 refl refl]
  sp333  landed  s(s(0)) = +(*(s(s(0)),0),s(s(0)))  [refl]
  sp422  landed  0 = -(le(x,0),+(+(x,0),s(+(x,0))))  [ind 0 refl refl]
  refused (retried on growth): 0 = -(-(x,s(0)),+(max(x,s(0)),y))
  sp423  landed  0 = le(+(le(s(0),0),max(s(0),s(0))),0)  [refl]
  sp424  landed  0 = le(+(+(x,x),+(x,max(x,s(0)))),0)  [ind 0 refl refl]
  refused (retried on growth): 0 = le(+(max(x,s(0)),y),-(x,s(0)))
  sp425  landed  0 = le(+(+(0,x),+(0,max(x,s(0)))),0)  [ind 0 refl refl]
  refused (retried on growth): +(x,+(y,y)) = +(y,+(y,+(0,x)))
  refused (retried on growth): +(+(x,x),y) = +(+(x,+(x,0)),y)
  refused (retried on growth): +(x,s(y)) = max(+(s(y),x),le(s(0),z))
  sp334  landed  +(+(x,y),z) = +(+(+(0,x),y),z)  [refl]
  sp335  landed  +(x,s(s(0))) = +(s(s(0)),+(0,x))  [ind 0 refl congsuc]
  refused (retried on growth): max(x,s(0)) = max(max(x,s(0)),le(s(0),y))
  sp336  landed  +(s(s(0)),x) = +(+(s(s(0)),0),x)  [refl]
  sp426  landed  0 = le(+(le(0,0),le(0,0)),le(s(0),0))  [refl]
  sp337  landed  +(s(x),+(y,z)) = +(x,+(s(y),z))  [ind 0 refl congsuc]
  sp427  landed  0 = -(le(s(0),le(x,0)),s(le(s(0),x)))  [ind 0 refl refl]
  sp338  landed  +(s(s(s(0))),x) = +(s(x),s(s(0)))  [ind 0 refl congsuc]
  sp428  landed  0 = -(le(s(0),le(s(0),x)),s(le(x,0)))  [ind 0 refl refl]
  sp339  landed  0 = *(le(x,0),+(+(x,x),+(x,x)))  [ind 0 refl refl]
  sp429  landed  0 = -(le(s(0),max(x,+(s(y),z))),s(0))  [ind 0 refl refl]
  sp340  landed  0 = *(le(x,0),+(+(x,0),+(x,0)))  [ind 0 refl refl]
  sp341  landed  0 = *(le(x,0),+(+(x,+(x,x)),x))  [ind 0 refl refl]
  sp430  landed  0 = -(le(s(0),+(x,max(x,s(0)))),s(0))  [ind 0 refl refl]
  refused (retried on growth): s(0) = le(+(x,y),+(+(s(x),y),z))
  sp431  landed  0 = -(le(s(0),max(+(s(x),y),z)),s(0))  [ind 2 refl refl]
  sp432  landed  0 = -(le(s(0),*(s(x),x)),s(le(x,0)))  [ind 0 refl refl]
  refused (retried on growth): s(0) = le(x,+(y,s(s(-(x,s(0))))))
  sp433  landed  0 = -(le(s(0),x),s(le(s(0),le(x,0))))  [ind 0 refl refl]
  refused (retried on growth): s(0) = le(x,+(s(y),s(-(x,s(0)))))
  sp434  landed  0 = -(le(x,0),s(le(s(0),le(s(0),x))))  [ind 0 refl refl]
  sp342  landed  0 = *(le(s(0),x),le(s(0),le(x,0)))  [ind 0 refl refl]
  sp435  landed  0 = -(le(x,0),s(le(s(0),*(s(x),x))))  [ind 0 refl refl]
  sp343  landed  0 = *(le(x,0),le(s(0),le(s(0),x)))  [ind 0 refl refl]
  sp436  landed  s(0) = le(s(0),+(s(x),*(s(x),s(x))))  [refl]
  sp344  landed  0 = *(le(x,0),le(s(0),*(s(x),x)))  [ind 0 refl refl]
  sp437  landed  le(s(0),x) = le(le(x,0),+(+(0,x),x))  [ind 0 refl refl]
  sp345  landed  0 = *(le(s(0),le(x,0)),le(s(0),x))  [ind 0 refl refl]
  sp438  landed  *(s(x),s(x)) = max(*(s(x),s(x)),s(0))  [refl]
  sp346  landed  0 = *(le(s(0),le(s(0),x)),le(x,0))  [ind 0 refl refl]
  sp347  landed  0 = *(le(s(0),*(s(x),x)),le(x,0))  [ind 0 refl refl]
  sp439  landed  +(s(x),s(x)) = +(max(s(x),s(0)),s(x))  [refl]
  sp440  landed  0 = +(+(0,0),*(0,s(*(s(s(0)),0))))  [refl]
  sp348  landed  0 = -(s(0),+(*(x,0),s(*(x,0))))  [ind 0 refl ih]
  sp441  landed  0 = +(*(s(s(0)),0),*(0,s(+(0,0))))  [refl]
  sp349  landed  +(s(x),s(x)) = -(+(s(x),s(x)),0)  [refl]
  sp442  landed  0 = +(+(0,0),*(*(s(s(0)),0),s(0)))  [refl]
  sp350  landed  +(s(s(0)),x) = -(+(x,s(s(0))),0)  [ind 0 refl congsuc]
  sp443  landed  0 = +(*(s(s(0)),0),*(+(0,0),s(0)))  [refl]
  sp351  landed  0 = +(*(*(x,0),*(x,0)),*(x,0))  [ind 0 refl ih]
  sp444  landed  +(*(0,0),+(*(0,s(*(0,0))),x)) = x  [refl]
  sp352  landed  0 = +(*(le(s(0),0),x),le(s(0),0))  [refl]
  sp445  landed  +(*(0,0),+(*(*(0,0),s(0)),x)) = x  [refl]
  sp353  landed  0 = *(le(x,0),+(*(+(0,x),y),x))  [ind 0 refl refl]
  sp446  landed  +(*(x,0),+(*(0,s(*(x,0))),y)) = y  [ind 0 refl ih]
  sp354  landed  s(0) = -(s(0),+(*(x,0),*(x,0)))  [ind 0 refl ih]
  sp447  landed  +(*(x,0),+(*(*(x,0),s(0)),y)) = y  [ind 0 refl ih]
  sp355  landed  le(x,0) = -(le(x,0),+(+(0,x),x))  [ind 0 refl refl]
  sp448  landed  +(max(le(0,0),s(0)),le(0,0)) = s(s(0))  [refl]
  sp356  landed  s(0) = le(+(*(x,0),*(x,0)),s(0))  [ind 0 refl ih]
  refused (retried on growth): +(max(s(x),s(0)),s(x)) = +(s(s(x)),x)
  sp357  landed  0 = -(le(s(0),x),s(le(*(x,x),0)))  [ind 0 refl refl]
  sp449  landed  s(0) = max(le(s(0),+(x,s(s(y)))),s(0))  [ind 0 refl refl]
  sp358  landed  0 = -(le(s(0),+(x,s(s(y)))),s(0))  [ind 0 refl refl]
  sp359  landed  0 = -(le(*(x,x),0),s(le(s(0),x)))  [ind 0 refl refl]
  sp450  landed  +(x,*(x,x)) = -(*(s(x),x),le(x,0))  [ind 0 refl refl]
  sp360  landed  s(0) = le(le(x,0),+(+(s(y),z),u))  [ind 0 refl refl]
  refused (retried on growth): +(x,*(x,max(x,s(0)))) = +(*(x,x),x)
  sp451  landed  s(0) = le(s(0),+(*(x,x),max(x,s(0))))  [ind 0 refl refl]
  sp452  landed  -(+(*(s(0),0),*(s(0),0)),s(0)) = 0  [refl]
  refused (retried on growth): s(0) = le(le(x,0),+(max(y,s(0)),z))
  sp453  landed  le(s(0),le(s(0),+(x,s(s(y))))) = s(0)  [ind 0 refl refl]
  sp454  landed  0 = +(*(0,0),*(0,s(*(-(0,0),0))))  [refl]
  refused (retried on growth): s(0) = le(le(x,0),+(y,+(y,s(z))))
  sp455  landed  0 = +(*(-(0,0),0),*(0,s(*(0,0))))  [refl]
  sp361  landed  s(0) = le(s(0),+(s(x),*(s(x),y)))  [refl]
  sp456  landed  0 = +(*(0,0),*(0,s(*(-(0,x),0))))  [refl]
  sp362  landed  s(0) = le(le(s(0),x),+(+(0,x),x))  [ind 0 refl refl]
  sp457  landed  0 = +(*(-(0,x),0),*(0,s(*(0,0))))  [ind 0 refl refl]
  sp363  landed  le(x,0) = le(+(x,+(+(x,x),x)),0)  [ind 0 refl refl]
  sp458  landed  0 = +(*(0,0),*(*(-(0,0),0),s(0)))  [refl]
  sp459  landed  0 = +(*(-(0,0),0),*(*(0,0),s(0)))  [refl]
  refused (retried on growth): +(x,+(y,z)) = max(+(+(y,x),z),x)
  sp460  landed  0 = +(*(0,0),*(*(-(0,x),0),s(0)))  [ind 0 refl refl]
  refused (retried on growth): +(x,+(y,*(+(x,y),0))) = +(y,x)
  sp461  landed  0 = +(*(-(0,x),0),*(*(0,0),s(0)))  [ind 0 refl refl]
  sp462  landed  +(*(s(0),s(0)),s(s(0))) = s(s(s(0)))  [refl]
  sp364  landed  +(x,+(s(0),y)) = max(+(s(x),y),x)  [ind 0 refl congsuc]
  sp365  stalls; residual enters: +(x,s(s(x))) = s(+(x,s(x)))
  sp463  stalls; residual enters: +(x,max(+(y,s(0)),s(0))) = s(+(x,y))
  refused (retried on growth): +(x,s(s(x))) = s(+(x,s(x)))
  sp365  landed  +(le(0,0),s(le(0,0))) = s(s(s(0)))  [refl]
  refused (retried on growth): +(s(x),s(s(x))) = +(s(s(x)),s(x))
  refused (retried on growth): +(x,max(+(y,s(0)),s(0))) = s(+(x,y))
  sp366  landed  +(s(s(0)),*(s(s(0)),0)) = s(s(0))  [refl]
  sp367  landed  +(s(s(0)),s(x)) = +(x,s(s(s(0))))  [ind 0 refl congsuc]
  refused (retried on growth): +(x,max(+(s(0),y),s(0))) = +(y,s(x))
  sp368  landed  +(max(*(x,0),s(0)),*(x,0)) = s(0)  [ind 0 refl ih]
  sp463  landed  le(s(0),+(-(0,x),*(-(0,x),0))) = 0  [ind 0 refl refl]
  sp369  landed  s(0) = max(le(s(0),max(x,s(y))),s(0))  [ind 0 refl refl]
  sp464  landed  le(s(0),+(x,*(x,s(0)))) = le(s(0),x)  [ind 0 refl refl]
  sp465  landed  le(s(0),+(s(x),*(s(x),s(0)))) = s(0)  [refl]
  sp370  landed  s(0) = max(le(s(0),max(s(x),y)),s(0))  [ind 1 refl refl]
  sp371  landed  s(0) = max(le(s(0),+(s(x),y)),s(0))  [refl]
  sp466  landed  s(0) = gcd(0,le(s(0),max(x,+(s(y),z))))  [ind 0 refl refl]
  sp372  landed  s(0) = max(le(s(0),+(x,s(y))),s(0))  [ind 0 refl refl]
  sp467  landed  s(0) = gcd(0,le(s(0),+(x,max(x,s(0)))))  [ind 0 refl refl]
  sp373  landed  +(+(0,0),*(+(0,0),+(0,0))) = 0  [refl]
  sp374  landed  +(*(x,0),*(*(x,0),*(x,0))) = 0  [ind 0 refl ih]
  sp468  landed  s(0) = gcd(0,le(s(0),max(+(s(x),y),z)))  [ind 2 refl refl]
  sp375  landed  +(le(x,0),*(le(x,0),x)) = le(x,0)  [ind 0 refl refl]
  sp469  landed  s(0) = gcd(le(s(0),max(x,+(s(y),z))),0)  [ind 0 refl refl]
  refused (retried on growth): +(*(x,y),*(*(x,y),0)) = *(x,y)
  sp470  landed  s(0) = gcd(le(s(0),+(x,max(x,s(0)))),0)  [ind 0 refl refl]
  sp376  landed  -(+(le(0,0),le(0,0)),s(0)) = s(0)  [refl]
  sp377  landed  le(x,0) = le(+(+(x,x),*(x,0)),0)  [ind 0 refl refl]
  sp378  landed  0 = le(+(+(s(0),s(0)),+(x,x)),0)  [refl]
  sp471  landed  s(0) = gcd(le(s(0),max(+(s(x),y),z)),0)  [ind 2 refl refl]
  sp379  landed  le(s(0),le(s(0),max(x,s(y)))) = s(0)  [ind 0 refl refl]
  refused (retried on growth): *(x,x) = +(*(max(x,s(0)),0),*(x,x))
  sp472  landed  +(s(le(s(s(0)),0)),le(s(s(0)),0)) = s(0)  [refl]
  sp380  landed  le(s(0),le(s(0),max(s(x),y))) = s(0)  [ind 1 refl refl]
  sp473  stalls; residual enters: s(+(max(x,s(0)),x)) = +(max(x,s(0)),s(x))
  sp381  landed  le(s(0),le(s(0),+(s(x),y))) = s(0)  [refl]
  refused (retried on growth): s(+(max(x,s(0)),x)) = +(max(x,s(0)),s(x))
  sp382  landed  le(s(0),le(s(0),+(x,s(y)))) = s(0)  [ind 0 refl refl]
  sp473  landed  max(x,+(s(y),z)) = -(max(x,+(s(y),z)),0)  [refl]
  sp383  landed  0 = +(*(le(0,0),0),*(le(0,0),0))  [refl]
  sp384  landed  0 = +(*(-(0,x),0),*(-(0,x),0))  [ind 0 refl refl]
  sp474  landed  +(x,max(x,s(0))) = -(+(x,max(x,s(0))),0)  [refl]
  sp475  landed  max(+(s(x),y),z) = -(max(+(s(x),y),z),0)  [refl]
  refused (retried on growth): max(+(x,y),s(0)) = max(+(y,x),s(0))
  refused (retried on growth): 0 = *(x,+(le(+(x,x),0),le(+(x,x),0)))
  refused (retried on growth): max(+(x,y),s(0)) = max(+(y,x),s(0))
  refused (retried on growth): 0 = *(+(+(x,x),*(x,+(y,y))),le(x,0))
  refused (retried on growth): max(+(x,y),s(0)) = max(+(y,x),s(0))
  sp476  landed  0 = *(le(x,0),+(+(x,x),*(x,+(y,y))))  [ind 0 refl refl]
  sp385  landed  le(s(0),+(x,*(x,0))) = le(s(0),x)  [ind 0 refl refl]
  sp477  landed  le(x,0) = -(le(x,0),+(x,+(x,+(x,x))))  [ind 0 refl refl]
  sp386  stalls; residual enters: +(x,*(x,0)) = x
  sp478  landed  le(x,0) = le(+(x,+(x,+(x,x))),le(x,0))  [ind 0 refl refl]
  sp386  landed  s(0) = gcd(0,le(s(0),+(x,s(s(y)))))  [ind 0 refl refl]
  sp387  landed  s(0) = gcd(le(s(0),+(x,s(s(y)))),0)  [ind 0 refl refl]
  refused (retried on growth): le(+(x,y),0) = le(+(+(+(x,y),x),y),0)
  sp388  stalls; residual enters: x = +(x,*(0,x))
  sp479  landed  le(x,0) = le(+(+(x,0),+(x,0)),+(0,0))  [ind 0 refl refl]
  sp388  landed  +(x,x) = +(*(s(s(0)),0),+(x,x))  [refl]
  sp389  stalls; residual enters: s(x) = +(*(x,0),s(*(x,s(0))))
  sp480  stalls; residual enters: s(s(+(x,y))) = max(+(x,y),s(s(+(x,y))))
  refused (retried on growth): s(x) = +(*(x,0),s(*(x,s(0))))
  sp389  landed  +(+(+(0,0),0),+(+(0,0),0)) = 0  [refl]
  refused (retried on growth): s(s(+(x,y))) = max(+(x,y),s(s(+(x,y))))
  refused (retried on growth): +(x,+(y,y)) = +(y,+(y,+(0,x)))
  sp480  stalls; residual enters: s(s(+(x,y))) = max(+(y,s(s(x))),+(x,y))
  refused (retried on growth): +(+(x,x),y) = +(+(x,+(x,0)),y)
  refused (retried on growth): s(s(+(x,y))) = max(+(y,s(s(x))),+(x,y))
  refused (retried on growth): max(x,s(0)) = max(-(x,s(0)),max(x,s(0)))
  refused (retried on growth): max(x,s(0)) = max(max(x,s(0)),-(x,s(0)))
  sp480  stalls; residual enters: s(+(x,+(s(x),y))) = +(y,+(s(s(x)),x))
  sp390  landed  +(s(*(max(0,s(0)),x)),*(0,0)) = s(x)  [ind 0 refl congsuc]
  sp391  landed  +(s(*(0,0)),*(0,s(*(0,0)))) = s(0)  [refl]
  refused (retried on growth): s(+(x,+(s(x),y))) = +(y,+(s(s(x)),x))
  sp392  landed  +(s(*(0,0)),*(*(0,0),s(0))) = s(0)  [refl]
  sp393  landed  +(s(*(x,0)),*(0,s(*(x,0)))) = s(0)  [ind 0 refl ih]
  sp480  landed  +(le(s(s(0)),0),+(le(s(s(0)),0),x)) = x  [refl]
  sp394  landed  +(s(*(x,0)),*(*(x,0),s(0))) = s(0)  [ind 0 refl ih]
  sp395  landed  +(*(0,s(*(s(0),0))),*(s(0),0)) = 0  [refl]
  refused (retried on growth): +(*(x,0),+(*(x,0),y)) = +(y,*(x,0))
  sp396  landed  +(*(*(s(0),0),s(0)),*(s(0),0)) = 0  [refl]
  refused (retried on growth): +(x,+(x,s(s(0)))) = +(+(x,x),s(s(0)))
  refused (retried on growth): -(x,s(0)) = -(-(x,s(0)),le(x,s(0)))
  refused (retried on growth): le(x,s(0)) = -(le(x,s(0)),-(x,s(0)))
  refused (retried on growth): s(s(0)) = -(s(max(x,s(0))),-(x,s(0)))
  refused (retried on growth): +(+(x,y),+(z,z)) = +(x,+(z,+(z,y)))
  sp397  landed  le(s(0),+(max(x,s(0)),*(x,x))) = s(0)  [ind 0 refl refl]
  refused (retried on growth): le(s(0),-(x,s(0))) = le(le(x,s(0)),0)
  sp398  landed  max(le(s(0),x),s(0)) = max(le(x,0),s(0))  [ind 0 refl refl]
  refused (retried on growth): +(+(x,y),+(z,u)) = +(x,+(+(y,z),u))
  sp399  landed  max(+(s(x),y),s(0)) = gcd(+(s(x),y),0)  [refl]
  sp400  landed  max(+(x,s(y)),s(0)) = gcd(+(x,s(y)),0)  [ind 0 refl refl]
  refused (retried on growth): +(+(x,y),s(s(0))) = +(x,+(s(s(0)),y))
  sp401  landed  max(+(s(x),y),s(0)) = gcd(0,+(s(x),y))  [refl]
  sp481  landed  +(+(x,le(s(s(0)),0)),le(s(s(0)),0)) = x  [ind 0 refl congsuc]
  sp402  landed  max(+(x,s(y)),s(0)) = gcd(0,+(x,s(y)))  [ind 0 refl refl]
  sp403  stalls; residual enters: max(+(x,s(s(y))),s(0)) = s(s(+(y,x)))
  sp482  stalls; residual enters: +(x,*(y,0)) = x
  refused (retried on growth): max(+(x,s(s(y))),s(0)) = s(s(+(y,x)))
  refused (retried on growth): +(x,*(y,0)) = x
  sp403  landed  +(+(x,*(0,0)),*(0,s(*(0,0)))) = x  [ind 0 refl congsuc]
  sp404  landed  +(+(x,*(0,0)),*(*(0,0),s(0))) = x  [ind 0 refl congsuc]
  refused (retried on growth): +(+(x,y),s(s(0))) = +(x,+(s(s(0)),y))
  refused (retried on growth): +(+(x,*(y,0)),*(0,s(*(y,0)))) = x
  sp482  stalls; residual enters: s(s(+(x,y))) = +(+(x,y),s(s(0)))
  refused (retried on growth): +(+(x,*(y,0)),*(*(y,0),s(0))) = x
  refused (retried on growth): s(s(+(x,y))) = +(+(x,y),s(s(0)))
  refused (retried on growth): *(+(x,s(x)),y) = +(y,*(x,+(y,y)))
  sp405  landed  *(s(le(x,0)),le(s(0),x)) = le(s(0),x)  [ind 0 refl refl]
  refused (retried on growth): +(+(x,s(s(0))),y) = +(x,+(y,s(s(0))))
  sp406  landed  +(s(s(0)),x) = max(+(s(s(0)),x),s(0))  [refl]
  sp482  stalls; residual enters: 0 = -(max(x,s(0)),s(+(max(x,s(0)),*(x,max(x,s(0))))))
  refused (retried on growth): 0 = -(+(x,x),s(+(+(x,0),+(x,0))))
  refused (retried on growth): 0 = -(max(x,s(0)),s(+(max(x,s(0)),*(x,max(x,s(0))))))
  sp407  landed  0 = -(le(x,0),+(+(x,+(x,x)),s(x)))  [ind 0 refl refl]
  sp482  stalls; residual enters: 0 = le(s(+(max(x,s(0)),*(x,max(x,s(0))))),max(x,s(0)))
  sp408  stalls; residual enters: 0 = le(s(+(max(x,s(0)),*(x,max(x,s(0))))),*(x,x))
  refused (retried on growth): 0 = le(s(+(max(x,s(0)),*(x,max(x,s(0))))),max(x,s(0)))
  refused (retried on growth): 0 = le(s(+(max(x,s(0)),*(x,max(x,s(0))))),*(x,x))
  sp408  landed  0 = le(+(+(x,0),s(+(x,0))),+(0,0))  [ind 0 refl refl]
  sp482  stalls; residual enters: +(x,s(y)) = max(le(+(y,x),0),s(+(y,x)))
  refused (retried on growth): max(x,s(0)) = max(le(x,s(0)),max(x,s(0)))
  refused (retried on growth): max(x,s(0)) = max(max(x,s(0)),le(x,s(0)))
  refused (retried on growth): +(x,s(y)) = max(le(+(y,x),0),s(+(y,x)))
  refused (retried on growth): le(x,s(0)) = le(*(s(y),x),s(*(y,x)))
  refused (retried on growth): s(max(x,+(s(y),z))) = s(max(x,+(z,s(y))))
  sp409  stalls; residual enters: +(*(x,y),s(y)) = max(y,s(+(y,*(x,y))))
  sp482  stalls; residual enters: +(max(x,s(0)),s(x)) = s(+(x,max(x,s(0))))
  refused (retried on growth): +(*(x,y),s(y)) = max(y,s(+(y,*(x,y))))
  refused (retried on growth): +(max(x,s(0)),s(x)) = s(+(x,max(x,s(0))))
  sp409  landed  +(*(0,0),s(*(max(0,s(0)),x))) = s(x)  [ind 0 refl congsuc]
  sp410  landed  +(*(0,s(*(0,0))),s(*(0,0))) = s(0)  [refl]
  sp411  landed  +(*(*(0,0),s(0)),s(*(0,0))) = s(0)  [refl]
  refused (retried on growth): s(max(+(s(x),y),z)) = s(max(+(y,s(x)),z))
  sp412  landed  +(*(0,s(*(x,0))),s(*(x,0))) = s(0)  [ind 0 refl ih]
  sp482  landed  s(*(s(x),x)) = max(le(x,0),s(*(s(x),x)))  [ind 0 refl refl]
  sp413  landed  +(*(*(x,0),s(0)),s(*(x,0))) = s(0)  [ind 0 refl ih]
  refused (retried on growth): +(x,s(y)) = max(+(s(y),x),le(+(y,x),0))
  refused (retried on growth): +(*(x,y),s(y)) = max(s(*(s(x),y)),y)
  refused (retried on growth): s(0) = le(+(x,x),s(+(+(x,0),+(x,0))))
  sp414  landed  +(le(0,0),max(le(0,0),s(0))) = s(s(0))  [refl]
  sp415  landed  +(le(0,0),max(x,s(0))) = s(max(x,s(0)))  [refl]
  sp483  landed  s(0) = le(le(s(0),x),+(x,+(x,+(x,x))))  [ind 0 refl refl]
  refused (retried on growth): *(x,x) = +(*(x,x),*(max(x,s(0)),0))
  sp484  landed  le(*(x,+(+(x,x),+(x,x))),0) = le(x,0)  [ind 0 refl refl]
  sp485  landed  le(x,0) = le(+(x,*(+(0,x),+(0,x))),0)  [ind 0 refl refl]
  refused (retried on growth): *(s(x),+(y,y)) = *(+(s(s(x)),x),y)
  sp416  stalls; residual enters: s(+(x,-(y,s(0)))) = +(x,max(y,s(0)))
  refused (retried on growth): le(x,s(0)) = le(+(x,+(y,z)),+(s(y),z))
  refused (retried on growth): s(+(x,-(y,s(0)))) = +(x,max(y,s(0)))
  refused (retried on growth): le(x,s(0)) = le(+(y,+(y,x)),s(+(y,y)))
  sp416  landed  0 = *(le(s(0),x),+(le(x,0),le(x,0)))  [ind 0 refl refl]
  sp417  landed  0 = *(le(x,0),le(s(0),+(x,*(x,x))))  [ind 0 refl refl]
  sp418  landed  0 = *(le(x,0),le(s(0),+(x,*(x,y))))  [ind 0 refl refl]
  refused (retried on growth): le(x,s(0)) = le(+(+(x,y),z),s(+(y,z)))
  refused (retried on growth): 0 = *(le(x,s(0)),le(s(0),-(x,s(0))))
  sp419  landed  0 = *(le(s(0),+(x,*(x,x))),le(x,0))  [ind 0 refl refl]
  refused (retried on growth): +(+(x,x),s(y)) = max(y,+(+(x,y),s(x)))
  sp420  landed  0 = *(le(s(0),+(x,*(x,y))),le(x,0))  [ind 0 refl refl]
  refused (retried on growth): 0 = *(le(s(0),-(x,s(0))),le(x,s(0)))
  sp421  landed  0 = -(le(x,0),+(+(x,x),s(+(x,x))))  [ind 0 refl refl]
  refused (retried on growth): +(+(x,y),s(z)) = max(z,+(y,s(+(z,x))))
  sp422  landed  0 = -(le(x,0),+(+(x,0),s(+(x,0))))  [ind 0 refl refl]
  sp486  landed  +(s(s(0)),s(x)) = max(x,+(x,s(s(s(0)))))  [ind 0 refl congsuc]
  sp423  landed  0 = le(+(le(s(0),0),max(s(0),s(0))),0)  [refl]
  sp487  landed  +(le(s(s(0)),0),s(le(s(s(0)),0))) = s(0)  [refl]
  sp424  landed  0 = le(+(+(x,x),+(x,max(x,s(0)))),0)  [ind 0 refl refl]
  sp425  landed  0 = le(+(+(0,x),+(0,max(x,s(0)))),0)  [ind 0 refl refl]
  refused (retried on growth): +(+(x,x),s(y)) = max(+(+(x,y),s(x)),y)
  refused (retried on growth): +(x,s(y)) = max(+(s(y),x),le(s(0),z))
  refused (retried on growth): +(+(x,y),s(z)) = max(+(y,s(+(z,x))),z)
  refused (retried on growth): max(x,s(0)) = max(max(x,s(0)),le(s(0),y))
  sp488  stalls; residual enters: +(x,s(+(0,y))) = max(+(x,s(y)),y)
  sp426  landed  0 = le(+(le(0,0),le(0,0)),le(s(0),0))  [refl]
  sp427  landed  0 = -(le(s(0),le(x,0)),s(le(s(0),x)))  [ind 0 refl refl]
  refused (retried on growth): +(x,s(+(0,y))) = max(+(x,s(y)),y)
  sp428  landed  0 = -(le(s(0),le(s(0),x)),s(le(x,0)))  [ind 0 refl refl]
  sp488  stalls; residual enters: +(x,s(max(x,s(0)))) = s(+(x,max(x,s(0))))
  sp429  landed  0 = -(le(s(0),max(x,+(s(y),z))),s(0))  [ind 0 refl refl]
  sp430  landed  0 = -(le(s(0),+(x,max(x,s(0)))),s(0))  [ind 0 refl refl]
  refused (retried on growth): +(x,s(max(x,s(0)))) = s(+(x,max(x,s(0))))
  refused (retried on growth): +(x,s(+(0,y))) = max(+(x,s(y)),+(0,y))
  sp431  landed  0 = -(le(s(0),max(+(s(x),y),z)),s(0))  [ind 2 refl refl]
  sp432  landed  0 = -(le(s(0),*(s(x),x)),s(le(x,0)))  [ind 0 refl refl]
  sp488  stalls; residual enters: s(s(s(0))) = -(s(s(s(+(x,y)))),+(x,y))
  sp433  landed  0 = -(le(s(0),x),s(le(s(0),le(x,0))))  [ind 0 refl refl]
  sp434  landed  0 = -(le(x,0),s(le(s(0),le(s(0),x))))  [ind 0 refl refl]
  refused (retried on growth): s(s(s(0))) = -(s(s(s(+(x,y)))),+(x,y))
  sp435  landed  0 = -(le(x,0),s(le(s(0),*(s(x),x))))  [ind 0 refl refl]
  sp488  landed  +(*(s(0),0),max(*(s(0),0),s(0))) = s(0)  [refl]
  sp436  landed  s(0) = le(s(0),+(s(x),*(s(x),s(x))))  [refl]
  sp437  landed  le(s(0),x) = le(le(x,0),+(+(0,x),x))  [ind 0 refl refl]
  refused (retried on growth): +(*(x,y),max(*(x,0),s(0))) = s(*(x,y))
  sp438  landed  *(s(x),s(x)) = max(*(s(x),s(x)),s(0))  [refl]
  refused (retried on growth): *(x,+(le(+(x,x),0),le(+(x,x),0))) = 0
  sp439  landed  +(s(x),s(x)) = +(max(s(x),s(0)),s(x))  [refl]
  sp489  landed  +(+(*(x,0),y),z) = +(*(x,0),+(y,z))  [ind 0 refl ih]
  sp440  landed  0 = +(+(0,0),*(0,s(*(s(s(0)),0))))  [refl]
  sp441  landed  0 = +(*(s(s(0)),0),*(0,s(+(0,0))))  [refl]
  sp442  landed  0 = +(+(0,0),*(*(s(s(0)),0),s(0)))  [refl]
  refused (retried on growth): 0 = *(le(+(x,y),0),+(+(+(x,y),x),y))
  sp443  landed  0 = +(*(s(s(0)),0),*(+(0,0),s(0)))  [refl]
  sp490  landed  0 = *(le(x,0),+(le(s(0),x),le(s(0),x)))  [ind 0 refl refl]
  sp444  landed  +(*(0,0),+(*(0,s(*(0,0))),x)) = x  [refl]
  sp491  landed  0 = *(le(x,0),+(*(s(x),x),*(s(x),x)))  [ind 0 refl refl]
  sp445  landed  +(*(0,0),+(*(*(0,0),s(0)),x)) = x  [refl]
  sp492  landed  0 = -(le(s(0),x),+(le(x,0),s(le(x,0))))  [ind 0 refl refl]
  sp493  landed  0 = -(s(0),+(le(s(0),0),s(le(s(0),0))))  [refl]
  sp446  landed  +(*(x,0),+(*(0,s(*(x,0))),y)) = y  [ind 0 refl ih]
  sp447  landed  +(*(x,0),+(*(*(x,0),s(0)),y)) = y  [ind 0 refl ih]
  sp448  landed  +(max(le(0,0),s(0)),le(0,0)) = s(s(0))  [refl]
  refused (retried on growth): +(max(s(x),s(0)),s(x)) = +(s(s(x)),x)
  refused (retried on growth): max(x,+(y,s(z))) = -(max(x,+(s(z),y)),0)
  sp494  landed  max(x,max(y,s(0))) = -(max(x,max(y,s(0))),0)  [refl]
  sp449  landed  s(0) = max(le(s(0),+(x,s(s(y)))),s(0))  [ind 0 refl refl]
  sp495  landed  +(max(x,s(0)),x) = -(+(x,max(x,s(0))),0)  [ind 0 refl refl]
  sp450  landed  +(x,*(x,x)) = -(*(s(x),x),le(x,0))  [ind 0 refl refl]
  refused (retried on growth): +(x,*(x,max(x,s(0)))) = +(*(x,x),x)
  refused (retried on growth): +(max(x,s(0)),y) = -(+(y,max(x,s(0))),0)
  sp451  landed  s(0) = le(s(0),+(*(x,x),max(x,s(0))))  [ind 0 refl refl]
  sp452  landed  -(+(*(s(0),0),*(s(0),0)),s(0)) = 0  [refl]
  sp453  landed  le(s(0),le(s(0),+(x,s(s(y))))) = s(0)  [ind 0 refl refl]
  sp454  landed  0 = +(*(0,0),*(0,s(*(-(0,0),0))))  [refl]
  sp496  stalls; residual enters: +(+(x,y),s(z)) = s(+(z,+(x,y)))
  sp455  landed  0 = +(*(-(0,0),0),*(0,s(*(0,0))))  [refl]
  sp456  landed  0 = +(*(0,0),*(0,s(*(-(0,x),0))))  [refl]
  sp457  landed  0 = +(*(-(0,x),0),*(0,s(*(0,0))))  [ind 0 refl refl]
  refused (retried on growth): +(+(x,y),s(z)) = s(+(z,+(x,y)))
  sp458  landed  0 = +(*(0,0),*(*(-(0,0),0),s(0)))  [refl]
  sp459  landed  0 = +(*(-(0,0),0),*(*(0,0),s(0)))  [refl]
  sp460  landed  0 = +(*(0,0),*(*(-(0,x),0),s(0)))  [ind 0 refl refl]
  refused (retried on growth): max(+(x,s(y)),z) = -(max(+(s(y),x),z),0)
  sp461  landed  0 = +(*(-(0,x),0),*(*(0,0),s(0)))  [ind 0 refl refl]
  sp462  landed  +(*(s(0),s(0)),s(s(0))) = s(s(s(0)))  [refl]
  sp496  landed  max(max(x,s(0)),y) = -(max(max(x,s(0)),y),0)  [refl]
  sp497  landed  0 = *(le(x,0),+(*(+(0,x),+(0,x)),x))  [ind 0 refl refl]
  sp463  stalls; residual enters: +(x,max(+(y,s(0)),s(0))) = s(+(x,y))
  sp498  landed  0 = *(le(x,0),+(+(x,x),*(+(x,x),y)))  [ind 0 refl refl]
  sp499  landed  0 = *(le(x,0),+(+(x,0),*(+(x,0),y)))  [ind 0 refl refl]
  refused (retried on growth): +(x,max(+(y,s(0)),s(0))) = s(+(x,y))
  sp500  landed  0 = *(le(x,0),+(*(x,+(y,y)),+(x,x)))  [ind 0 refl refl]
  refused (retried on growth): +(x,max(+(s(0),y),s(0))) = +(y,s(x))
  sp501  landed  le(x,0) = -(le(x,0),+(+(x,x),+(x,x)))  [ind 0 refl refl]
  sp463  landed  le(s(0),+(-(0,x),*(-(0,x),0))) = 0  [ind 0 refl refl]
  sp502  landed  le(x,0) = -(le(x,0),+(+(x,0),+(x,0)))  [ind 0 refl refl]
  sp464  landed  le(s(0),+(x,*(x,s(0)))) = le(s(0),x)  [ind 0 refl refl]
  sp503  landed  le(x,0) = -(le(x,0),+(+(x,+(x,x)),x))  [ind 0 refl refl]
  sp465  landed  le(s(0),+(s(x),*(s(x),s(0)))) = s(0)  [refl]
  sp504  landed  s(0) = -(s(0),+(le(s(0),0),le(s(0),0)))  [refl]
  sp466  landed  s(0) = gcd(0,le(s(0),max(x,+(s(y),z))))  [ind 0 refl refl]
  sp505  landed  le(x,0) = le(+(+(x,x),+(x,x)),le(x,0))  [ind 0 refl refl]
  sp467  landed  s(0) = gcd(0,le(s(0),+(x,max(x,s(0)))))  [ind 0 refl refl]
  sp506  landed  le(x,0) = le(+(+(x,0),+(x,0)),le(x,0))  [ind 0 refl refl]
  sp507  landed  s(0) = le(+(le(s(0),0),le(s(0),0)),s(0))  [refl]
  sp468  landed  s(0) = gcd(0,le(s(0),max(+(s(x),y),z)))  [ind 2 refl refl]
  sp508  landed  le(x,0) = le(+(x,+(0,x)),le(+(0,x),0))  [ind 0 refl refl]
  sp469  landed  s(0) = gcd(le(s(0),max(x,+(s(y),z))),0)  [ind 0 refl refl]
  sp509  landed  0 = -(le(s(0),+(x,*(x,x))),s(le(x,0)))  [ind 0 refl refl]
  sp470  landed  s(0) = gcd(le(s(0),+(x,max(x,s(0)))),0)  [ind 0 refl refl]
  sp510  landed  0 = -(le(s(0),+(x,*(x,y))),s(le(x,0)))  [ind 0 refl refl]
  refused (retried on growth): 0 = -(le(s(0),-(x,s(0))),s(le(x,s(0))))
  sp471  landed  s(0) = gcd(le(s(0),max(+(s(x),y),z)),0)  [ind 2 refl refl]
  sp511  landed  0 = -(le(x,0),s(le(s(0),+(x,*(x,x)))))  [ind 0 refl refl]
  refused (retried on growth): *(x,x) = +(*(max(x,s(0)),0),*(x,x))
  sp472  landed  +(s(le(s(s(0)),0)),le(s(s(0)),0)) = s(0)  [refl]
  sp512  landed  0 = -(le(x,0),s(le(s(0),+(x,*(x,y)))))  [ind 0 refl refl]
  sp473  stalls; residual enters: s(+(max(x,s(0)),x)) = +(max(x,s(0)),s(x))
  refused (retried on growth): 0 = -(le(x,s(0)),s(le(s(0),-(x,s(0)))))
  refused (retried on growth): s(+(max(x,s(0)),x)) = +(max(x,s(0)),s(x))
  sp513  landed  s(0) = le(le(s(0),x),*(*(x,x),*(x,x)))  [ind 0 refl refl]
  sp473  landed  max(x,+(s(y),z)) = -(max(x,+(s(y),z)),0)  [refl]
  sp514  landed  s(0) = le(le(s(0),x),+(+(x,+(x,x)),x))  [ind 0 refl refl]
  sp474  landed  +(x,max(x,s(0))) = -(+(x,max(x,s(0))),0)  [refl]
  sp515  landed  s(0) = le(le(s(0),x),+(*(x,x),*(x,x)))  [ind 0 refl refl]
  sp475  landed  max(+(s(x),y),z) = -(max(+(s(x),y),z),0)  [refl]
  sp516  landed  s(0) = le(le(s(0),x),+(+(x,x),+(x,x)))  [ind 0 refl refl]
  refused (retried on growth): 0 = *(x,+(le(+(x,x),0),le(+(x,x),0)))
  sp517  landed  le(x,0) = -(le(x,0),le(s(0),le(s(0),x)))  [ind 0 refl refl]
  sp518  landed  le(x,0) = -(le(x,0),le(s(0),*(s(x),x)))  [ind 0 refl refl]
  refused (retried on growth): 0 = *(+(+(x,x),*(x,+(y,y))),le(x,0))
  sp519  landed  le(x,0) = le(le(s(0),le(s(0),x)),le(x,0))  [ind 0 refl refl]
  sp476  landed  0 = *(le(x,0),+(+(x,x),*(x,+(y,y))))  [ind 0 refl refl]
  sp520  landed  le(x,0) = le(le(s(0),*(s(x),x)),le(x,0))  [ind 0 refl refl]
  sp477  landed  le(x,0) = -(le(x,0),+(x,+(x,+(x,x))))  [ind 0 refl refl]
  sp521  landed  0 = +(*(0,0),*(0,s(*(max(0,s(0)),0))))  [refl]
  sp478  landed  le(x,0) = le(+(x,+(x,+(x,x))),le(x,0))  [ind 0 refl refl]
  sp522  landed  0 = +(*(max(0,s(0)),0),*(0,s(*(0,0))))  [refl]
  sp523  landed  0 = +(*(0,0),*(*(max(0,s(0)),0),s(0)))  [refl]
  sp524  landed  0 = +(*(max(0,s(0)),0),*(*(0,0),s(0)))  [refl]
  refused (retried on growth): le(+(x,y),0) = le(+(+(+(x,y),x),y),0)
  sp525  landed  le(s(0),x) = -(le(s(0),x),le(*(x,x),0))  [ind 0 refl refl]
  sp479  landed  le(x,0) = le(+(+(x,0),+(x,0)),+(0,0))  [ind 0 refl refl]
  sp526  landed  s(0) = -(s(0),+(*(x,0),*(*(x,0),y)))  [ind 0 refl ih]
  sp480  stalls; residual enters: s(s(+(x,y))) = max(+(x,y),s(s(+(x,y))))
  sp527  stalls; residual enters: le(x,0) = -(le(x,0),+(*(x,y),x))
  refused (retried on growth): s(s(+(x,y))) = max(+(x,y),s(s(+(x,y))))
  refused (retried on growth): le(x,0) = -(le(x,0),+(*(x,y),x))
  sp480  stalls; residual enters: s(s(+(x,y))) = max(+(y,s(s(x))),+(x,y))
  refused (retried on growth): le(x,0) = -(le(x,0),+(*(+(0,x),y),x))
  refused (retried on growth): s(s(+(x,y))) = max(+(y,s(s(x))),+(x,y))
  sp527  landed  le(s(0),x) = le(le(*(x,x),0),le(s(0),x))  [ind 0 refl refl]
  sp480  stalls; residual enters: s(+(x,+(s(x),y))) = +(y,+(s(s(x)),x))
  sp528  landed  0 = le(+(s(s(0)),+(x,x)),le(s(s(0)),0))  [refl]
  sp529  landed  s(0) = le(+(*(x,0),*(*(x,0),y)),s(0))  [ind 0 refl ih]
  refused (retried on growth): s(+(x,+(s(x),y))) = +(y,+(s(s(x)),x))
  sp530  landed  0 = le(+(s(x),s(*(x,s(0)))),le(s(x),0))  [refl]
  sp480  landed  +(le(s(s(0)),0),+(le(s(s(0)),0),x)) = x  [refl]
  refused (retried on growth): +(*(x,0),+(*(x,0),y)) = +(y,*(x,0))
  refused (retried on growth): +(x,+(y,s(z))) = max(+(s(+(x,y)),z),x)
  refused (retried on growth): +(x,+(x,s(s(0)))) = +(+(x,x),s(s(0)))
  sp531  landed  +(x,+(s(y),z)) = max(+(+(s(x),y),z),x)  [ind 0 refl congsuc]
  refused (retried on growth): +(+(x,y),+(z,z)) = +(x,+(z,+(z,y)))
  refused (retried on growth): +(*(x,0),+(*(x,y),z)) = +(z,*(x,y))
  sp532  stalls; residual enters: s(s(+(x,x))) = +(+(x,s(s(0))),x)
  refused (retried on growth): +(+(x,y),+(z,u)) = +(x,+(+(y,z),u))
  refused (retried on growth): s(s(+(x,x))) = +(+(x,s(s(0))),x)
  refused (retried on growth): +(+(x,y),s(s(0))) = +(x,+(s(s(0)),y))
  sp532  stalls; residual enters: s(s(+(x,y))) = +(y,+(s(s(0)),x))
  sp481  landed  +(+(x,le(s(s(0)),0)),le(s(s(0)),0)) = x  [ind 0 refl congsuc]
  refused (retried on growth): s(s(+(x,y))) = +(y,+(s(s(0)),x))
  sp532  landed  +(max(*(s(0),0),s(0)),*(s(0),0)) = s(0)  [refl]
  sp482  stalls; residual enters: +(x,*(y,0)) = x
  sp533  landed  s(0) = max(le(s(0),max(x,+(s(y),z))),s(0))  [ind 0 refl refl]
  refused (retried on growth): +(x,*(y,0)) = x
  sp534  landed  s(0) = max(le(s(0),+(x,max(x,s(0)))),s(0))  [ind 0 refl refl]
  refused (retried on growth): +(+(x,y),s(s(0))) = +(x,+(s(s(0)),y))
  sp535  landed  s(0) = max(le(s(0),max(+(s(x),y),z)),s(0))  [ind 2 refl refl]
  sp536  landed  +(le(0,0),*(le(0,0),le(0,0))) = s(s(0))  [refl]
  sp482  stalls; residual enters: s(s(+(x,y))) = +(+(x,y),s(s(0)))
  sp537  landed  +(le(x,0),*(le(x,0),+(x,x))) = le(x,0)  [ind 0 refl refl]
  refused (retried on growth): s(s(+(x,y))) = +(+(x,y),s(s(0)))
  sp538  landed  le(x,0) = le(+(+(x,x),*(x,s(s(0)))),0)  [ind 0 refl refl]
  sp539  landed  le(x,0) = le(+(+(x,x),*(x,*(y,0))),0)  [ind 0 refl refl]
  refused (retried on growth): +(+(x,s(s(0))),y) = +(x,+(y,s(s(0))))
  sp540  landed  le(+(*(s(0),0),*(s(0),0)),s(0)) = s(0)  [refl]
  sp482  stalls; residual enters: 0 = -(max(x,s(0)),s(+(max(x,s(0)),*(x,max(x,s(0))))))
  sp541  landed  le(s(0),x) = le(s(0),+(x,+(+(x,x),x)))  [ind 0 refl refl]
  refused (retried on growth): 0 = -(max(x,s(0)),s(+(max(x,s(0)),*(x,max(x,s(0))))))
  sp542  landed  le(s(0),le(s(0),max(x,+(s(y),z)))) = s(0)  [ind 0 refl refl]
  sp482  stalls; residual enters: 0 = le(s(+(max(x,s(0)),*(x,max(x,s(0))))),max(x,s(0)))
  sp543  landed  le(s(0),le(s(0),+(x,max(x,s(0))))) = s(0)  [ind 0 refl refl]
  refused (retried on growth): 0 = le(s(+(max(x,s(0)),*(x,max(x,s(0))))),max(x,s(0)))
  sp482  stalls; residual enters: +(x,s(y)) = max(le(+(y,x),0),s(+(y,x)))
  sp544  landed  le(s(0),le(s(0),max(+(s(x),y),z))) = s(0)  [ind 2 refl refl]
  sp545  landed  +(max(s(0),s(0)),max(s(0),s(0))) = s(s(0))  [refl]
  refused (retried on growth): +(x,s(y)) = max(le(+(y,x),0),s(+(y,x)))
  sp546  landed  0 = +(*(s(0),0),*(0,s(*(le(0,0),0))))  [refl]
  sp547  landed  0 = +(*(le(0,0),0),*(0,s(*(s(0),0))))  [refl]
  sp548  landed  0 = +(*(s(0),0),*(*(le(0,0),0),s(0)))  [refl]
  sp549  landed  0 = +(*(le(0,0),0),*(*(s(0),0),s(0)))  [refl]
  refused (retried on growth): s(max(x,+(s(y),z))) = s(max(x,+(z,s(y))))
  sp550  landed  0 = +(*(0,0),*(0,s(*(-(0,s(0)),0))))  [refl]
  sp482  stalls; residual enters: +(max(x,s(0)),s(x)) = s(+(x,max(x,s(0))))
  sp551  landed  0 = +(*(-(0,s(0)),0),*(0,s(*(0,0))))  [refl]
  refused (retried on growth): +(max(x,s(0)),s(x)) = s(+(x,max(x,s(0))))
  sp552  landed  0 = +(*(0,0),*(*(-(0,s(0)),0),s(0)))  [refl]
  sp553  landed  0 = +(*(-(0,s(0)),0),*(*(0,0),s(0)))  [refl]
  sp554  landed  +(*(+(0,0),+(0,0)),s(+(0,0))) = s(0)  [refl]
  refused (retried on growth): s(max(+(s(x),y),z)) = s(max(+(y,s(x)),z))
  sp555  landed  +(*(*(x,0),*(x,0)),s(*(x,0))) = s(0)  [ind 0 refl ih]
  sp482  landed  s(*(s(x),x)) = max(le(x,0),s(*(s(x),x)))  [ind 0 refl refl]
  refused (retried on growth): +(x,s(y)) = max(+(s(y),x),le(+(y,x),0))
  refused (retried on growth): +(x,max(+(y,0),s(0))) = +(max(y,s(0)),x)
  refused (retried on growth): s(0) = le(+(x,x),s(+(+(x,0),+(x,0))))
  sp483  landed  s(0) = le(le(s(0),x),+(x,+(x,+(x,x))))  [ind 0 refl refl]
  refused (retried on growth): +(x,max(+(0,y),s(0))) = +(max(y,s(0)),x)
  sp484  landed  le(*(x,+(+(x,x),+(x,x))),0) = le(x,0)  [ind 0 refl refl]
  sp556  landed  le(s(0),+(x,*(x,le(x,0)))) = le(s(0),x)  [ind 0 refl refl]
  sp485  landed  le(x,0) = le(+(x,*(+(0,x),+(0,x))),0)  [ind 0 refl refl]
  sp557  landed  le(s(0),+(le(0,0),*(le(0,0),x))) = s(0)  [refl]
  sp558  landed  le(s(0),+(x,*(x,le(0,0)))) = le(s(0),x)  [ind 0 refl refl]
  refused (retried on growth): le(x,s(0)) = le(+(x,+(y,z)),+(s(y),z))
  sp559  landed  le(s(0),+(x,*(x,+(0,0)))) = le(s(0),x)  [ind 0 refl refl]
  sp560  landed  le(s(0),+(s(s(x)),*(s(s(x)),y))) = s(0)  [refl]
  refused (retried on growth): le(x,s(0)) = le(+(y,+(y,x)),s(+(y,y)))
  sp561  landed  le(s(0),+(*(0,0),*(*(0,0),s(0)))) = 0  [refl]
  sp562  landed  le(s(0),+(*(x,0),*(*(x,0),s(0)))) = 0  [ind 0 refl ih]
  sp563  stalls; residual enters: +(x,*(x,le(x,0))) = x
  refused (retried on growth): le(x,s(0)) = le(+(+(x,y),z),s(+(y,z)))
  refused (retried on growth): +(x,*(x,le(x,0))) = x
  refused (retried on growth): +(+(x,x),s(y)) = max(y,+(+(x,y),s(x)))
  refused (retried on growth): max(+(x,*(x,+(0,0))),s(0)) = max(x,s(0))
  sp563  landed  max(+(-(0,x),*(-(0,x),0)),s(0)) = s(0)  [ind 0 refl refl]
  refused (retried on growth): +(+(x,y),s(z)) = max(z,+(y,s(+(z,x))))
  sp564  landed  max(+(le(0,0),*(le(0,0),x)),s(0)) = s(x)  [ind 0 refl congsuc]
  sp486  landed  +(s(s(0)),s(x)) = max(x,+(x,s(s(s(0)))))  [ind 0 refl congsuc]
  sp487  landed  +(le(s(s(0)),0),s(le(s(s(0)),0))) = s(0)  [refl]
  refused (retried on growth): +(+(x,0),+(x,0)) = +(+(x,x),+(0,0))
  refused (retried on growth): +(+(x,x),s(y)) = max(+(+(x,y),s(x)),y)
  refused (retried on growth): +(s(s(0)),+(x,x)) = +(+(x,s(s(0))),x)
  refused (retried on growth): +(s(s(0)),+(x,y)) = +(y,+(s(s(0)),x))
  refused (retried on growth): +(+(x,y),s(z)) = max(+(y,s(+(z,x))),z)
  refused (retried on growth): +(+(x,x),s(s(0))) = +(x,+(x,s(s(0))))
  sp488  stalls; residual enters: +(x,s(+(0,y))) = max(+(x,s(y)),y)
  sp565  stalls; residual enters: +(+(x,y),s(s(0))) = s(s(+(x,y)))
  refused (retried on growth): +(x,s(+(0,y))) = max(+(x,s(y)),y)
  refused (retried on growth): +(+(x,y),s(s(0))) = s(s(+(x,y)))
  sp488  stalls; residual enters: +(x,s(max(x,s(0)))) = s(+(x,max(x,s(0))))
  sp565  landed  +(s(*(s(0),0)),*(0,s(*(s(0),0)))) = s(0)  [refl]
  refused (retried on growth): +(x,s(max(x,s(0)))) = s(+(x,max(x,s(0))))
  sp566  landed  +(s(*(s(0),0)),*(*(s(0),0),s(0))) = s(0)  [refl]
  refused (retried on growth): +(*(x,x),max(x,s(0))) = *(s(x),max(x,s(0)))
  refused (retried on growth): +(x,s(+(0,y))) = max(+(x,s(y)),+(0,y))
  sp567  landed  +(*(0,s(*(le(0,0),0))),*(le(0,0),0)) = 0  [refl]
  sp568  landed  +(*(*(le(0,0),0),s(0)),*(le(0,0),0)) = 0  [refl]
  sp488  stalls; residual enters: s(s(s(0))) = -(s(s(s(+(x,y)))),+(x,y))
  sp569  landed  +(*(0,s(*(-(0,x),0))),*(-(0,x),0)) = 0  [ind 0 refl refl]
  refused (retried on growth): s(s(s(0))) = -(s(s(s(+(x,y)))),+(x,y))
  sp570  landed  +(*(*(-(0,x),0),s(0)),*(-(0,x),0)) = 0  [ind 0 refl refl]
  sp488  landed  +(*(s(0),0),max(*(s(0),0),s(0))) = s(0)  [refl]
  refused (retried on growth): s(max(x,s(0))) = max(-(x,s(0)),s(max(x,s(0))))
  refused (retried on growth): +(*(x,y),max(*(x,0),s(0))) = s(*(x,y))
  refused (retried on growth): s(max(x,s(0))) = max(s(max(x,s(0))),-(x,s(0)))
  refused (retried on growth): *(x,+(le(+(x,x),0),le(+(x,x),0))) = 0
  sp571  landed  le(s(0),*(s(x),x)) = le(le(x,0),*(s(x),x))  [ind 0 refl refl]
  sp489  landed  +(+(*(x,0),y),z) = +(*(x,0),+(y,z))  [ind 0 refl ih]
  sp572  landed  le(s(0),x) = le(le(x,0),+(x,+(x,+(x,x))))  [ind 0 refl refl]
  sp573  landed  max(+(x,s(s(y))),s(0)) = gcd(+(x,s(s(y))),0)  [ind 0 refl refl]
  refused (retried on growth): 0 = *(le(+(x,y),0),+(+(+(x,y),x),y))
  sp574  landed  max(*(s(x),x),s(0)) = gcd(*(s(x),x),le(x,0))  [ind 0 refl refl]
  sp490  landed  0 = *(le(x,0),+(le(s(0),x),le(s(0),x)))  [ind 0 refl refl]
  sp491  landed  0 = *(le(x,0),+(*(s(x),x),*(s(x),x)))  [ind 0 refl refl]
  sp575  landed  max(+(x,s(s(y))),s(0)) = gcd(0,+(x,s(s(y))))  [ind 0 refl refl]
  sp492  landed  0 = -(le(s(0),x),+(le(x,0),s(le(x,0))))  [ind 0 refl refl]
  sp576  landed  max(*(s(x),x),s(0)) = gcd(le(x,0),*(s(x),x))  [ind 0 refl refl]
  sp493  landed  0 = -(s(0),+(le(s(0),0),s(le(s(0),0))))  [refl]
  refused (retried on growth): max(max(x,+(s(y),z)),s(0)) = max(x,+(z,s(y)))
  refused (retried on growth): max(x,+(y,s(z))) = -(max(x,+(s(z),y)),0)
  sp577  landed  max(+(x,max(x,s(0))),s(0)) = +(max(x,s(0)),x)  [ind 0 refl refl]
  sp494  landed  max(x,max(y,s(0))) = -(max(x,max(y,s(0))),0)  [refl]
  sp495  landed  +(max(x,s(0)),x) = -(+(x,max(x,s(0))),0)  [ind 0 refl refl]
  sp578  stalls; residual enters: max(+(s(x),y),z) = +(y,s(x))
  refused (retried on growth): +(max(x,s(0)),y) = -(+(y,max(x,s(0))),0)
  sp496  stalls; residual enters: +(+(x,y),s(z)) = s(+(z,+(x,y)))
  refused (retried on growth): max(+(s(x),y),z) = +(y,s(x))
  sp578  landed  max(*(s(x),x),s(0)) = max(*(s(x),x),le(x,0))  [ind 0 refl refl]
  sp579  landed  max(*(s(x),x),s(0)) = max(le(x,0),*(s(x),x))  [ind 0 refl refl]
  refused (retried on growth): +(+(x,y),s(z)) = s(+(z,+(x,y)))
  sp580  landed  +(le(0,0),+(le(0,0),x)) = +(x,s(le(0,0)))  [ind 0 refl congsuc]
  refused (retried on growth): max(+(x,s(y)),z) = -(max(+(s(y),x),z),0)
  refused (retried on growth): +(+(x,*(y,0)),*(*(y,0),s(*(y,0)))) = x
  sp496  landed  max(max(x,s(0)),y) = -(max(max(x,s(0)),y),0)  [refl]
  sp497  landed  0 = *(le(x,0),+(*(+(0,x),+(0,x)),x))  [ind 0 refl refl]
  refused (retried on growth): +(+(x,*(max(0,s(0)),y)),*(0,0)) = +(x,y)
  sp498  landed  0 = *(le(x,0),+(+(x,x),*(+(x,x),y)))  [ind 0 refl refl]
  sp581  landed  +(+(x,*(s(0),0)),*(0,s(*(s(0),0)))) = x  [ind 0 refl congsuc]
  sp499  landed  0 = *(le(x,0),+(+(x,0),*(+(x,0),y)))  [ind 0 refl refl]
  sp582  landed  +(+(x,*(s(0),0)),*(*(s(0),0),s(0))) = x  [ind 0 refl congsuc]
  sp500  landed  0 = *(le(x,0),+(*(x,+(y,y)),+(x,x)))  [ind 0 refl refl]
  sp501  landed  le(x,0) = -(le(x,0),+(+(x,x),+(x,x)))  [ind 0 refl refl]
  refused (retried on growth): +(+(x,*(max(0,s(0)),y)),*(0,0)) = +(x,y)
  sp502  landed  le(x,0) = -(le(x,0),+(+(x,0),+(x,0)))  [ind 0 refl refl]
  refused (retried on growth): *(s(le(x,0)),+(x,*(x,x))) = +(x,*(x,x))
  sp503  landed  le(x,0) = -(le(x,0),+(+(x,+(x,x)),x))  [ind 0 refl refl]
  sp504  landed  s(0) = -(s(0),+(le(s(0),0),le(s(0),0)))  [refl]
  refused (retried on growth): *(s(le(x,0)),+(x,*(x,y))) = +(x,*(x,y))
  sp505  landed  le(x,0) = le(+(+(x,x),+(x,x)),le(x,0))  [ind 0 refl refl]
  sp583  stalls; residual enters: s(s(*(x,s(s(0))))) = +(*(x,s(s(0))),s(s(0)))
  sp506  landed  le(x,0) = le(+(+(x,0),+(x,0)),le(x,0))  [ind 0 refl refl]
  refused (retried on growth): s(s(*(x,s(s(0))))) = +(*(x,s(s(0))),s(s(0)))
  sp507  landed  s(0) = le(+(le(s(0),0),le(s(0),0)),s(0))  [refl]
  sp508  landed  le(x,0) = le(+(x,+(0,x)),le(+(0,x),0))  [ind 0 refl refl]
  refused (retried on growth): 0 = -(le(x,0),+(*(x,+(y,y)),s(+(x,x))))
  sp509  landed  0 = -(le(s(0),+(x,*(x,x))),s(le(x,0)))  [ind 0 refl refl]
  refused (retried on growth): 0 = le(+(+(x,0),s(+(x,0))),*(s(s(0)),x))
  sp510  landed  0 = -(le(s(0),+(x,*(x,y))),s(le(x,0)))  [ind 0 refl refl]
  refused (retried on growth): s(0) = le(max(x,s(0)),s(*(s(x),max(x,s(0)))))
  refused (retried on growth): 0 = -(le(s(0),-(x,s(0))),s(le(x,s(0))))
  sp511  landed  0 = -(le(x,0),s(le(s(0),+(x,*(x,x)))))  [ind 0 refl refl]
  refused (retried on growth): le(x,s(le(s(0),-(x,s(0))))) = le(x,s(s(0)))
  refused (retried on growth): le(x,s(s(0))) = le(x,s(le(s(0),-(x,s(0)))))
  sp512  landed  0 = -(le(x,0),s(le(s(0),+(x,*(x,y)))))  [ind 0 refl refl]
  refused (retried on growth): 0 = -(le(x,s(0)),s(le(s(0),-(x,s(0)))))
  sp513  landed  s(0) = le(le(s(0),x),*(*(x,x),*(x,x)))  [ind 0 refl refl]
  refused (retried on growth): le(x,s(0)) = le(+(x,-(y,s(0))),max(y,s(0)))
  sp583  landed  +(*(0,s(*(s(0),0))),s(*(s(0),0))) = s(0)  [refl]
  sp514  landed  s(0) = le(le(s(0),x),+(+(x,+(x,x)),x))  [ind 0 refl refl]
  sp584  landed  +(*(*(s(0),0),s(0)),s(*(s(0),0))) = s(0)  [refl]
  sp515  landed  s(0) = le(le(s(0),x),+(*(x,x),*(x,x)))  [ind 0 refl refl]
  sp585  landed  +(x,s(s(s(0)))) = s(max(+(s(s(0)),x),s(0)))  [ind 0 refl congsuc]
  sp516  landed  s(0) = le(le(s(0),x),+(+(x,x),+(x,x)))  [ind 0 refl refl]
  refused (retried on growth): s(s(s(0))) = -(s(s(max(x,s(0)))),-(x,s(0)))
  sp517  landed  le(x,0) = -(le(x,0),le(s(0),le(s(0),x)))  [ind 0 refl refl]
  sp518  landed  le(x,0) = -(le(x,0),le(s(0),*(s(x),x)))  [ind 0 refl refl]
  sp519  landed  le(x,0) = le(le(s(0),le(s(0),x)),le(x,0))  [ind 0 refl refl]
  sp586  stalls; residual enters: +(x,max(*(y,x),s(0))) = max(+(x,*(y,x)),s(x))
  sp520  landed  le(x,0) = le(le(s(0),*(s(x),x)),le(x,0))  [ind 0 refl refl]
  sp521  landed  0 = +(*(0,0),*(0,s(*(max(0,s(0)),0))))  [refl]
  refused (retried on growth): +(x,max(*(y,x),s(0))) = max(+(x,*(y,x)),s(x))
  sp522  landed  0 = +(*(max(0,s(0)),0),*(0,s(*(0,0))))  [refl]
  sp586  landed  +(*(max(0,s(0)),x),max(*(0,0),s(0))) = s(x)  [ind 0 refl congsuc]
  sp523  landed  0 = +(*(0,0),*(*(max(0,s(0)),0),s(0)))  [refl]
  sp587  landed  +(*(0,0),max(*(0,s(*(0,0))),s(0))) = s(0)  [refl]
  sp524  landed  0 = +(*(max(0,s(0)),0),*(*(0,0),s(0)))  [refl]
  sp588  landed  +(*(0,0),max(*(*(0,0),s(0)),s(0))) = s(0)  [refl]
  sp525  landed  le(s(0),x) = -(le(s(0),x),le(*(x,x),0))  [ind 0 refl refl]
  sp589  landed  +(*(x,0),max(*(0,s(*(x,0))),s(0))) = s(0)  [ind 0 refl ih]
  sp526  landed  s(0) = -(s(0),+(*(x,0),*(*(x,0),y)))  [ind 0 refl ih]
  sp590  landed  +(*(x,0),max(*(*(x,0),s(0)),s(0))) = s(0)  [ind 0 refl ih]
  sp527  stalls; residual enters: le(x,0) = -(le(x,0),+(*(x,y),x))
  refused (retried on growth): 0 = +(*(*(x,y),0),*(0,s(*(*(x,y),0))))
  refused (retried on growth): le(x,0) = -(le(x,0),+(*(x,y),x))
  refused (retried on growth): 0 = +(*(*(x,y),0),*(*(*(x,y),0),s(0)))
  refused (retried on growth): le(x,0) = -(le(x,0),+(*(+(0,x),y),x))
  refused (retried on growth): 0 = *(le(x,s(0)),+(-(x,s(0)),-(x,s(0))))
  sp527  landed  le(s(0),x) = le(le(*(x,x),0),le(s(0),x))  [ind 0 refl refl]
  sp528  landed  0 = le(+(s(s(0)),+(x,x)),le(s(s(0)),0))  [refl]
  refused (retried on growth): 0 = -(le(+(x,y),0),+(+(x,y),+(s(x),y)))
  sp529  landed  s(0) = le(+(*(x,0),*(*(x,0),y)),s(0))  [ind 0 refl ih]
  sp530  landed  0 = le(+(s(x),s(*(x,s(0)))),le(s(x),0))  [refl]
  refused (retried on growth): 0 = -(le(x,s(0)),+(max(x,s(0)),-(x,s(0))))
  sp591  landed  0 = -(le(x,0),+(le(s(0),x),s(le(s(0),x))))  [ind 0 refl refl]
  refused (retried on growth): +(x,+(y,s(z))) = max(+(s(+(x,y)),z),x)
  sp592  landed  0 = -(le(x,0),+(*(s(x),x),s(*(s(x),x))))  [ind 0 refl refl]
  sp531  landed  +(x,+(s(y),z)) = max(+(+(s(x),y),z),x)  [ind 0 refl congsuc]
  refused (retried on growth): le(+(x,y),0) = le(*(+(s(x),y),+(x,y)),0)
  refused (retried on growth): le(x,s(0)) = le(*(max(x,s(0)),-(x,s(0))),0)
  refused (retried on growth): +(*(x,0),+(*(x,y),z)) = +(z,*(x,y))
  refused (retried on growth): +(s(x),s(x)) = -(+(s(s(x)),x),le(s(x),0))
  sp532  stalls; residual enters: s(s(+(x,x))) = +(+(x,s(s(0))),x)
  sp593  landed  0 = +(*(le(s(0),0),le(s(0),0)),le(s(0),0))  [refl]
  refused (retried on growth): s(s(+(x,x))) = +(+(x,s(s(0))),x)
  sp594  landed  0 = *(le(s(0),x),+(le(x,0),*(le(x,0),y)))  [ind 0 refl refl]
  sp595  landed  0 = -(le(s(0),+(max(x,s(0)),*(x,x))),s(0))  [ind 0 refl refl]
  sp532  stalls; residual enters: s(s(+(x,y))) = +(y,+(s(s(0)),x))
  sp596  landed  le(s(0),x) = -(le(s(0),x),le(s(0),le(x,0)))  [ind 0 refl refl]
  refused (retried on growth): s(s(+(x,y))) = +(y,+(s(s(0)),x))
  sp597  landed  le(x,0) = -(le(x,0),le(s(0),+(x,*(x,x))))  [ind 0 refl refl]
  sp532  landed  +(max(*(s(0),0),s(0)),*(s(0),0)) = s(0)  [refl]
  sp598  landed  le(x,0) = -(le(x,0),le(s(0),+(x,*(x,y))))  [ind 0 refl refl]
  sp533  landed  s(0) = max(le(s(0),max(x,+(s(y),z))),s(0))  [ind 0 refl refl]
  sp534  landed  s(0) = max(le(s(0),+(x,max(x,s(0)))),s(0))  [ind 0 refl refl]
  sp599  landed  le(*(x,x),0) = -(le(*(x,x),0),le(s(0),x))  [ind 0 refl refl]
  sp600  landed  le(s(0),x) = le(le(s(0),le(x,0)),le(s(0),x))  [ind 0 refl refl]
  sp535  landed  s(0) = max(le(s(0),max(+(s(x),y),z)),s(0))  [ind 2 refl refl]
  sp601  landed  le(x,0) = le(le(s(0),+(x,*(x,x))),le(x,0))  [ind 0 refl refl]
  sp536  landed  +(le(0,0),*(le(0,0),le(0,0))) = s(s(0))  [refl]
  sp602  landed  le(x,0) = le(le(s(0),+(x,*(x,y))),le(x,0))  [ind 0 refl refl]
  sp537  landed  +(le(x,0),*(le(x,0),+(x,x))) = le(x,0)  [ind 0 refl refl]
  sp538  landed  le(x,0) = le(+(+(x,x),*(x,s(s(0)))),0)  [ind 0 refl refl]
  sp603  landed  le(*(x,x),0) = le(le(s(0),x),le(*(x,x),0))  [ind 0 refl refl]
  sp539  landed  le(x,0) = le(+(+(x,x),*(x,*(y,0))),0)  [ind 0 refl refl]
  sp604  landed  le(s(0),x) = le(le(x,0),+(+(x,x),+(x,x)))  [ind 0 refl refl]
  sp540  landed  le(+(*(s(0),0),*(s(0),0)),s(0)) = s(0)  [refl]
  sp605  landed  le(s(0),x) = le(le(x,0),+(+(x,0),+(x,0)))  [ind 0 refl refl]
  sp541  landed  le(s(0),x) = le(s(0),+(x,+(+(x,x),x)))  [ind 0 refl refl]
  sp606  landed  le(s(0),x) = le(le(x,0),+(+(x,+(x,x)),x))  [ind 0 refl refl]
  sp542  landed  le(s(0),le(s(0),max(x,+(s(y),z)))) = s(0)  [ind 0 refl refl]
  sp543  landed  le(s(0),le(s(0),+(x,max(x,s(0))))) = s(0)  [ind 0 refl refl]
  refused (retried on growth): +(+(x,y),s(s(0))) = max(s(0),+(y,s(s(x))))
  sp544  landed  le(s(0),le(s(0),max(+(s(x),y),z))) = s(0)  [ind 2 refl refl]
  sp545  landed  +(max(s(0),s(0)),max(s(0),s(0))) = s(s(0))  [refl]
  refused (retried on growth): +(+(x,y),s(s(0))) = max(+(y,s(s(x))),s(0))
  sp546  landed  0 = +(*(s(0),0),*(0,s(*(le(0,0),0))))  [refl]
  sp607  landed  s(max(+(x,y),s(0))) = max(+(s(x),y),s(s(0)))  [refl]
  sp547  landed  0 = +(*(le(0,0),0),*(0,s(*(s(0),0))))  [refl]
  sp608  landed  s(0) = +(*(max(0,s(0)),max(0,s(0))),*(0,0))  [refl]
  sp548  landed  0 = +(*(s(0),0),*(*(le(0,0),0),s(0)))  [refl]
  sp549  landed  0 = +(*(le(0,0),0),*(*(s(0),0),s(0)))  [refl]
  sp609  landed  0 = +(*(x,+(0,0)),*(0,s(*(+(x,x),0))))  [ind 0 refl ih]
  sp550  landed  0 = +(*(0,0),*(0,s(*(-(0,s(0)),0))))  [refl]
  refused (retried on growth): 0 = +(*(+(x,x),0),*(0,s(*(x,+(0,0)))))
  sp551  landed  0 = +(*(-(0,s(0)),0),*(0,s(*(0,0))))  [refl]
  sp552  landed  0 = +(*(0,0),*(*(-(0,s(0)),0),s(0)))  [refl]
  refused (retried on growth): 0 = +(*(x,+(0,0)),*(*(+(x,x),0),s(0)))
  sp553  landed  0 = +(*(-(0,s(0)),0),*(*(0,0),s(0)))  [refl]
  refused (retried on growth): 0 = +(*(+(x,x),0),*(*(x,+(0,0)),s(0)))
  sp554  landed  +(*(+(0,0),+(0,0)),s(+(0,0))) = s(0)  [refl]
  sp610  landed  0 = le(+(le(0,0),*(le(0,0),x)),le(s(0),0))  [refl]
  sp555  landed  +(*(*(x,0),*(x,0)),s(*(x,0))) = s(0)  [ind 0 refl ih]
  sp611  landed  0 = le(+(le(0,0),+(le(0,0),s(le(0,0)))),0)  [refl]
  sp612  landed  s(0) = le(+(*(x,0),+(*(x,0),*(x,0))),0)  [ind 0 refl ih]
  refused (retried on growth): +(x,max(+(y,0),s(0))) = +(max(y,s(0)),x)
  refused (retried on growth): +(x,max(+(0,y),s(0))) = +(max(y,s(0)),x)
  refused (retried on growth): +(x,+(*(y,x),z)) = max(+(*(s(y),x),z),x)
  sp556  landed  le(s(0),+(x,*(x,le(x,0)))) = le(s(0),x)  [ind 0 refl refl]
  sp613  landed  +(*(x,0),+(*(*(x,0),s(*(x,0))),y)) = y  [ind 0 refl ih]
  sp557  landed  le(s(0),+(le(0,0),*(le(0,0),x))) = s(0)  [refl]
  sp614  landed  +(le(0,0),+(x,y)) = max(+(s(x),y),le(0,0))  [refl]
  sp558  landed  le(s(0),+(x,*(x,le(0,0)))) = le(s(0),x)  [ind 0 refl refl]
  sp559  landed  le(s(0),+(x,*(x,+(0,0)))) = le(s(0),x)  [ind 0 refl refl]
  sp615  landed  +(*(s(0),0),+(*(0,s(*(s(0),0))),x)) = x  [refl]
  sp560  landed  le(s(0),+(s(s(x)),*(s(s(x)),y))) = s(0)  [refl]
  sp616  landed  +(*(s(0),0),+(*(*(s(0),0),s(0)),x)) = x  [refl]
  sp561  landed  le(s(0),+(*(0,0),*(*(0,0),s(0)))) = 0  [refl]
  sp617  landed  +(s(s(0)),*(x,s(s(0)))) = *(s(x),s(s(0)))  [refl]
  sp562  landed  le(s(0),+(*(x,0),*(*(x,0),s(0)))) = 0  [ind 0 refl ih]
  sp618  landed  +(+(0,s(0)),max(+(0,s(0)),s(0))) = s(s(0))  [refl]
  sp563  stalls; residual enters: +(x,*(x,le(x,0))) = x
  sp619  landed  +(le(x,0),*(le(x,0),le(s(0),x))) = le(x,0)  [ind 0 refl refl]
  refused (retried on growth): +(x,*(x,le(x,0))) = x
  sp620  landed  -(+(le(s(s(0)),0),le(s(s(0)),0)),s(0)) = 0  [refl]
  refused (retried on growth): max(+(x,*(x,+(0,0))),s(0)) = max(x,s(0))
  sp621  landed  le(x,0) = le(+(+(x,x),*(x,s(le(0,0)))),0)  [ind 0 refl refl]
  sp563  landed  max(+(-(0,x),*(-(0,x),0)),s(0)) = s(0)  [ind 0 refl refl]
  sp564  landed  max(+(le(0,0),*(le(0,0),x)),s(0)) = s(x)  [ind 0 refl congsuc]
  sp622  landed  le(x,0) = le(+(+(x,x),*(x,*(s(0),0))),0)  [ind 0 refl refl]
  refused (retried on growth): +(+(x,0),+(x,0)) = +(+(x,x),+(0,0))
  sp623  landed  0 = le(+(+(s(s(x)),x),*(s(x),+(y,y))),0)  [refl]
  refused (retried on growth): +(s(s(0)),+(x,x)) = +(+(x,s(s(0))),x)
  sp624  landed  le(+(le(s(0),s(0)),le(s(0),s(0))),s(0)) = 0  [refl]
  sp625  landed  0 = le(s(0),+(*(x,0),+(*(x,0),*(x,0))))  [ind 0 refl ih]
  refused (retried on growth): +(s(s(0)),+(x,y)) = +(y,+(s(s(0)),x))
  refused (retried on growth): *(s(x),max(x,s(0))) = +(*(x,x),max(x,s(0)))
  refused (retried on growth): +(+(x,x),s(s(0))) = +(x,+(x,s(s(0))))
  sp626  landed  0 = +(*(0,0),*(0,s(*(-(0,le(0,0)),0))))  [refl]
  sp627  landed  0 = +(*(-(0,le(0,0)),0),*(0,s(*(0,0))))  [refl]
  sp565  stalls; residual enters: +(+(x,y),s(s(0))) = s(s(+(x,y)))
  sp628  landed  0 = +(*(0,0),*(0,s(*(-(0,s(s(0))),0))))  [refl]
  sp629  landed  0 = +(*(-(0,s(s(0))),0),*(0,s(*(0,0))))  [refl]
  refused (retried on growth): +(+(x,y),s(s(0))) = s(s(+(x,y)))
  sp630  landed  0 = +(*(0,0),*(0,s(*(-(0,*(x,0)),0))))  [refl]
  sp565  landed  +(s(*(s(0),0)),*(0,s(*(s(0),0)))) = s(0)  [refl]
  sp631  landed  0 = +(*(-(0,*(x,0)),0),*(0,s(*(0,0))))  [ind 0 refl ih]
  sp566  landed  +(s(*(s(0),0)),*(*(s(0),0),s(0))) = s(0)  [refl]
  sp632  landed  0 = +(*(0,0),*(*(-(0,le(0,0)),0),s(0)))  [refl]
  refused (retried on growth): +(*(x,x),max(x,s(0))) = *(s(x),max(x,s(0)))
  sp633  landed  0 = +(*(-(0,le(0,0)),0),*(*(0,0),s(0)))  [refl]
  sp567  landed  +(*(0,s(*(le(0,0),0))),*(le(0,0),0)) = 0  [refl]
  sp634  landed  0 = +(*(0,0),*(*(-(0,s(s(0))),0),s(0)))  [refl]
  sp568  landed  +(*(*(le(0,0),0),s(0)),*(le(0,0),0)) = 0  [refl]
  sp635  landed  0 = +(*(-(0,s(s(0))),0),*(*(0,0),s(0)))  [refl]
  sp569  landed  +(*(0,s(*(-(0,x),0))),*(-(0,x),0)) = 0  [ind 0 refl refl]
  sp636  landed  0 = +(*(0,0),*(*(-(0,*(x,0)),0),s(0)))  [ind 0 refl ih]
  sp570  landed  +(*(*(-(0,x),0),s(0)),*(-(0,x),0)) = 0  [ind 0 refl refl]
  refused (retried on growth): s(max(x,s(0))) = max(-(x,s(0)),s(max(x,s(0))))
  sp637  landed  0 = +(*(-(0,*(x,0)),0),*(*(0,0),s(0)))  [ind 0 refl ih]
  refused (retried on growth): s(max(x,s(0))) = max(s(max(x,s(0))),-(x,s(0)))
  refused (retried on growth): s(max(+(x,y),s(0))) = max(+(s(y),x),s(s(0)))
  sp571  landed  le(s(0),*(s(x),x)) = le(le(x,0),*(s(x),x))  [ind 0 refl refl]
  sp572  landed  le(s(0),x) = le(le(x,0),+(x,+(x,+(x,x))))  [ind 0 refl refl]
  sp573  landed  max(+(x,s(s(y))),s(0)) = gcd(+(x,s(s(y))),0)  [ind 0 refl refl]
  refused (retried on growth): +(x,max(+(s(y),z),s(0))) = +(+(y,z),s(x))
  sp574  landed  max(*(s(x),x),s(0)) = gcd(*(s(x),x),le(x,0))  [ind 0 refl refl]
  sp638  landed  le(s(0),+(+(0,0),*(+(0,0),+(0,0)))) = 0  [refl]
  sp575  landed  max(+(x,s(s(y))),s(0)) = gcd(0,+(x,s(s(y))))  [ind 0 refl refl]
  sp639  landed  le(s(0),+(*(x,0),*(*(x,0),*(x,0)))) = 0  [ind 0 refl ih]
  sp576  landed  max(*(s(x),x),s(0)) = gcd(le(x,0),*(s(x),x))  [ind 0 refl refl]
  sp640  landed  le(s(0),+(le(x,0),*(le(x,0),x))) = le(x,0)  [ind 0 refl refl]
  refused (retried on growth): max(+(x,*(x,s(0))),s(0)) = +(x,max(x,s(0)))
  sp641  landed  max(+(*(0,0),*(*(0,0),s(0))),s(0)) = s(0)  [refl]
  refused (retried on growth): max(max(x,+(s(y),z)),s(0)) = max(x,+(z,s(y)))
  sp577  landed  max(+(x,max(x,s(0))),s(0)) = +(max(x,s(0)),x)  [ind 0 refl refl]
  sp642  landed  max(+(*(x,0),*(*(x,0),s(0))),s(0)) = s(0)  [ind 0 refl ih]
  sp643  landed  0 = +(+(0,0),*(+(0,0),s(*(s(s(0)),0))))  [refl]
  sp644  landed  0 = +(+(0,0),*(*(s(s(0)),0),s(+(0,0))))  [refl]
  sp645  landed  0 = +(*(s(s(0)),0),*(0,s(*(s(s(0)),0))))  [refl]
  sp578  stalls; residual enters: max(+(s(x),y),z) = +(y,s(x))
  sp646  landed  0 = +(*(s(s(0)),0),*(+(0,0),s(+(0,0))))  [refl]
  sp647  landed  0 = +(*(s(s(0)),0),*(*(s(s(0)),0),s(0)))  [refl]
  sp648  landed  s(0) = le(+(+(0,0),*(0,+(0,+(0,0)))),0)  [refl]
  refused (retried on growth): max(+(s(x),y),z) = +(y,s(x))
  sp649  landed  s(0) = le(+(+(0,0),*(0,+(+(0,0),0))),0)  [refl]
  sp578  landed  max(*(s(x),x),s(0)) = max(*(s(x),x),le(x,0))  [ind 0 refl refl]
  sp650  landed  +(max(s(x),s(0)),s(x)) = gcd(+(s(x),s(x)),0)  [refl]
  sp579  landed  max(*(s(x),x),s(0)) = max(le(x,0),*(s(x),x))  [ind 0 refl refl]
  sp651  landed  +(max(s(x),s(0)),s(x)) = gcd(0,+(s(x),s(x)))  [refl]
  sp580  landed  +(le(0,0),+(le(0,0),x)) = +(x,s(le(0,0)))  [ind 0 refl congsuc]
  refused (retried on growth): +(max(s(x),s(0)),s(x)) = gcd(0,+(x,s(s(x))))
  refused (retried on growth): +(+(x,*(y,0)),*(*(y,0),s(*(y,0)))) = x
  sp652  landed  s(0) = gcd(0,le(s(0),+(max(x,s(0)),*(x,x))))  [ind 0 refl refl]
  refused (retried on growth): +(+(x,*(max(0,s(0)),y)),*(0,0)) = +(x,y)
  sp653  landed  s(0) = gcd(le(s(0),+(max(x,s(0)),*(x,x))),0)  [ind 0 refl refl]
  sp581  landed  +(+(x,*(s(0),0)),*(0,s(*(s(0),0)))) = x  [ind 0 refl congsuc]
  sp654  stalls; residual enters: +(*(x,s(s(0))),s(s(0))) = s(s(*(x,s(s(0)))))
  sp582  landed  +(+(x,*(s(0),0)),*(*(s(0),0),s(0))) = x  [ind 0 refl congsuc]
  refused (retried on growth): +(*(x,s(s(0))),s(s(0))) = s(s(*(x,s(s(0)))))
  refused (retried on growth): +(+(0,0),*(s(s(0)),x)) = +(+(x,0),+(x,0))
  refused (retried on growth): +(+(x,*(max(0,s(0)),y)),*(0,0)) = +(x,y)
  sp654  landed  +(s(s(0)),+(x,x)) = -(+(s(s(0)),+(x,x)),0)  [refl]
  refused (retried on growth): *(s(le(x,0)),+(x,*(x,x))) = +(x,*(x,x))
  sp655  landed  le(x,0) = -(le(x,0),+(+(x,x),*(x,+(y,y))))  [ind 0 refl refl]
  refused (retried on growth): *(s(le(x,0)),+(x,*(x,y))) = +(x,*(x,y))
  sp656  landed  le(x,0) = le(+(+(x,x),*(x,+(y,y))),le(x,0))  [ind 0 refl refl]
  sp583  stalls; residual enters: s(s(*(x,s(s(0))))) = +(*(x,s(s(0))),s(s(0)))
  sp657  landed  le(s(0),+(x,*(x,x))) = le(s(0),+(*(x,x),x))  [ind 0 refl refl]
  refused (retried on growth): s(s(*(x,s(s(0))))) = +(*(x,s(s(0))),s(s(0)))
  refused (retried on growth): le(s(0),+(x,*(x,y))) = le(s(0),+(*(x,y),x))
  refused (retried on growth): 0 = -(le(x,0),+(*(x,+(y,y)),s(+(x,x))))
  refused (retried on growth): le(s(0),-(x,s(0))) = le(le(x,s(0)),-(x,s(0)))
  refused (retried on growth): 0 = le(+(+(x,0),s(+(x,0))),*(s(s(0)),x))
  sp658  landed  le(s(0),+(+(x,x),*(x,+(y,y)))) = le(s(0),x)  [ind 0 refl refl]
  refused (retried on growth): s(0) = le(max(x,s(0)),s(*(s(x),max(x,s(0)))))
  refused (retried on growth): max(+(x,*(x,x)),s(0)) = max(+(*(x,x),x),s(0))
  refused (retried on growth): le(x,s(le(s(0),-(x,s(0))))) = le(x,s(s(0)))
  refused (retried on growth): le(x,s(s(0))) = le(x,s(le(s(0),-(x,s(0)))))
  refused (retried on growth): max(+(x,*(x,y)),s(0)) = max(+(*(x,y),x),s(0))
  refused (retried on growth): le(x,s(0)) = le(+(x,-(y,s(0))),max(y,s(0)))
  refused (retried on growth): max(-(x,s(0)),s(0)) = gcd(-(x,s(0)),le(x,s(0)))
  sp583  landed  +(*(0,s(*(s(0),0))),s(*(s(0),0))) = s(0)  [refl]
  sp584  landed  +(*(*(s(0),0),s(0)),s(*(s(0),0))) = s(0)  [refl]
  refused (retried on growth): max(-(x,s(0)),s(0)) = gcd(le(x,s(0)),-(x,s(0)))
  sp585  landed  +(x,s(s(s(0)))) = s(max(+(s(s(0)),x),s(0)))  [ind 0 refl congsuc]
  refused (retried on growth): max(-(x,s(0)),s(0)) = max(-(x,s(0)),le(x,s(0)))
  refused (retried on growth): s(s(s(0))) = -(s(s(max(x,s(0)))),-(x,s(0)))
  refused (retried on growth): max(-(x,s(0)),s(0)) = max(le(x,s(0)),-(x,s(0)))
  sp586  stalls; residual enters: +(x,max(*(y,x),s(0))) = max(+(x,*(y,x)),s(x))
  refused (retried on growth): +(*(x,0),+(*(x,0),y)) = +(y,*(x,+(0,0)))
  refused (retried on growth): +(x,max(*(y,x),s(0))) = max(+(x,*(y,x)),s(x))
  refused (retried on growth): +(+(0,x),+(+(0,x),y)) = +(y,+(x,+(0,x)))
  sp586  landed  +(*(max(0,s(0)),x),max(*(0,0),s(0))) = s(x)  [ind 0 refl congsuc]
  sp587  landed  +(*(0,0),max(*(0,s(*(0,0))),s(0))) = s(0)  [refl]
  refused (retried on growth): +(+(0,x),+(+(0,x),y)) = +(y,+(x,+(0,x)))
  sp588  landed  +(*(0,0),max(*(*(0,0),s(0)),s(0))) = s(0)  [refl]
  sp589  landed  +(*(x,0),max(*(0,s(*(x,0))),s(0))) = s(0)  [ind 0 refl ih]
  sp590  landed  +(*(x,0),max(*(*(x,0),s(0)),s(0))) = s(0)  [ind 0 refl ih]
  refused (retried on growth): +(+(x,*(y,z)),*(y,0)) = +(x,*(y,+(z,0)))
  refused (retried on growth): 0 = +(*(*(x,y),0),*(0,s(*(*(x,y),0))))
  refused (retried on growth): +(+(x,max(y,s(0))),y) = +(x,+(y,max(y,s(0))))
  refused (retried on growth): 0 = +(*(*(x,y),0),*(*(*(x,y),0),s(0)))
  refused (retried on growth): +(*(x,y),s(x)) = max(le(x,0),+(*(x,y),s(x)))
  refused (retried on growth): 0 = *(le(x,s(0)),+(-(x,s(0)),-(x,s(0))))
  sp659  stalls; residual enters: +(+(x,x),s(s(s(0)))) = s(s(s(+(x,x))))
  refused (retried on growth): 0 = -(le(+(x,y),0),+(+(x,y),+(s(x),y)))
  refused (retried on growth): +(+(x,x),s(s(s(0)))) = s(s(s(+(x,x))))
  refused (retried on growth): 0 = -(le(x,s(0)),+(max(x,s(0)),-(x,s(0))))
  sp659  stalls; residual enters: +(+(x,+(x,x)),s(x)) = s(+(x,+(x,+(x,x))))
  sp591  landed  0 = -(le(x,0),+(le(s(0),x),s(le(s(0),x))))  [ind 0 refl refl]
  refused (retried on growth): +(+(x,+(x,x)),s(x)) = s(+(x,+(x,+(x,x))))
  sp592  landed  0 = -(le(x,0),+(*(s(x),x),s(*(s(x),x))))  [ind 0 refl refl]
  sp659  landed  s(0) = le(le(s(0),x),*(x,+(+(x,x),+(x,x))))  [ind 0 refl refl]
  refused (retried on growth): le(+(x,y),0) = le(*(+(s(x),y),+(x,y)),0)
  refused (retried on growth): *(s(s(x)),s(s(x))) = *(s(s(x)),+(x,s(s(0))))
  refused (retried on growth): le(x,s(0)) = le(*(max(x,s(0)),-(x,s(0))),0)
  refused (retried on growth): *(s(s(x)),s(s(x))) = *(+(x,s(s(0))),s(s(x)))
  refused (retried on growth): +(s(x),s(x)) = -(+(s(s(x)),x),le(s(x),0))
  sp593  landed  0 = +(*(le(s(0),0),le(s(0),0)),le(s(0),0))  [refl]
  refused (retried on growth): le(s(0),+(x,y)) = le(s(0),+(+(+(x,y),x),y))
  sp594  landed  0 = *(le(s(0),x),+(le(x,0),*(le(x,0),y)))  [ind 0 refl refl]
  sp595  landed  0 = -(le(s(0),+(max(x,s(0)),*(x,x))),s(0))  [ind 0 refl refl]
  sp660  landed  +(x,s(s(s(0)))) = max(s(s(0)),+(s(s(0)),s(x)))  [ind 0 refl congsuc]
  sp596  landed  le(s(0),x) = -(le(s(0),x),le(s(0),le(x,0)))  [ind 0 refl refl]
  sp597  landed  le(x,0) = -(le(x,0),le(s(0),+(x,*(x,x))))  [ind 0 refl refl]
  refused (retried on growth): +(x,s(s(s(y)))) = max(+(y,x),s(s(+(s(y),x))))
  sp598  landed  le(x,0) = -(le(x,0),le(s(0),+(x,*(x,y))))  [ind 0 refl refl]
  sp599  landed  le(*(x,x),0) = -(le(*(x,x),0),le(s(0),x))  [ind 0 refl refl]
  refused (retried on growth): +(x,s(s(s(y)))) = max(+(s(s(s(y))),x),+(y,x))
  sp600  landed  le(s(0),x) = le(le(s(0),le(x,0)),le(s(0),x))  [ind 0 refl refl]
  sp661  landed  +(+(0,x),max(+(0,x),s(0))) = +(x,max(x,s(0)))  [refl]
  sp662  stalls; residual enters: +(x,max(s(x),s(0))) = s(+(x,x))
  sp601  landed  le(x,0) = le(le(s(0),+(x,*(x,x))),le(x,0))  [ind 0 refl refl]
  refused (retried on growth): +(x,max(s(x),s(0))) = s(+(x,x))
  sp602  landed  le(x,0) = le(le(s(0),+(x,*(x,y))),le(x,0))  [ind 0 refl refl]
  sp662  landed  +(le(s(s(0)),0),max(le(s(s(0)),0),s(0))) = s(0)  [refl]
  sp603  landed  le(*(x,x),0) = le(le(s(0),x),le(*(x,x),0))  [ind 0 refl refl]
  sp663  landed  +(+(0,x),max(+(0,x),s(0))) = +(max(x,s(0)),x)  [ind 0 refl refl]
  sp604  landed  le(s(0),x) = le(le(x,0),+(+(x,x),+(x,x)))  [ind 0 refl refl]
  sp605  landed  le(s(0),x) = le(le(x,0),+(+(x,0),+(x,0)))  [ind 0 refl refl]
  refused (retried on growth): +(x,max(+(y,y),s(0))) = max(+(y,+(y,x)),s(x))
  sp606  landed  le(s(0),x) = le(le(x,0),+(+(x,+(x,x)),x))  [ind 0 refl refl]
  refused (retried on growth): +(+(x,y),s(s(0))) = max(s(0),+(y,s(s(x))))
  refused (retried on growth): +(x,max(+(y,z),s(0))) = +(max(+(y,z),s(0)),x)
  refused (retried on growth): +(+(x,y),s(s(0))) = max(+(y,s(s(x))),s(0))
  sp664  landed  +(+(0,x),max(y,s(0))) = max(+(x,y),s(+(0,x)))  [ind 0 refl congsuc]
  sp607  landed  s(max(+(x,y),s(0))) = max(+(s(x),y),s(s(0)))  [refl]
  sp608  landed  s(0) = +(*(max(0,s(0)),max(0,s(0))),*(0,0))  [refl]
  refused (retried on growth): +(*(x,0),max(*(x,y),s(0))) = max(*(x,y),s(0))
  sp609  landed  0 = +(*(x,+(0,0)),*(0,s(*(+(x,x),0))))  [ind 0 refl ih]
  refused (retried on growth): +(+(x,0),+(x,0)) = +(+(x,x),*(s(s(0)),0))
  refused (retried on growth): 0 = +(*(+(x,x),0),*(0,s(*(x,+(0,0)))))
  refused (retried on growth): +(+(x,0),+(x,0)) = +(*(s(s(0)),x),+(0,0))
  refused (retried on growth): 0 = +(*(x,+(0,0)),*(*(+(x,x),0),s(0)))
  refused (retried on growth): 0 = +(*(+(x,x),0),*(*(x,+(0,0)),s(0)))
  sp610  landed  0 = le(+(le(0,0),*(le(0,0),x)),le(s(0),0))  [refl]
  refused (retried on growth): *(+(x,y),+(z,z)) = *(+(+(+(x,y),x),y),z)
  sp611  landed  0 = le(+(le(0,0),+(le(0,0),s(le(0,0)))),0)  [refl]
  sp612  landed  s(0) = le(+(*(x,0),+(*(x,0),*(x,0))),0)  [ind 0 refl ih]
  sp665  stalls; residual enters: s(+(x,x)) = +(x,max(s(x),s(0)))
  refused (retried on growth): s(+(x,x)) = +(x,max(s(x),s(0)))
  sp665  landed  0 = *(le(x,0),+(+(x,*(x,x)),+(x,*(x,x))))  [ind 0 refl refl]
  refused (retried on growth): +(x,+(*(y,x),z)) = max(+(*(s(y),x),z),x)
  sp666  landed  0 = *(le(x,0),+(+(x,*(x,y)),+(x,*(x,y))))  [ind 0 refl refl]
  sp613  landed  +(*(x,0),+(*(*(x,0),s(*(x,0))),y)) = y  [ind 0 refl ih]
  refused (retried on growth): 0 = -(le(x,s(0)),+(-(x,s(0)),s(-(x,s(0)))))
  sp614  landed  +(le(0,0),+(x,y)) = max(+(s(x),y),le(0,0))  [refl]
  sp615  landed  +(*(s(0),0),+(*(0,s(*(s(0),0))),x)) = x  [refl]
  sp667  landed  0 = le(+(+(+(s(0),x),y),+(s(0),+(x,y))),0)  [refl]
  sp668  landed  +(s(s(0)),s(s(0))) = -(+(s(s(0)),s(s(0))),0)  [refl]
  sp616  landed  +(*(s(0),0),+(*(*(s(0),0),s(0)),x)) = x  [refl]
  sp669  landed  +(s(s(x)),s(s(x))) = -(+(s(s(x)),s(s(x))),0)  [refl]
  sp617  landed  +(s(s(0)),*(x,s(s(0)))) = *(s(x),s(s(0)))  [refl]
  sp618  landed  +(+(0,s(0)),max(+(0,s(0)),s(0))) = s(s(0))  [refl]
  sp670  landed  0 = *(le(x,0),+(+(x,x),*(+(x,x),+(x,x))))  [ind 0 refl refl]
  sp619  landed  +(le(x,0),*(le(x,0),le(s(0),x))) = le(x,0)  [ind 0 refl refl]
  sp671  landed  0 = *(le(x,0),+(+(x,0),*(+(x,0),+(x,0))))  [ind 0 refl refl]
  sp620  landed  -(+(le(s(s(0)),0),le(s(s(0)),0)),s(0)) = 0  [refl]
  sp672  landed  0 = *(le(x,0),+(le(s(0),x),*(le(s(0),x),y)))  [ind 0 refl refl]
  sp621  landed  le(x,0) = le(+(+(x,x),*(x,s(le(0,0)))),0)  [ind 0 refl refl]
  sp673  landed  0 = *(le(x,0),+(*(s(x),x),*(*(s(x),x),y)))  [ind 0 refl refl]
  sp622  landed  le(x,0) = le(+(+(x,x),*(x,*(s(0),0))),0)  [ind 0 refl refl]
  sp674  landed  le(s(0),x) = -(le(s(0),x),+(le(x,0),le(x,0)))  [ind 0 refl refl]
  sp623  landed  0 = le(+(+(s(s(x)),x),*(s(x),+(y,y))),0)  [refl]
  sp624  landed  le(+(le(s(0),s(0)),le(s(0),s(0))),s(0)) = 0  [refl]
  sp675  landed  le(x,0) = -(le(x,0),+(le(s(0),x),le(s(0),x)))  [ind 0 refl refl]
  sp625  landed  0 = le(s(0),+(*(x,0),+(*(x,0),*(x,0))))  [ind 0 refl ih]
  sp676  landed  le(x,0) = -(le(x,0),+(*(s(x),x),*(s(x),x)))  [ind 0 refl refl]
  refused (retried on growth): *(s(x),max(x,s(0))) = +(*(x,x),max(x,s(0)))
  sp677  landed  le(s(0),x) = le(+(le(x,0),le(x,0)),le(s(0),x))  [ind 0 refl refl]
  sp626  landed  0 = +(*(0,0),*(0,s(*(-(0,le(0,0)),0))))  [refl]
  sp678  landed  le(x,0) = le(+(x,+(x,+(x,x))),le(+(x,x),0))  [ind 0 refl refl]
  sp627  landed  0 = +(*(-(0,le(0,0)),0),*(0,s(*(0,0))))  [refl]
  sp628  landed  0 = +(*(0,0),*(0,s(*(-(0,s(s(0))),0))))  [refl]
  sp679  landed  le(x,0) = le(+(le(s(0),x),le(s(0),x)),le(x,0))  [ind 0 refl refl]
  sp629  landed  0 = +(*(-(0,s(s(0))),0),*(0,s(*(0,0))))  [refl]
  sp680  landed  le(x,0) = le(+(*(s(x),x),*(s(x),x)),le(x,0))  [ind 0 refl refl]
  sp630  landed  0 = +(*(0,0),*(0,s(*(-(0,*(x,0)),0))))  [refl]
  sp631  landed  0 = +(*(-(0,*(x,0)),0),*(0,s(*(0,0))))  [ind 0 refl ih]
  refused (retried on growth): s(0) = le(le(s(0),+(x,y)),+(+(+(x,y),x),y))
  sp632  landed  0 = +(*(0,0),*(*(-(0,le(0,0)),0),s(0)))  [refl]
  sp633  landed  0 = +(*(-(0,le(0,0)),0),*(*(0,0),s(0)))  [refl]
  refused (retried on growth): le(x,s(0)) = -(le(x,s(0)),le(s(0),-(x,s(0))))
  sp634  landed  0 = +(*(0,0),*(*(-(0,s(s(0))),0),s(0)))  [refl]
  refused (retried on growth): le(x,s(0)) = le(le(s(0),-(x,s(0))),le(x,s(0)))
  sp635  landed  0 = +(*(-(0,s(s(0))),0),*(*(0,0),s(0)))  [refl]
  refused (retried on growth): +(s(x),s(x)) = max(+(s(s(x)),x),le(s(0),s(x)))
  sp636  landed  0 = +(*(0,0),*(*(-(0,*(x,0)),0),s(0)))  [ind 0 refl ih]
  sp637  landed  0 = +(*(-(0,*(x,0)),0),*(*(0,0),s(0)))  [ind 0 refl ih]
  sp681  landed  0 = -(s(0),+(*(*(x,0),*(x,0)),s(*(x,0))))  [ind 0 refl ih]
  sp682  landed  0 = le(+(+(x,s(s(0))),*(s(s(x)),s(s(x)))),0)  [ind 0 refl refl]
  refused (retried on growth): s(max(+(x,y),s(0))) = max(+(s(y),x),s(s(0)))
  sp683  stalls; residual enters: +(-(x,s(0)),s(s(0))) = s(max(0,max(x,s(0))))
  refused (retried on growth): +(-(x,s(0)),s(s(0))) = s(max(0,max(x,s(0))))
  refused (retried on growth): +(x,max(+(s(y),z),s(0))) = +(+(y,z),s(x))
  sp683  stalls; residual enters: +(-(x,s(0)),s(s(0))) = s(max(x,s(0)))
  sp638  landed  le(s(0),+(+(0,0),*(+(0,0),+(0,0)))) = 0  [refl]
  refused (retried on growth): +(-(x,s(0)),s(s(0))) = s(max(x,s(0)))
  sp639  landed  le(s(0),+(*(x,0),*(*(x,0),*(x,0)))) = 0  [ind 0 refl ih]
  sp683  landed  s(max(-(x,s(0)),s(0))) = max(max(x,s(0)),s(s(0)))  [ind 0 refl refl]
  sp640  landed  le(s(0),+(le(x,0),*(le(x,0),x))) = le(x,0)  [ind 0 refl refl]
  sp684  landed  le(s(0),max(x,s(y))) = -(le(s(0),max(x,s(y))),0)  [refl]
  refused (retried on growth): max(+(x,*(x,s(0))),s(0)) = +(x,max(x,s(0)))
  sp641  landed  max(+(*(0,0),*(*(0,0),s(0))),s(0)) = s(0)  [refl]
  sp685  landed  le(s(0),max(s(x),y)) = -(le(s(0),max(s(x),y)),0)  [refl]
  sp642  landed  max(+(*(x,0),*(*(x,0),s(0))),s(0)) = s(0)  [ind 0 refl ih]
  sp686  landed  le(s(0),+(s(x),y)) = -(le(s(0),+(s(x),y)),0)  [refl]
  sp643  landed  0 = +(+(0,0),*(+(0,0),s(*(s(s(0)),0))))  [refl]
  sp687  landed  le(s(0),+(x,s(y))) = -(le(s(0),+(x,s(y))),0)  [refl]
  sp644  landed  0 = +(+(0,0),*(*(s(s(0)),0),s(+(0,0))))  [refl]
  sp645  landed  0 = +(*(s(s(0)),0),*(0,s(*(s(s(0)),0))))  [refl]
  sp688  landed  s(0) = -(s(0),+(*(x,0),*(*(x,0),*(x,0))))  [ind 0 refl ih]
  sp646  landed  0 = +(*(s(s(0)),0),*(+(0,0),s(+(0,0))))  [refl]
  sp689  landed  le(x,0) = -(le(x,0),+(*(+(0,x),+(0,x)),x))  [ind 0 refl refl]
  sp647  landed  0 = +(*(s(s(0)),0),*(*(s(s(0)),0),s(0)))  [refl]
  sp648  landed  s(0) = le(+(+(0,0),*(0,+(0,+(0,0)))),0)  [refl]
  sp690  landed  le(x,0) = -(le(x,0),+(+(x,x),*(+(x,x),y)))  [ind 0 refl refl]
  sp649  landed  s(0) = le(+(+(0,0),*(0,+(+(0,0),0))),0)  [refl]
  sp691  landed  le(x,0) = -(le(x,0),+(+(x,0),*(+(x,0),y)))  [ind 0 refl refl]
  sp650  landed  +(max(s(x),s(0)),s(x)) = gcd(+(s(x),s(x)),0)  [refl]
  sp651  landed  +(max(s(x),s(0)),s(x)) = gcd(0,+(s(x),s(x)))  [refl]
  sp692  landed  s(0) = -(s(0),+(le(s(0),0),*(le(s(0),0),x)))  [refl]
  refused (retried on growth): +(max(s(x),s(0)),s(x)) = gcd(0,+(x,s(s(x))))
  refused (retried on growth): le(x,0) = -(le(x,0),+(*(x,+(y,y)),+(x,x)))
  sp652  landed  s(0) = gcd(0,le(s(0),+(max(x,s(0)),*(x,x))))  [ind 0 refl refl]
  sp693  landed  s(0) = le(+(*(x,0),*(*(x,0),*(x,0))),s(0))  [ind 0 refl ih]
  sp653  landed  s(0) = gcd(le(s(0),+(max(x,s(0)),*(x,x))),0)  [ind 0 refl refl]
  sp654  stalls; residual enters: +(*(x,s(s(0))),s(s(0))) = s(s(*(x,s(s(0)))))
  sp694  landed  le(x,0) = le(+(+(x,x),*(+(x,x),y)),le(x,0))  [ind 0 refl refl]
  refused (retried on growth): +(*(x,s(s(0))),s(s(0))) = s(s(*(x,s(s(0)))))
  sp695  landed  le(x,0) = le(+(+(x,0),*(+(x,0),y)),le(x,0))  [ind 0 refl refl]
  refused (retried on growth): +(+(0,0),*(s(s(0)),x)) = +(+(x,0),+(x,0))
  sp696  landed  s(0) = le(+(le(s(0),0),*(le(s(0),0),x)),s(0))  [refl]
  sp654  landed  +(s(s(0)),+(x,x)) = -(+(s(s(0)),+(x,x)),0)  [refl]
  sp697  landed  0 = le(+(max(x,s(0)),*(x,x)),le(max(x,s(0)),0))  [ind 0 refl refl]
  sp655  landed  le(x,0) = -(le(x,0),+(+(x,x),*(x,+(y,y))))  [ind 0 refl refl]
  sp698  landed  le(x,0) = le(+(x,*(+(0,x),y)),le(+(0,x),0))  [ind 0 refl refl]
  sp656  landed  le(x,0) = le(+(+(x,x),*(x,+(y,y))),le(x,0))  [ind 0 refl refl]
  sp657  landed  le(s(0),+(x,*(x,x))) = le(s(0),+(*(x,x),x))  [ind 0 refl refl]
  refused (retried on growth): +(x,+(y,+(z,z))) = max(+(z,+(z,+(x,y))),x)
  refused (retried on growth): le(s(0),+(x,*(x,y))) = le(s(0),+(*(x,y),x))
  refused (retried on growth): le(s(0),-(x,s(0))) = le(le(x,s(0)),-(x,s(0)))
  refused (retried on growth): +(x,+(+(y,y),z)) = max(+(+(y,+(y,x)),z),x)
  sp658  landed  le(s(0),+(+(x,x),*(x,+(y,y)))) = le(s(0),x)  [ind 0 refl refl]
  refused (retried on growth): max(+(x,*(x,x)),s(0)) = max(+(*(x,x),x),s(0))
  refused (retried on growth): +(x,+(y,+(z,u))) = max(+(+(+(x,y),z),u),x)
  refused (retried on growth): max(+(x,*(x,y)),s(0)) = max(+(*(x,y),x),s(0))
  sp699  landed  +(x,+(+(y,z),u)) = max(+(+(+(x,y),z),u),x)  [ind 0 refl congsuc]
  refused (retried on growth): max(-(x,s(0)),s(0)) = gcd(-(x,s(0)),le(x,s(0)))
  sp700  landed  +(+(0,x),+(y,z)) = max(+(+(x,y),z),+(0,x))  [ind 0 refl congsuc]
  refused (retried on growth): max(-(x,s(0)),s(0)) = gcd(le(x,s(0)),-(x,s(0)))
  sp701  landed  +(x,+(s(s(0)),y)) = max(+(+(s(s(0)),x),y),x)  [ind 0 refl congsuc]
  refused (retried on growth): max(-(x,s(0)),s(0)) = max(-(x,s(0)),le(x,s(0)))
  sp702  landed  +(s(s(0)),s(s(s(0)))) = +(s(s(s(0))),s(s(0)))  [refl]
  refused (retried on growth): max(-(x,s(0)),s(0)) = max(le(x,s(0)),-(x,s(0)))
  sp703  stalls; residual enters: +(x,s(s(s(x)))) = s(+(x,s(s(x))))
  refused (retried on growth): +(x,s(s(s(x)))) = s(+(x,s(s(x))))
  refused (retried on growth): +(*(x,0),+(*(x,0),y)) = +(y,*(x,+(0,0)))
  refused (retried on growth): +(s(s(x)),s(s(s(x)))) = +(s(s(s(x))),s(s(x)))
  refused (retried on growth): +(+(0,x),+(+(0,x),y)) = +(y,+(x,+(0,x)))
  refused (retried on growth): +(s(x),max(s(x),s(0))) = +(s(max(s(x),s(0))),x)
  sp703  landed  +(max(le(s(s(0)),0),s(0)),le(s(s(0)),0)) = s(0)  [refl]
  refused (retried on growth): +(+(0,x),+(+(0,x),y)) = +(y,+(x,+(0,x)))
  sp704  landed  s(le(x,0)) = max(le(s(0),le(s(0),x)),s(le(x,0)))  [ind 0 refl refl]
  sp705  landed  s(le(x,0)) = max(le(s(0),*(s(x),x)),s(le(x,0)))  [ind 0 refl refl]
  refused (retried on growth): +(+(x,*(y,z)),*(y,0)) = +(x,*(y,+(z,0)))
  sp706  landed  s(0) = max(le(s(0),+(max(x,s(0)),*(x,x))),s(0))  [ind 0 refl refl]
  sp707  landed  +(s(x),*(s(x),y)) = -(+(s(x),*(s(x),y)),0)  [refl]
  refused (retried on growth): +(+(x,max(y,s(0))),y) = +(x,+(y,max(y,s(0))))
  sp708  landed  +(le(x,0),*(le(x,0),+(x,*(x,x)))) = le(x,0)  [ind 0 refl refl]
  sp709  landed  +(le(x,0),*(le(x,0),+(x,*(x,y)))) = le(x,0)  [ind 0 refl refl]
  refused (retried on growth): +(*(x,y),s(x)) = max(le(x,0),+(*(x,y),s(x)))
  sp710  landed  s(le(s(0),x)) = max(le(*(x,x),0),s(le(s(0),x)))  [ind 0 refl refl]
  sp659  stalls; residual enters: +(+(x,x),s(s(s(0)))) = s(s(s(+(x,x))))
  refused (retried on growth): +(+(x,x),s(s(s(0)))) = s(s(s(+(x,x))))
  sp711  landed  s(le(s(0),+(s(x),y))) = s(le(s(0),+(y,s(x))))  [ind 1 refl refl]
  sp659  stalls; residual enters: +(+(x,+(x,x)),s(x)) = s(+(x,+(x,+(x,x))))
  refused (retried on growth): +(+(x,+(x,x)),s(x)) = s(+(x,+(x,+(x,x))))
  sp712  landed  le(x,0) = le(+(+(x,x),*(x,*(y,+(0,0)))),0)  [ind 0 refl refl]
  sp659  landed  s(0) = le(le(s(0),x),*(x,+(+(x,x),+(x,x))))  [ind 0 refl refl]
  sp713  landed  le(x,0) = le(+(+(x,x),*(x,+(y,+(0,y)))),0)  [ind 0 refl refl]
  refused (retried on growth): *(s(s(x)),s(s(x))) = *(s(s(x)),+(x,s(s(0))))
  sp714  landed  le(x,0) = le(+(+(x,x),*(x,+(s(s(y)),y))),0)  [ind 0 refl refl]
  refused (retried on growth): *(s(s(x)),s(s(x))) = *(+(x,s(s(0))),s(s(x)))
  sp715  landed  le(+(le(s(s(0)),0),le(s(s(0)),0)),s(0)) = s(0)  [refl]
  sp716  landed  s(0) = le(s(0),+(s(x),+(s(x),+(s(s(x)),x))))  [refl]
  refused (retried on growth): le(s(0),+(x,y)) = le(s(0),+(+(+(x,y),x),y))
  sp717  landed  le(s(0),le(s(0),+(max(x,s(0)),*(x,x)))) = s(0)  [ind 0 refl refl]
  sp660  landed  +(x,s(s(s(0)))) = max(s(s(0)),+(s(s(0)),s(x)))  [ind 0 refl congsuc]
  sp718  landed  +(max(le(0,0),s(0)),max(le(0,0),s(0))) = s(s(0))  [refl]
  sp719  landed  0 = +(*(0,0),*(0,s(*(-(0,s(+(0,x))),0))))  [refl]
  refused (retried on growth): +(x,s(s(s(y)))) = max(+(y,x),s(s(+(s(y),x))))
  sp720  landed  0 = +(*(-(0,s(+(0,x))),0),*(0,s(*(0,0))))  [refl]
  sp721  landed  0 = +(*(0,0),*(0,s(*(-(0,s(s(s(0)))),0))))  [refl]
  refused (retried on growth): +(x,s(s(s(y)))) = max(+(s(s(s(y))),x),+(y,x))
  sp722  landed  0 = +(*(-(0,s(s(s(0)))),0),*(0,s(*(0,0))))  [refl]
  sp661  landed  +(+(0,x),max(+(0,x),s(0))) = +(x,max(x,s(0)))  [refl]
  sp723  landed  0 = +(*(0,0),*(0,s(*(-(0,+(s(0),x)),0))))  [refl]
  sp662  stalls; residual enters: +(x,max(s(x),s(0))) = s(+(x,x))
  sp724  landed  0 = +(*(-(0,+(s(0),x)),0),*(0,s(*(0,0))))  [refl]
  refused (retried on growth): +(x,max(s(x),s(0))) = s(+(x,x))
  sp662  landed  +(le(s(s(0)),0),max(le(s(s(0)),0),s(0))) = s(0)  [refl]
  sp725  landed  0 = +(*(0,0),*(0,s(*(-(0,+(0,s(x))),0))))  [refl]
  sp663  landed  +(+(0,x),max(+(0,x),s(0))) = +(max(x,s(0)),x)  [ind 0 refl refl]
  sp726  landed  0 = +(*(-(0,+(0,s(x))),0),*(0,s(*(0,0))))  [refl]
  sp727  landed  0 = +(*(0,0),*(*(-(0,s(+(0,x))),0),s(0)))  [refl]
  refused (retried on growth): +(x,max(+(y,y),s(0))) = max(+(y,+(y,x)),s(x))
  sp728  landed  0 = +(*(-(0,s(+(0,x))),0),*(*(0,0),s(0)))  [refl]
  sp729  landed  0 = +(*(0,0),*(*(-(0,s(s(s(0)))),0),s(0)))  [refl]
  sp730  landed  0 = +(*(-(0,s(s(s(0)))),0),*(*(0,0),s(0)))  [refl]
  refused (retried on growth): +(x,max(+(y,z),s(0))) = +(max(+(y,z),s(0)),x)
  sp731  landed  0 = +(*(0,0),*(*(-(0,+(s(0),x)),0),s(0)))  [refl]
  sp664  landed  +(+(0,x),max(y,s(0))) = max(+(x,y),s(+(0,x)))  [ind 0 refl congsuc]
  sp732  landed  0 = +(*(-(0,+(s(0),x)),0),*(*(0,0),s(0)))  [refl]
  refused (retried on growth): +(*(x,0),max(*(x,y),s(0))) = max(*(x,y),s(0))
  sp733  landed  0 = +(*(0,0),*(*(-(0,+(0,s(x))),0),s(0)))  [refl]
  refused (retried on growth): +(+(x,0),+(x,0)) = +(+(x,x),*(s(s(0)),0))
  sp734  landed  0 = +(*(-(0,+(0,s(x))),0),*(*(0,0),s(0)))  [refl]
  refused (retried on growth): +(+(x,0),+(x,0)) = +(*(s(s(0)),x),+(0,0))
  sp735  stalls; residual enters: +(*(x,x),s(x)) = max(le(x,0),s(+(*(x,x),x)))
  refused (retried on growth): +(*(x,x),s(x)) = max(le(x,0),s(+(*(x,x),x)))
  sp735  landed  le(s(0),x) = le(s(0),*(x,+(x,+(x,+(x,x)))))  [ind 0 refl refl]
  refused (retried on growth): *(+(x,y),+(z,z)) = *(+(+(+(x,y),x),y),z)
  sp665  stalls; residual enters: s(+(x,x)) = +(x,max(s(x),s(0)))
  sp736  landed  le(s(0),x) = le(s(0),*(x,+(+(+(x,x),x),x)))  [ind 0 refl refl]
  refused (retried on growth): s(+(x,x)) = +(x,max(s(x),s(0)))
  sp665  landed  0 = *(le(x,0),+(+(x,*(x,x)),+(x,*(x,x))))  [ind 0 refl refl]
  refused (retried on growth): +(x,max(+(y,z),s(0))) = max(+(+(y,x),z),s(x))
  sp666  landed  0 = *(le(x,0),+(+(x,*(x,y)),+(x,*(x,y))))  [ind 0 refl refl]
  refused (retried on growth): 0 = -(le(x,s(0)),+(-(x,s(0)),s(-(x,s(0)))))
  refused (retried on growth): +(x,max(+(*(x,0),y),s(0))) = +(max(y,s(0)),x)
  sp667  landed  0 = le(+(+(+(s(0),x),y),+(s(0),+(x,y))),0)  [refl]
  sp737  landed  le(s(0),+(le(0,0),*(le(0,0),le(0,0)))) = s(0)  [refl]
  sp668  landed  +(s(s(0)),s(s(0))) = -(+(s(s(0)),s(s(0))),0)  [refl]
  sp738  landed  le(s(0),+(x,*(x,x))) = le(le(x,0),*(s(x),x))  [ind 0 refl refl]
  sp669  landed  +(s(s(x)),s(s(x))) = -(+(s(s(x)),s(s(x))),0)  [refl]
  sp670  landed  0 = *(le(x,0),+(+(x,x),*(+(x,x),+(x,x))))  [ind 0 refl refl]
  sp739  landed  le(s(0),+(s(s(x)),*(s(s(x)),s(s(x))))) = s(0)  [refl]
  sp671  landed  0 = *(le(x,0),+(+(x,0),*(+(x,0),+(x,0))))  [ind 0 refl refl]
  sp740  landed  le(s(0),+(max(x,s(y)),*(max(x,s(y)),z))) = s(0)  [ind 0 refl refl]
  sp672  landed  0 = *(le(x,0),+(le(s(0),x),*(le(s(0),x),y)))  [ind 0 refl refl]
  sp673  landed  0 = *(le(x,0),+(*(s(x),x),*(*(s(x),x),y)))  [ind 0 refl refl]
  sp741  landed  le(s(0),+(max(s(x),y),*(max(s(x),y),z))) = s(0)  [ind 1 refl refl]
  sp674  landed  le(s(0),x) = -(le(s(0),x),+(le(x,0),le(x,0)))  [ind 0 refl refl]
  sp742  landed  le(s(0),+(s(+(0,x)),*(s(+(0,x)),y))) = s(0)  [refl]
  sp675  landed  le(x,0) = -(le(x,0),+(le(s(0),x),le(s(0),x)))  [ind 0 refl refl]
  sp676  landed  le(x,0) = -(le(x,0),+(*(s(x),x),*(s(x),x)))  [ind 0 refl refl]
  sp743  landed  le(s(0),+(s(+(x,0)),*(s(+(x,0)),y))) = s(0)  [refl]
  sp677  landed  le(s(0),x) = le(+(le(x,0),le(x,0)),le(s(0),x))  [ind 0 refl refl]
  sp744  landed  le(s(0),+(s(s(s(0))),*(s(s(s(0))),x))) = s(0)  [refl]
  sp678  landed  le(x,0) = le(+(x,+(x,+(x,x))),le(+(x,x),0))  [ind 0 refl refl]
  sp745  landed  le(s(0),+(max(x,s(0)),*(max(x,s(0)),x))) = s(0)  [ind 0 refl refl]
  sp679  landed  le(x,0) = le(+(le(s(0),x),le(s(0),x)),le(x,0))  [ind 0 refl refl]
  sp746  landed  le(s(0),+(*(x,0),*(*(x,0),s(*(x,0))))) = 0  [ind 0 refl ih]
  sp680  landed  le(x,0) = le(+(*(s(x),x),*(s(x),x)),le(x,0))  [ind 0 refl refl]
  sp747  landed  le(s(0),+(s(s(s(x))),*(s(s(s(x))),y))) = s(0)  [refl]
  sp748  landed  le(s(0),+(+(s(x),y),*(+(s(x),y),z))) = s(0)  [refl]
  refused (retried on growth): s(0) = le(le(s(0),+(x,y)),+(+(+(x,y),x),y))
  refused (retried on growth): le(x,s(0)) = -(le(x,s(0)),le(s(0),-(x,s(0))))
  sp749  landed  le(s(0),+(+(x,s(y)),*(+(x,s(y)),z))) = s(0)  [ind 0 refl refl]
  refused (retried on growth): le(x,s(0)) = le(le(s(0),-(x,s(0))),le(x,s(0)))
  sp750  landed  le(s(0),+(+(s(0),x),*(+(s(0),x),y))) = s(0)  [refl]
  refused (retried on growth): +(s(x),s(x)) = max(+(s(s(x)),x),le(s(0),s(x)))
  sp751  landed  le(s(0),+(s(*(x,y)),*(s(*(x,y)),z))) = s(0)  [refl]
  sp681  landed  0 = -(s(0),+(*(*(x,0),*(x,0)),s(*(x,0))))  [ind 0 refl ih]
  sp752  landed  le(s(0),+(*(s(0),0),*(*(s(0),0),s(0)))) = 0  [refl]
  sp682  landed  0 = le(+(+(x,s(s(0))),*(s(s(x)),s(s(x)))),0)  [ind 0 refl refl]
  sp753  landed  max(+(x,*(x,x)),s(0)) = max(*(s(x),x),le(x,0))  [ind 0 refl refl]
  sp683  stalls; residual enters: +(-(x,s(0)),s(s(0))) = s(max(0,max(x,s(0))))
  sp754  landed  max(+(*(x,0),*(*(x,0),*(x,0))),s(0)) = s(0)  [ind 0 refl ih]
  refused (retried on growth): +(-(x,s(0)),s(s(0))) = s(max(0,max(x,s(0))))
  refused (retried on growth): max(+(x,*(x,le(0,0))),s(0)) = +(x,max(x,s(0)))
  sp683  stalls; residual enters: +(-(x,s(0)),s(s(0))) = s(max(x,s(0)))
  sp755  landed  max(+(x,*(x,x)),s(0)) = max(le(x,0),*(s(x),x))  [ind 0 refl refl]
  refused (retried on growth): +(-(x,s(0)),s(s(0))) = s(max(x,s(0)))
  sp756  landed  0 = +(*(0,0),*(*(0,0),s(*(max(0,s(0)),0))))  [refl]
  sp683  landed  s(max(-(x,s(0)),s(0))) = max(max(x,s(0)),s(s(0)))  [ind 0 refl refl]
  sp757  landed  0 = +(*(0,0),*(*(max(0,s(0)),0),s(*(0,0))))  [refl]
  sp758  landed  0 = +(*(max(0,s(0)),0),*(*(0,0),s(*(0,0))))  [refl]
  sp684  landed  le(s(0),max(x,s(y))) = -(le(s(0),max(x,s(y))),0)  [refl]
  sp759  landed  max(+(x,*(x,x)),s(0)) = gcd(*(s(x),x),le(x,0))  [ind 0 refl refl]
  sp685  landed  le(s(0),max(s(x),y)) = -(le(s(0),max(s(x),y)),0)  [refl]
  sp686  landed  le(s(0),+(s(x),y)) = -(le(s(0),+(s(x),y)),0)  [refl]
  sp760  landed  max(+(x,*(x,x)),s(0)) = gcd(le(x,0),*(s(x),x))  [ind 0 refl refl]
  sp687  landed  le(s(0),+(x,s(y))) = -(le(s(0),+(x,s(y))),0)  [refl]
  refused (retried on growth): *(x,+(y,y)) = +(*(x,+(0,0)),*(+(x,x),y))
  sp688  landed  s(0) = -(s(0),+(*(x,0),*(*(x,0),*(x,0))))  [ind 0 refl ih]
  sp689  landed  le(x,0) = -(le(x,0),+(*(+(0,x),+(0,x)),x))  [ind 0 refl refl]
  refused (retried on growth): *(x,+(y,y)) = +(*(+(x,x),0),*(x,+(y,y)))
  sp690  landed  le(x,0) = -(le(x,0),+(+(x,x),*(+(x,x),y)))  [ind 0 refl refl]
  refused (retried on growth): +(+(x,0),+(x,0)) = +(+(0,0),*(s(s(0)),x))
  sp691  landed  le(x,0) = -(le(x,0),+(+(x,0),*(+(x,0),y)))  [ind 0 refl refl]
  sp761  landed  +(+(le(s(s(0)),0),0),+(le(s(s(0)),0),0)) = 0  [refl]
  sp692  landed  s(0) = -(s(0),+(le(s(0),0),*(le(s(0),0),x)))  [refl]
  sp762  landed  +(+(s(0),0),+(s(0),0)) = +(s(s(0)),+(0,0))  [refl]
  sp763  landed  +(s(max(x,s(0))),*(x,x)) = s(*(s(x),max(x,s(0))))  [ind 0 refl refl]
  refused (retried on growth): le(x,0) = -(le(x,0),+(*(x,+(y,y)),+(x,x)))
  sp764  landed  +(s(*(le(0,0),0)),*(0,s(*(le(0,0),0)))) = s(0)  [refl]
  sp693  landed  s(0) = le(+(*(x,0),*(*(x,0),*(x,0))),s(0))  [ind 0 refl ih]
  sp765  landed  +(s(*(le(0,0),0)),*(*(le(0,0),0),s(0))) = s(0)  [refl]
  sp694  landed  le(x,0) = le(+(+(x,x),*(+(x,x),y)),le(x,0))  [ind 0 refl refl]
  sp766  landed  +(s(*(-(0,x),0)),*(0,s(*(-(0,x),0)))) = s(0)  [ind 0 refl refl]
  sp695  landed  le(x,0) = le(+(+(x,0),*(+(x,0),y)),le(x,0))  [ind 0 refl refl]
  sp767  landed  +(s(*(-(0,x),0)),*(*(-(0,x),0),s(0))) = s(0)  [ind 0 refl refl]
  sp696  landed  s(0) = le(+(le(s(0),0),*(le(s(0),0),x)),s(0))  [refl]
  sp768  landed  +(*(*(s(s(0)),0),s(*(s(s(0)),0))),+(0,0)) = 0  [refl]
  sp697  landed  0 = le(+(max(x,s(0)),*(x,x)),le(max(x,s(0)),0))  [ind 0 refl refl]
  sp769  landed  +(*(+(0,0),s(*(s(s(0)),0))),*(s(s(0)),0)) = 0  [refl]
  sp698  landed  le(x,0) = le(+(x,*(+(0,x),y)),le(+(0,x),0))  [ind 0 refl refl]
  sp770  landed  +(*(*(s(s(0)),0),s(+(0,0))),*(s(s(0)),0)) = 0  [refl]
  sp771  landed  max(max(x,+(s(y),z)),s(0)) = gcd(max(x,+(s(y),z)),0)  [ind 0 refl refl]
  sp772  landed  max(+(x,max(x,s(0))),s(0)) = gcd(+(x,max(x,s(0))),0)  [ind 0 refl refl]
  refused (retried on growth): +(x,+(y,+(z,z))) = max(+(z,+(z,+(x,y))),x)
  sp773  landed  max(max(+(s(x),y),z),s(0)) = gcd(max(+(s(x),y),z),0)  [ind 2 refl refl]
  refused (retried on growth): +(x,+(+(y,y),z)) = max(+(+(y,+(y,x)),z),x)
  sp774  landed  max(max(x,+(s(y),z)),s(0)) = gcd(0,max(x,+(s(y),z)))  [ind 0 refl refl]
  sp775  landed  max(+(x,max(x,s(0))),s(0)) = gcd(0,+(x,max(x,s(0))))  [ind 0 refl refl]
  refused (retried on growth): +(x,+(y,+(z,u))) = max(+(+(+(x,y),z),u),x)
  sp699  landed  +(x,+(+(y,z),u)) = max(+(+(+(x,y),z),u),x)  [ind 0 refl congsuc]
  sp776  landed  max(max(+(s(x),y),z),s(0)) = gcd(0,max(+(s(x),y),z))  [ind 2 refl refl]
  sp700  landed  +(+(0,x),+(y,z)) = max(+(+(x,y),z),+(0,x))  [ind 0 refl congsuc]
  sp777  stalls; residual enters: s(s(+(x,x))) = +(+(x,x),s(s(0)))
  sp701  landed  +(x,+(s(s(0)),y)) = max(+(+(s(s(0)),x),y),x)  [ind 0 refl congsuc]
  sp702  landed  +(s(s(0)),s(s(s(0)))) = +(s(s(s(0))),s(s(0)))  [refl]
  refused (retried on growth): s(s(+(x,x))) = +(+(x,x),s(s(0)))
  sp703  stalls; residual enters: +(x,s(s(s(x)))) = s(+(x,s(s(x))))
  sp777  landed  +(*(s(0),0),+(*(s(0),0),x)) = +(x,*(s(0),0))  [ind 0 refl congsuc]
  refused (retried on growth): +(x,s(s(s(x)))) = s(+(x,s(s(x))))
  sp778  landed  +(+(x,*(le(0,0),0)),*(0,s(*(le(0,0),0)))) = x  [ind 0 refl congsuc]
  refused (retried on growth): +(s(s(x)),s(s(s(x)))) = +(s(s(s(x))),s(s(x)))
  sp779  landed  +(+(x,*(le(0,0),0)),*(*(le(0,0),0),s(0))) = x  [ind 0 refl congsuc]
  refused (retried on growth): +(s(x),max(s(x),s(0))) = +(s(max(s(x),s(0))),x)
  sp703  landed  +(max(le(s(s(0)),0),s(0)),le(s(s(0)),0)) = s(0)  [refl]
  refused (retried on growth): +(+(x,*(-(0,y),0)),*(0,s(*(-(0,y),0)))) = x
  sp704  landed  s(le(x,0)) = max(le(s(0),le(s(0),x)),s(le(x,0)))  [ind 0 refl refl]
  sp705  landed  s(le(x,0)) = max(le(s(0),*(s(x),x)),s(le(x,0)))  [ind 0 refl refl]
  refused (retried on growth): +(+(x,*(-(0,y),0)),*(*(-(0,y),0),s(0))) = x
  sp706  landed  s(0) = max(le(s(0),+(max(x,s(0)),*(x,x))),s(0))  [ind 0 refl refl]
  sp780  landed  +(*(0,s(*(le(0,0),0))),s(*(le(0,0),0))) = s(0)  [refl]
  sp781  landed  +(*(*(le(0,0),0),s(0)),s(*(le(0,0),0))) = s(0)  [refl]
  sp707  landed  +(s(x),*(s(x),y)) = -(+(s(x),*(s(x),y)),0)  [refl]
  sp782  landed  +(*(0,s(*(-(0,x),0))),s(*(-(0,x),0))) = s(0)  [ind 0 refl refl]
  sp708  landed  +(le(x,0),*(le(x,0),+(x,*(x,x)))) = le(x,0)  [ind 0 refl refl]
  sp709  landed  +(le(x,0),*(le(x,0),+(x,*(x,y)))) = le(x,0)  [ind 0 refl refl]
  sp783  landed  +(*(*(-(0,x),0),s(0)),s(*(-(0,x),0))) = s(0)  [ind 0 refl refl]
  sp710  landed  s(le(s(0),x)) = max(le(*(x,x),0),s(le(s(0),x)))  [ind 0 refl refl]
  refused (retried on growth): s(s(max(x,s(0)))) = max(-(x,s(0)),s(s(max(x,s(0)))))
  refused (retried on growth): s(s(max(x,s(0)))) = max(s(s(max(x,s(0)))),-(x,s(0)))
  sp711  landed  s(le(s(0),+(s(x),y))) = s(le(s(0),+(y,s(x))))  [ind 1 refl refl]
  sp784  landed  +(*(s(0),0),max(*(0,s(*(s(0),0))),s(0))) = s(0)  [refl]
  sp712  landed  le(x,0) = le(+(+(x,x),*(x,*(y,+(0,0)))),0)  [ind 0 refl refl]
  sp785  landed  +(*(s(0),0),max(*(*(s(0),0),s(0)),s(0))) = s(0)  [refl]
  sp713  landed  le(x,0) = le(+(+(x,x),*(x,+(y,+(0,y)))),0)  [ind 0 refl refl]
  sp786  landed  0 = *(le(x,0),le(s(0),+(+(x,x),*(x,+(y,y)))))  [ind 0 refl refl]
  sp714  landed  le(x,0) = le(+(+(x,x),*(x,+(s(s(y)),y))),0)  [ind 0 refl refl]
  sp787  landed  0 = *(le(*(x,+(+(x,x),+(x,x))),0),le(s(0),x))  [ind 0 refl refl]
  sp715  landed  le(+(le(s(s(0)),0),le(s(s(0)),0)),s(0)) = s(0)  [refl]
  sp788  landed  0 = *(le(s(0),+(+(x,x),*(x,+(y,y)))),le(x,0))  [ind 0 refl refl]
  sp716  landed  s(0) = le(s(0),+(s(x),+(s(x),+(s(s(x)),x))))  [refl]
  sp717  landed  le(s(0),le(s(0),+(max(x,s(0)),*(x,x)))) = s(0)  [ind 0 refl refl]
  sp789  landed  0 = *(le(s(0),x),le(*(x,+(+(x,x),+(x,x))),0))  [ind 0 refl refl]
  sp718  landed  +(max(le(0,0),s(0)),max(le(0,0),s(0))) = s(s(0))  [refl]
  sp790  landed  0 = -(le(x,0),+(+(x,*(x,x)),s(+(x,*(x,x)))))  [ind 0 refl refl]
  sp719  landed  0 = +(*(0,0),*(0,s(*(-(0,s(+(0,x))),0))))  [refl]
  sp791  landed  0 = -(le(x,0),+(+(x,*(x,y)),s(+(x,*(x,y)))))  [ind 0 refl refl]
  sp720  landed  0 = +(*(-(0,s(+(0,x))),0),*(0,s(*(0,0))))  [refl]
  sp721  landed  0 = +(*(0,0),*(0,s(*(-(0,s(s(s(0)))),0))))  [refl]
  sp792  stalls; residual enters: 0 = le(+(+(x,y),+(0,max(+(x,y),s(0)))),0)
  sp722  landed  0 = +(*(-(0,s(s(s(0)))),0),*(0,s(*(0,0))))  [refl]
  sp723  landed  0 = +(*(0,0),*(0,s(*(-(0,+(s(0),x)),0))))  [refl]
  refused (retried on growth): 0 = le(+(+(x,y),+(0,max(+(x,y),s(0)))),0)
  sp724  landed  0 = +(*(-(0,+(s(0),x)),0),*(0,s(*(0,0))))  [refl]
  sp792  landed  +(*(x,0),*(x,0)) = -(+(*(x,0),*(x,0)),s(0))  [ind 0 refl ih]
  sp725  landed  0 = +(*(0,0),*(0,s(*(-(0,+(0,s(x))),0))))  [refl]
  sp793  landed  0 = *(le(s(0),x),+(le(x,0),*(le(x,0),le(x,0))))  [ind 0 refl refl]
  sp726  landed  0 = +(*(-(0,+(0,s(x))),0),*(0,s(*(0,0))))  [refl]
  sp727  landed  0 = +(*(0,0),*(*(-(0,s(+(0,x))),0),s(0)))  [refl]
  refused (retried on growth): 0 = *(le(x,s(0)),+(-(x,s(0)),*(-(x,s(0)),y)))
  sp728  landed  0 = +(*(-(0,s(+(0,x))),0),*(*(0,0),s(0)))  [refl]
  sp794  landed  +(s(s(0)),s(s(0))) = +(s(s(0)),max(s(s(0)),s(0)))  [refl]
  sp729  landed  0 = +(*(0,0),*(*(-(0,s(s(s(0)))),0),s(0)))  [refl]
  sp730  landed  0 = +(*(-(0,s(s(s(0)))),0),*(*(0,0),s(0)))  [refl]
  sp795  landed  *(s(s(x)),s(s(x))) = max(*(s(s(x)),s(s(x))),s(0))  [refl]
  sp796  landed  +(s(s(0)),s(s(0))) = +(max(s(s(0)),s(0)),s(s(0)))  [refl]
  sp731  landed  0 = +(*(0,0),*(*(-(0,+(s(0),x)),0),s(0)))  [refl]
  sp797  landed  +(s(s(x)),s(s(x))) = +(max(s(s(x)),s(0)),s(s(x)))  [refl]
  sp732  landed  0 = +(*(-(0,+(s(0),x)),0),*(*(0,0),s(0)))  [refl]
  sp798  landed  0 = -(le(x,0),+(*(+(x,x),+(x,x)),s(+(x,x))))  [ind 0 refl refl]
  sp733  landed  0 = +(*(0,0),*(*(-(0,+(0,s(x))),0),s(0)))  [refl]
  sp799  landed  0 = -(le(x,0),+(*(+(x,0),+(x,0)),s(+(x,0))))  [ind 0 refl refl]
  sp734  landed  0 = +(*(-(0,+(0,s(x))),0),*(*(0,0),s(0)))  [refl]
  sp800  landed  0 = le(+(max(s(s(0)),s(0)),+(s(s(0)),s(s(0)))),0)  [refl]
  sp735  stalls; residual enters: +(*(x,x),s(x)) = max(le(x,0),s(+(*(x,x),x)))
  sp801  landed  0 = le(+(+(x,max(x,s(0))),*(+(x,x),+(x,x))),0)  [ind 0 refl refl]
  refused (retried on growth): +(*(x,x),s(x)) = max(le(x,0),s(+(*(x,x),x)))
  sp802  landed  0 = le(+(+(0,max(x,s(0))),*(+(0,x),+(0,x))),0)  [ind 0 refl refl]
  sp735  landed  le(s(0),x) = le(s(0),*(x,+(x,+(x,+(x,x)))))  [ind 0 refl refl]
  sp803  landed  le(s(0),le(x,0)) = -(le(s(0),le(x,0)),le(s(0),x))  [ind 0 refl refl]
  sp736  landed  le(s(0),x) = le(s(0),*(x,+(+(+(x,x),x),x)))  [ind 0 refl refl]
  sp804  landed  le(s(0),le(x,0)) = le(le(s(0),x),le(s(0),le(x,0)))  [ind 0 refl refl]
  sp805  landed  0 = le(+(le(0,0),*(le(0,0),le(0,0))),le(s(0),0))  [refl]
  refused (retried on growth): +(x,max(+(y,z),s(0))) = max(+(+(y,x),z),s(x))
  sp806  landed  s(0) = le(+(*(x,0),+(*(x,0),*(x,+(0,0)))),0)  [ind 0 refl ih]
  sp807  landed  s(0) = le(+(le(s(s(0)),0),+(le(s(s(0)),0),0)),0)  [refl]
  refused (retried on growth): +(x,max(+(*(x,0),y),s(0))) = +(max(y,s(0)),x)
  sp737  landed  le(s(0),+(le(0,0),*(le(0,0),le(0,0)))) = s(0)  [refl]
  sp738  landed  le(s(0),+(x,*(x,x))) = le(le(x,0),*(s(x),x))  [ind 0 refl refl]
  refused (retried on growth): +(x,+(y,*(z,+(x,y)))) = max(*(s(z),+(x,y)),x)
  sp739  landed  le(s(0),+(s(s(x)),*(s(s(x)),s(s(x))))) = s(0)  [refl]
  sp740  landed  le(s(0),+(max(x,s(y)),*(max(x,s(y)),z))) = s(0)  [ind 0 refl refl]
  sp808  landed  +(*(le(0,0),0),+(*(0,s(*(le(0,0),0))),x)) = x  [refl]
  sp809  landed  +(*(le(0,0),0),+(*(*(le(0,0),0),s(0)),x)) = x  [refl]
  sp741  landed  le(s(0),+(max(s(x),y),*(max(s(x),y),z))) = s(0)  [ind 1 refl refl]
  sp810  landed  +(*(-(0,x),0),+(*(0,s(*(-(0,x),0))),y)) = y  [ind 0 refl refl]
  sp742  landed  le(s(0),+(s(+(0,x)),*(s(+(0,x)),y))) = s(0)  [refl]
  sp811  landed  +(*(-(0,x),0),+(*(*(-(0,x),0),s(0)),y)) = y  [ind 0 refl refl]
  sp743  landed  le(s(0),+(s(+(x,0)),*(s(+(x,0)),y))) = s(0)  [refl]
  sp812  landed  +(max(le(0,0),s(0)),le(0,0)) = +(le(0,0),le(0,0))  [refl]
  sp744  landed  le(s(0),+(s(s(s(0))),*(s(s(s(0))),x))) = s(0)  [refl]
  sp813  landed  s(le(s(0),x)) = max(le(s(0),le(x,0)),s(le(s(0),x)))  [ind 0 refl refl]
  sp745  landed  le(s(0),+(max(x,s(0)),*(max(x,s(0)),x))) = s(0)  [ind 0 refl refl]
  sp814  landed  s(le(x,0)) = max(le(s(0),+(x,*(x,x))),s(le(x,0)))  [ind 0 refl refl]
  sp746  landed  le(s(0),+(*(x,0),*(*(x,0),s(*(x,0))))) = 0  [ind 0 refl ih]
  sp815  landed  s(le(x,0)) = max(le(s(0),+(x,*(x,y))),s(le(x,0)))  [ind 0 refl refl]
  sp747  landed  le(s(0),+(s(s(s(x))),*(s(s(s(x))),y))) = s(0)  [refl]
  sp816  landed  s(le(*(x,x),0)) = max(le(s(0),x),s(le(*(x,x),0)))  [ind 0 refl refl]
  sp748  landed  le(s(0),+(+(s(x),y),*(+(s(x),y),z))) = s(0)  [refl]
  sp817  landed  +(le(s(0),x),*(le(s(0),x),le(x,0))) = le(s(0),x)  [ind 0 refl refl]
  sp749  landed  le(s(0),+(+(x,s(y)),*(+(x,s(y)),z))) = s(0)  [ind 0 refl refl]
  sp818  landed  le(s(0),le(x,0)) = le(le(s(0),le(s(0),x)),le(x,0))  [ind 0 refl refl]
  sp750  landed  le(s(0),+(+(s(0),x),*(+(s(0),x),y))) = s(0)  [refl]
  sp819  landed  le(s(0),le(x,0)) = le(le(s(0),*(s(x),x)),le(x,0))  [ind 0 refl refl]
  sp751  landed  le(s(0),+(s(*(x,y)),*(s(*(x,y)),z))) = s(0)  [refl]
  sp752  landed  le(s(0),+(*(s(0),0),*(*(s(0),0),s(0)))) = 0  [refl]
  sp820  landed  max(le(x,0),s(0)) = max(le(x,0),le(s(0),le(s(0),x)))  [ind 0 refl refl]
  sp753  landed  max(+(x,*(x,x)),s(0)) = max(*(s(x),x),le(x,0))  [ind 0 refl refl]
  sp821  landed  max(le(x,0),s(0)) = max(le(x,0),le(s(0),*(s(x),x)))  [ind 0 refl refl]
  sp754  landed  max(+(*(x,0),*(*(x,0),*(x,0))),s(0)) = s(0)  [ind 0 refl ih]
  sp822  landed  max(le(x,0),s(0)) = max(le(s(0),le(s(0),x)),le(x,0))  [ind 0 refl refl]
  refused (retried on growth): max(+(x,*(x,le(0,0))),s(0)) = +(x,max(x,s(0)))
  sp823  landed  max(le(x,0),s(0)) = max(le(s(0),*(s(x),x)),le(x,0))  [ind 0 refl refl]
  sp755  landed  max(+(x,*(x,x)),s(0)) = max(le(x,0),*(s(x),x))  [ind 0 refl refl]
  sp824  landed  s(0) = le(+(*(x,+(0,0)),*(*(x,0),+(y,y))),0)  [ind 0 refl ih]
  sp756  landed  0 = +(*(0,0),*(*(0,0),s(*(max(0,s(0)),0))))  [refl]
  sp825  landed  0 = le(s(0),+(*(x,0),+(*(x,0),*(x,+(0,0)))))  [ind 0 refl ih]
  sp757  landed  0 = +(*(0,0),*(*(max(0,s(0)),0),s(*(0,0))))  [refl]
  sp826  landed  s(0) = le(s(0),+(le(0,0),s(+(le(0,0),le(0,0)))))  [refl]
  sp758  landed  0 = +(*(max(0,s(0)),0),*(*(0,0),s(*(0,0))))  [refl]
  sp827  landed  s(0) = le(s(0),+(le(0,0),+(le(0,0),s(le(0,0)))))  [refl]
  sp759  landed  max(+(x,*(x,x)),s(0)) = gcd(*(s(x),x),le(x,0))  [ind 0 refl refl]
  sp828  landed  0 = le(s(0),+(le(s(s(0)),0),+(le(s(s(0)),0),0)))  [refl]
  sp760  landed  max(+(x,*(x,x)),s(0)) = gcd(le(x,0),*(s(x),x))  [ind 0 refl refl]
  sp829  landed  le(s(0),le(s(0),x)) = le(le(*(x,x),0),le(s(0),x))  [ind 0 refl refl]
  refused (retried on growth): *(x,+(y,y)) = +(*(x,+(0,0)),*(+(x,x),y))
  sp830  landed  max(le(s(0),max(x,s(y))),s(0)) = le(s(0),max(x,s(y)))  [ind 0 refl refl]
  sp831  landed  max(le(s(0),max(s(x),y)),s(0)) = le(s(0),max(s(x),y))  [ind 1 refl refl]
  refused (retried on growth): *(x,+(y,y)) = +(*(+(x,x),0),*(x,+(y,y)))
  refused (retried on growth): +(+(x,0),+(x,0)) = +(+(0,0),*(s(s(0)),x))
  sp832  landed  max(le(s(0),x),s(0)) = max(le(s(0),x),le(*(x,x),0))  [ind 0 refl refl]
  sp761  landed  +(+(le(s(s(0)),0),0),+(le(s(s(0)),0),0)) = 0  [refl]
  sp762  landed  +(+(s(0),0),+(s(0),0)) = +(s(s(0)),+(0,0))  [refl]
  sp833  landed  max(le(s(0),+(s(x),y)),s(0)) = le(s(0),+(y,s(x)))  [ind 1 refl refl]
  sp763  landed  +(s(max(x,s(0))),*(x,x)) = s(*(s(x),max(x,s(0))))  [ind 0 refl refl]
  sp764  landed  +(s(*(le(0,0),0)),*(0,s(*(le(0,0),0)))) = s(0)  [refl]
  sp834  landed  max(le(s(0),+(x,s(y))),s(0)) = le(s(0),+(s(y),x))  [ind 0 refl refl]
  sp765  landed  +(s(*(le(0,0),0)),*(*(le(0,0),0),s(0))) = s(0)  [refl]
  sp835  landed  max(le(s(0),x),s(0)) = max(le(*(x,x),0),le(s(0),x))  [ind 0 refl refl]
  sp766  landed  +(s(*(-(0,x),0)),*(0,s(*(-(0,x),0)))) = s(0)  [ind 0 refl refl]
  sp836  landed  s(0) = +(max(s(0),s(0)),*(le(s(0),0),le(s(0),0)))  [refl]
  sp837  landed  s(0) = le(s(0),+(s(le(0,0)),+(le(0,0),le(0,0))))  [refl]
  sp767  landed  +(s(*(-(0,x),0)),*(*(-(0,x),0),s(0))) = s(0)  [ind 0 refl refl]
  sp768  landed  +(*(*(s(s(0)),0),s(*(s(s(0)),0))),+(0,0)) = 0  [refl]
  sp838  landed  s(0) = le(s(0),+(+(le(0,0),le(0,0)),s(le(0,0))))  [refl]
  sp769  landed  +(*(+(0,0),s(*(s(s(0)),0))),*(s(s(0)),0)) = 0  [refl]
  sp770  landed  +(*(*(s(s(0)),0),s(+(0,0))),*(s(s(0)),0)) = 0  [refl]
  refused (retried on growth): +(x,max(+(y,*(s(0),0)),s(0))) = +(max(y,s(0)),x)
  sp771  landed  max(max(x,+(s(y),z)),s(0)) = gcd(max(x,+(s(y),z)),0)  [ind 0 refl refl]
  refused (retried on growth): +(x,max(+(*(s(0),0),y),s(0))) = +(max(y,s(0)),x)
  sp772  landed  max(+(x,max(x,s(0))),s(0)) = gcd(+(x,max(x,s(0))),0)  [ind 0 refl refl]
  sp839  landed  le(s(0),+(le(x,0),*(le(x,0),+(x,x)))) = le(x,0)  [ind 0 refl refl]
  sp840  landed  max(+(le(0,0),*(le(0,0),le(0,0))),s(0)) = s(s(0))  [refl]
  sp773  landed  max(max(+(s(x),y),z),s(0)) = gcd(max(+(s(x),y),z),0)  [ind 2 refl refl]
  sp774  landed  max(max(x,+(s(y),z)),s(0)) = gcd(0,max(x,+(s(y),z)))  [ind 0 refl refl]
  sp841  landed  max(+(*(x,0),*(*(x,0),s(*(x,0)))),s(0)) = s(0)  [ind 0 refl ih]
  sp775  landed  max(+(x,max(x,s(0))),s(0)) = gcd(0,+(x,max(x,s(0))))  [ind 0 refl refl]
  sp842  stalls; residual enters: s(+(x,*(s(x),y))) = +(+(y,*(x,y)),s(x))
  sp776  landed  max(max(+(s(x),y),z),s(0)) = gcd(0,max(+(s(x),y),z))  [ind 2 refl refl]
  refused (retried on growth): s(+(x,*(s(x),y))) = +(+(y,*(x,y)),s(x))
  sp777  stalls; residual enters: s(s(+(x,x))) = +(+(x,x),s(s(0)))
  sp842  landed  max(+(*(s(0),0),*(*(s(0),0),s(0))),s(0)) = s(0)  [refl]
  refused (retried on growth): s(s(+(x,x))) = +(+(x,x),s(s(0)))
  sp777  landed  +(*(s(0),0),+(*(s(0),0),x)) = +(x,*(s(0),0))  [ind 0 refl congsuc]
  refused (retried on growth): max(+(s(x),*(s(x),y)),s(0)) = +(*(s(x),y),s(x))
  sp778  landed  +(+(x,*(le(0,0),0)),*(0,s(*(le(0,0),0)))) = x  [ind 0 refl congsuc]
  sp843  landed  0 = +(*(s(s(0)),0),*(*(s(s(0)),0),+(s(0),0)))  [refl]
  sp844  landed  0 = +(*(0,0),*(*(s(0),0),s(*(max(0,s(0)),0))))  [refl]
  sp779  landed  +(+(x,*(le(0,0),0)),*(*(le(0,0),0),s(0))) = x  [ind 0 refl congsuc]
  sp845  landed  0 = +(*(0,0),*(*(max(0,s(0)),0),s(*(s(0),0))))  [refl]
  sp846  landed  0 = +(*(max(0,s(0)),0),*(0,s(*(max(0,s(0)),0))))  [refl]
  refused (retried on growth): +(+(x,*(-(0,y),0)),*(0,s(*(-(0,y),0)))) = x
  sp847  landed  0 = +(*(s(0),0),*(*(0,0),s(*(max(0,s(0)),0))))  [refl]
  sp848  landed  0 = +(*(max(0,s(0)),0),*(*(0,0),s(*(s(0),0))))  [refl]
  refused (retried on growth): +(+(x,*(-(0,y),0)),*(*(-(0,y),0),s(0))) = x
  sp849  landed  0 = +(*(max(0,s(0)),0),*(*(max(0,s(0)),0),s(0)))  [refl]
  sp780  landed  +(*(0,s(*(le(0,0),0))),s(*(le(0,0),0))) = s(0)  [refl]
  sp850  landed  0 = +(*(s(0),0),*(*(max(0,s(0)),0),s(*(0,0))))  [refl]
  sp781  landed  +(*(*(le(0,0),0),s(0)),s(*(le(0,0),0))) = s(0)  [refl]
  sp851  landed  0 = +(*(max(0,s(0)),0),*(*(s(0),0),s(*(0,0))))  [refl]
  sp782  landed  +(*(0,s(*(-(0,x),0))),s(*(-(0,x),0))) = s(0)  [ind 0 refl refl]
  sp852  landed  max(le(x,0),s(0)) = gcd(le(x,0),le(s(0),le(s(0),x)))  [ind 0 refl refl]
  sp783  landed  +(*(*(-(0,x),0),s(0)),s(*(-(0,x),0))) = s(0)  [ind 0 refl refl]
  sp853  landed  max(le(x,0),s(0)) = gcd(le(x,0),le(s(0),*(s(x),x)))  [ind 0 refl refl]
  refused (retried on growth): s(s(max(x,s(0)))) = max(-(x,s(0)),s(s(max(x,s(0)))))
  refused (retried on growth): s(s(max(x,s(0)))) = max(s(s(max(x,s(0)))),-(x,s(0)))
  sp854  landed  max(le(x,0),s(0)) = gcd(le(s(0),le(s(0),x)),le(x,0))  [ind 0 refl refl]
  sp784  landed  +(*(s(0),0),max(*(0,s(*(s(0),0))),s(0))) = s(0)  [refl]
  sp855  landed  max(le(x,0),s(0)) = gcd(le(s(0),*(s(x),x)),le(x,0))  [ind 0 refl refl]
  sp785  landed  +(*(s(0),0),max(*(*(s(0),0),s(0)),s(0))) = s(0)  [refl]
  sp856  landed  max(le(s(0),x),s(0)) = gcd(le(s(0),x),le(*(x,x),0))  [ind 0 refl refl]
  sp786  landed  0 = *(le(x,0),le(s(0),+(+(x,x),*(x,+(y,y)))))  [ind 0 refl refl]
  sp857  landed  max(le(s(0),x),s(0)) = gcd(le(*(x,x),0),le(s(0),x))  [ind 0 refl refl]
  sp787  landed  0 = *(le(*(x,+(+(x,x),+(x,x))),0),le(s(0),x))  [ind 0 refl refl]
  refused (retried on growth): +(s(*(s(s(0)),x)),+(0,0)) = +(+(x,0),s(+(x,0)))
  sp788  landed  0 = *(le(s(0),+(+(x,x),*(x,+(y,y)))),le(x,0))  [ind 0 refl refl]
  sp789  landed  0 = *(le(s(0),x),le(*(x,+(+(x,x),+(x,x))),0))  [ind 0 refl refl]
  sp858  landed  +(max(x,s(0)),*(x,x)) = -(+(max(x,s(0)),*(x,x)),0)  [refl]
  sp790  landed  0 = -(le(x,0),+(+(x,*(x,x)),s(+(x,*(x,x)))))  [ind 0 refl refl]
  sp859  landed  +(x,+(x,+(x,x))) = -(+(x,+(x,+(x,x))),le(x,0))  [ind 0 refl refl]
  sp791  landed  0 = -(le(x,0),+(+(x,*(x,y)),s(+(x,*(x,y)))))  [ind 0 refl refl]
  refused (retried on growth): 0 = *(+(+(x,x),*(x,+(+(x,x),+(x,x)))),le(x,0))
  sp860  landed  0 = *(le(x,0),+(+(x,x),*(x,+(+(x,x),+(x,x)))))  [ind 0 refl refl]
  sp792  stalls; residual enters: 0 = le(+(+(x,y),+(0,max(+(x,y),s(0)))),0)
  refused (retried on growth): +(+(x,x),+(+(x,x),y)) = +(y,+(x,+(x,+(x,x))))
  refused (retried on growth): 0 = le(+(+(x,y),+(0,max(+(x,y),s(0)))),0)
  sp792  landed  +(*(x,0),*(x,0)) = -(+(*(x,0),*(x,0)),s(0))  [ind 0 refl ih]
  sp793  landed  0 = *(le(s(0),x),+(le(x,0),*(le(x,0),le(x,0))))  [ind 0 refl refl]
  refused (retried on growth): +(+(x,y),+(+(x,y),z)) = +(z,+(+(+(x,y),x),y))
  sp861  landed  +(s(s(0)),+(s(s(0)),x)) = +(x,+(s(s(0)),s(s(0))))  [ind 0 refl congsuc]
  refused (retried on growth): 0 = *(le(x,s(0)),+(-(x,s(0)),*(-(x,s(0)),y)))
  sp794  landed  +(s(s(0)),s(s(0))) = +(s(s(0)),max(s(s(0)),s(0)))  [refl]
  sp862  stalls; residual enters: +(*(x,x),s(max(x,s(0)))) = s(+(max(x,s(0)),*(x,x)))
  sp795  landed  *(s(s(x)),s(s(x))) = max(*(s(s(x)),s(s(x))),s(0))  [refl]
  refused (retried on growth): +(*(x,x),s(max(x,s(0)))) = s(+(max(x,s(0)),*(x,x)))
  sp796  landed  +(s(s(0)),s(s(0))) = +(max(s(s(0)),s(0)),s(s(0)))  [refl]
  refused (retried on growth): le(+(x,x),s(0)) = le(+(+(x,0),+(x,0)),s(+(0,0)))
  sp797  landed  +(s(s(x)),s(s(x))) = +(max(s(s(x)),s(0)),s(s(x)))  [refl]
  sp798  landed  0 = -(le(x,0),+(*(+(x,x),+(x,x)),s(+(x,x))))  [ind 0 refl refl]
  sp799  landed  0 = -(le(x,0),+(*(+(x,0),+(x,0)),s(+(x,0))))  [ind 0 refl refl]
  sp862  stalls; residual enters: +(+(x,y),max(z,s(0))) = max(+(+(x,y),z),s(+(x,y)))
  sp800  landed  0 = le(+(max(s(s(0)),s(0)),+(s(s(0)),s(s(0)))),0)  [refl]
  sp801  landed  0 = le(+(+(x,max(x,s(0))),*(+(x,x),+(x,x))),0)  [ind 0 refl refl]
  sp802  landed  0 = le(+(+(0,max(x,s(0))),*(+(0,x),+(0,x))),0)  [ind 0 refl refl]
  refused (retried on growth): +(+(x,y),max(z,s(0))) = max(+(+(x,y),z),s(+(x,y)))
  sp803  landed  le(s(0),le(x,0)) = -(le(s(0),le(x,0)),le(s(0),x))  [ind 0 refl refl]
  refused (retried on growth): *(x,+(+(y,y),+(y,y))) = *(+(x,+(x,+(x,x))),y)
  sp804  landed  le(s(0),le(x,0)) = le(le(s(0),x),le(s(0),le(x,0)))  [ind 0 refl refl]
  sp805  landed  0 = le(+(le(0,0),*(le(0,0),le(0,0))),le(s(0),0))  [refl]
  sp862  landed  +(+(x,x),+(x,x)) = -(+(+(x,x),+(x,x)),le(x,0))  [ind 0 refl refl]
  sp806  landed  s(0) = le(+(*(x,0),+(*(x,0),*(x,+(0,0)))),0)  [ind 0 refl ih]
  sp863  landed  +(+(x,0),+(x,0)) = -(+(+(x,0),+(x,0)),le(x,0))  [ind 0 refl refl]
  sp807  landed  s(0) = le(+(le(s(s(0)),0),+(le(s(s(0)),0),0)),0)  [refl]
  sp864  landed  +(+(0,x),+(0,x)) = -(+(x,+(0,x)),le(+(0,x),0))  [ind 0 refl refl]
  refused (retried on growth): +(x,+(y,*(z,+(x,y)))) = max(*(s(z),+(x,y)),x)
  sp808  landed  +(*(le(0,0),0),+(*(0,s(*(le(0,0),0))),x)) = x  [refl]
  refused (retried on growth): +(max(+(x,y),s(0)),z) = -(+(z,max(+(x,y),s(0))),0)
  sp809  landed  +(*(le(0,0),0),+(*(*(le(0,0),0),s(0)),x)) = x  [refl]
  sp865  landed  0 = *(le(x,0),+(*(x,+(+(x,x),+(x,x))),+(x,x)))  [ind 0 refl refl]
  sp810  landed  +(*(-(0,x),0),+(*(0,s(*(-(0,x),0))),y)) = y  [ind 0 refl refl]
  sp866  landed  0 = *(le(x,0),+(+(x,*(x,x)),*(+(x,*(x,x)),y)))  [ind 0 refl refl]
  sp811  landed  +(*(-(0,x),0),+(*(*(-(0,x),0),s(0)),y)) = y  [ind 0 refl refl]
  sp867  landed  0 = *(le(x,0),+(+(x,*(x,y)),*(+(x,*(x,y)),z)))  [ind 0 refl refl]
  sp812  landed  +(max(le(0,0),s(0)),le(0,0)) = +(le(0,0),le(0,0))  [refl]
  sp813  landed  s(le(s(0),x)) = max(le(s(0),le(x,0)),s(le(s(0),x)))  [ind 0 refl refl]
  refused (retried on growth): le(+(x,y),0) = -(le(+(x,y),0),+(+(+(x,y),x),y))
  sp814  landed  s(le(x,0)) = max(le(s(0),+(x,*(x,x))),s(le(x,0)))  [ind 0 refl refl]
  sp868  landed  le(x,0) = -(le(x,0),+(+(x,*(x,x)),+(x,*(x,x))))  [ind 0 refl refl]
  sp815  landed  s(le(x,0)) = max(le(s(0),+(x,*(x,y))),s(le(x,0)))  [ind 0 refl refl]
  sp869  landed  le(x,0) = -(le(x,0),+(+(x,*(x,y)),+(x,*(x,y))))  [ind 0 refl refl]
  sp816  landed  s(le(*(x,x),0)) = max(le(s(0),x),s(le(*(x,x),0)))  [ind 0 refl refl]
  refused (retried on growth): le(x,s(0)) = -(le(x,s(0)),+(-(x,s(0)),-(x,s(0))))
  sp817  landed  +(le(s(0),x),*(le(s(0),x),le(x,0))) = le(s(0),x)  [ind 0 refl refl]
  sp818  landed  le(s(0),le(x,0)) = le(le(s(0),le(s(0),x)),le(x,0))  [ind 0 refl refl]
  refused (retried on growth): le(+(x,y),0) = le(+(+(+(x,y),x),y),le(+(x,y),0))
  sp819  landed  le(s(0),le(x,0)) = le(le(s(0),*(s(x),x)),le(x,0))  [ind 0 refl refl]
  sp870  landed  le(x,0) = le(+(+(x,*(x,x)),+(x,*(x,x))),le(x,0))  [ind 0 refl refl]
  sp820  landed  max(le(x,0),s(0)) = max(le(x,0),le(s(0),le(s(0),x)))  [ind 0 refl refl]
  sp871  landed  le(x,0) = le(+(+(x,*(x,y)),+(x,*(x,y))),le(x,0))  [ind 0 refl refl]
  sp821  landed  max(le(x,0),s(0)) = max(le(x,0),le(s(0),*(s(x),x)))  [ind 0 refl refl]
  sp822  landed  max(le(x,0),s(0)) = max(le(s(0),le(s(0),x)),le(x,0))  [ind 0 refl refl]
  refused (retried on growth): le(x,s(0)) = le(+(-(x,s(0)),-(x,s(0))),le(x,s(0)))
  sp823  landed  max(le(x,0),s(0)) = max(le(s(0),*(s(x),x)),le(x,0))  [ind 0 refl refl]
  sp872  landed  0 = -(le(s(0),+(+(x,x),*(x,+(y,y)))),s(le(x,0)))  [ind 0 refl refl]
  sp824  landed  s(0) = le(+(*(x,+(0,0)),*(*(x,0),+(y,y))),0)  [ind 0 refl ih]
  sp873  landed  0 = -(le(s(0),x),s(le(*(x,+(+(x,x),+(x,x))),0)))  [ind 0 refl refl]
  sp825  landed  0 = le(s(0),+(*(x,0),+(*(x,0),*(x,+(0,0)))))  [ind 0 refl ih]
  sp874  landed  0 = -(le(x,0),s(le(s(0),+(+(x,x),*(x,+(y,y))))))  [ind 0 refl refl]
  sp826  landed  s(0) = le(s(0),+(le(0,0),s(+(le(0,0),le(0,0)))))  [refl]
  sp875  landed  0 = -(le(*(x,+(+(x,x),+(x,x))),0),s(le(s(0),x)))  [ind 0 refl refl]
  sp827  landed  s(0) = le(s(0),+(le(0,0),+(le(0,0),s(le(0,0)))))  [refl]
  sp828  landed  0 = le(s(0),+(le(s(s(0)),0),+(le(s(s(0)),0),0)))  [refl]
  sp876  landed  le(s(0),le(x,0)) = le(le(s(0),x),+(le(x,0),le(x,0)))  [ind 0 refl refl]
  sp829  landed  le(s(0),le(s(0),x)) = le(le(*(x,x),0),le(s(0),x))  [ind 0 refl refl]
  sp877  landed  0 = -(le(s(0),x),+(*(le(x,0),le(x,0)),s(le(x,0))))  [ind 0 refl refl]
  sp830  landed  max(le(s(0),max(x,s(y))),s(0)) = le(s(0),max(x,s(y)))  [ind 0 refl refl]
  sp878  landed  0 = le(+(max(s(0),s(0)),*(le(s(0),0),le(s(0),0))),0)  [refl]
  sp879  landed  le(s(0),le(s(0),x)) = -(le(s(0),le(s(0),x)),le(x,0))  [ind 0 refl refl]
  sp831  landed  max(le(s(0),max(s(x),y)),s(0)) = le(s(0),max(s(x),y))  [ind 1 refl refl]
  sp880  landed  le(s(0),+(x,s(s(y)))) = -(le(s(0),+(x,s(s(y)))),0)  [refl]
  sp832  landed  max(le(s(0),x),s(0)) = max(le(s(0),x),le(*(x,x),0))  [ind 0 refl refl]
  sp881  landed  le(s(0),*(s(x),x)) = -(le(s(0),*(s(x),x)),le(x,0))  [ind 0 refl refl]
  sp882  landed  le(x,0) = -(le(x,0),+(+(x,x),*(+(x,x),+(x,x))))  [ind 0 refl refl]
  sp833  landed  max(le(s(0),+(s(x),y)),s(0)) = le(s(0),+(y,s(x)))  [ind 1 refl refl]
  sp883  landed  le(x,0) = -(le(x,0),+(+(x,0),*(+(x,0),+(x,0))))  [ind 0 refl refl]
  sp834  landed  max(le(s(0),+(x,s(y))),s(0)) = le(s(0),+(s(y),x))  [ind 0 refl refl]
  sp884  landed  le(s(0),x) = -(le(s(0),x),+(le(x,0),*(le(x,0),y)))  [ind 0 refl refl]
  sp835  landed  max(le(s(0),x),s(0)) = max(le(*(x,x),0),le(s(0),x))  [ind 0 refl refl]
  sp836  landed  s(0) = +(max(s(0),s(0)),*(le(s(0),0),le(s(0),0)))  [refl]
  sp885  landed  le(x,0) = -(le(x,0),+(le(s(0),x),*(le(s(0),x),y)))  [ind 0 refl refl]
  sp837  landed  s(0) = le(s(0),+(s(le(0,0)),+(le(0,0),le(0,0))))  [refl]
  sp886  landed  le(x,0) = -(le(x,0),+(*(s(x),x),*(*(s(x),x),y)))  [ind 0 refl refl]
  sp838  landed  s(0) = le(s(0),+(+(le(0,0),le(0,0)),s(le(0,0))))  [refl]
  sp887  landed  le(s(0),le(s(0),x)) = le(le(x,0),le(s(0),le(s(0),x)))  [ind 0 refl refl]
  refused (retried on growth): +(x,max(+(y,*(s(0),0)),s(0))) = +(max(y,s(0)),x)
  sp888  landed  le(s(0),*(s(x),x)) = le(le(x,0),le(s(0),*(s(x),x)))  [ind 0 refl refl]
  sp889  landed  0 = le(+(s(s(0)),+(s(s(0)),s(s(0)))),le(s(s(0)),0))  [refl]
  refused (retried on growth): +(x,max(+(*(s(0),0),y),s(0))) = +(max(y,s(0)),x)
  sp890  landed  le(x,0) = le(+(+(x,x),*(+(x,x),+(x,x))),le(x,0))  [ind 0 refl refl]
  sp839  landed  le(s(0),+(le(x,0),*(le(x,0),+(x,x)))) = le(x,0)  [ind 0 refl refl]
  sp891  landed  le(x,0) = le(+(+(x,0),*(+(x,0),+(x,0))),le(x,0))  [ind 0 refl refl]
  sp840  landed  max(+(le(0,0),*(le(0,0),le(0,0))),s(0)) = s(s(0))  [refl]
  sp841  landed  max(+(*(x,0),*(*(x,0),s(*(x,0)))),s(0)) = s(0)  [ind 0 refl ih]
  sp892  landed  le(x,0) = le(+(x,*(+(0,x),+(0,x))),le(+(0,x),0))  [ind 0 refl refl]
  sp893  landed  le(s(0),x) = le(+(le(x,0),*(le(x,0),y)),le(s(0),x))  [ind 0 refl refl]
  sp842  stalls; residual enters: s(+(x,*(s(x),y))) = +(+(y,*(x,y)),s(x))
  sp894  landed  le(x,0) = le(+(le(s(0),x),*(le(s(0),x),y)),le(x,0))  [ind 0 refl refl]
  sp895  landed  le(x,0) = le(+(+(x,x),*(x,+(y,y))),le(+(x,x),0))  [ind 0 refl refl]
  refused (retried on growth): s(+(x,*(s(x),y))) = +(+(y,*(x,y)),s(x))
  sp896  landed  le(x,0) = le(+(*(s(x),x),*(*(s(x),x),y)),le(x,0))  [ind 0 refl refl]
  sp842  landed  max(+(*(s(0),0),*(*(s(0),0),s(0))),s(0)) = s(0)  [refl]
  sp897  landed  s(0) = le(+(*(s(0),0),+(*(s(0),0),*(s(0),0))),0)  [refl]
  refused (retried on growth): max(+(s(x),*(s(x),y)),s(0)) = +(*(s(x),y),s(x))
  sp898  landed  le(x,0) = le(+(x,+(+(0,x),+(+(0,x),+(0,x)))),0)  [ind 0 refl refl]
  sp843  landed  0 = +(*(s(s(0)),0),*(*(s(s(0)),0),+(s(0),0)))  [refl]
  sp899  landed  le(x,0) = le(+(+(0,x),+(x,+(+(0,x),+(0,x)))),0)  [ind 0 refl refl]
  sp844  landed  0 = +(*(0,0),*(*(s(0),0),s(*(max(0,s(0)),0))))  [refl]
  sp845  landed  0 = +(*(0,0),*(*(max(0,s(0)),0),s(*(s(0),0))))  [refl]
  sp900  landed  le(x,0) = le(+(+(0,x),+(+(0,x),+(x,+(0,x)))),0)  [ind 0 refl refl]
  sp846  landed  0 = +(*(max(0,s(0)),0),*(0,s(*(max(0,s(0)),0))))  [refl]
  sp847  landed  0 = +(*(s(0),0),*(*(0,0),s(*(max(0,s(0)),0))))  [refl]
  sp901  stalls; residual enters: s(s(+(x,y))) = max(+(+(x,s(s(0))),y),s(s(0)))
  sp848  landed  0 = +(*(max(0,s(0)),0),*(*(0,0),s(*(s(0),0))))  [refl]
  sp849  landed  0 = +(*(max(0,s(0)),0),*(*(max(0,s(0)),0),s(0)))  [refl]
  sp850  landed  0 = +(*(s(0),0),*(*(max(0,s(0)),0),s(*(0,0))))  [refl]
  refused (retried on growth): s(s(+(x,y))) = max(+(+(x,s(s(0))),y),s(s(0)))
  sp851  landed  0 = +(*(max(0,s(0)),0),*(*(s(0),0),s(*(0,0))))  [refl]
  sp901  stalls; residual enters: +(x,s(+(0,x))) = max(le(x,0),s(+(x,x)))
  sp852  landed  max(le(x,0),s(0)) = gcd(le(x,0),le(s(0),le(s(0),x)))  [ind 0 refl refl]
  refused (retried on growth): +(x,s(+(0,x))) = max(le(x,0),s(+(x,x)))
  sp853  landed  max(le(x,0),s(0)) = gcd(le(x,0),le(s(0),*(s(x),x)))  [ind 0 refl refl]
  refused (retried on growth): +(+(0,x),s(+(0,x))) = max(le(x,0),+(s(+(0,x)),x))
  sp854  landed  max(le(x,0),s(0)) = gcd(le(s(0),le(s(0),x)),le(x,0))  [ind 0 refl refl]
  refused (retried on growth): +(max(s(x),s(0)),s(x)) = max(+(s(s(x)),x),le(s(x),0))
  sp855  landed  max(le(x,0),s(0)) = gcd(le(s(0),*(s(x),x)),le(x,0))  [ind 0 refl refl]
  refused (retried on growth): s(le(x,s(0))) = max(le(s(0),-(x,s(0))),s(le(x,s(0))))
  sp856  landed  max(le(s(0),x),s(0)) = gcd(le(s(0),x),le(*(x,x),0))  [ind 0 refl refl]
  sp901  landed  +(le(0,0),*(le(0,0),le(0,0))) = +(le(0,0),le(0,0))  [refl]
  sp857  landed  max(le(s(0),x),s(0)) = gcd(le(*(x,x),0),le(s(0),x))  [ind 0 refl refl]
  sp902  landed  +(s(x),*(s(x),s(x))) = -(+(s(x),*(s(x),s(x))),0)  [refl]
  refused (retried on growth): +(s(*(s(s(0)),x)),+(0,0)) = +(+(x,0),s(+(x,0)))
  sp858  landed  +(max(x,s(0)),*(x,x)) = -(+(max(x,s(0)),*(x,x)),0)  [refl]
  sp903  landed  le(s(0),le(s(0),x)) = le(le(s(0),le(x,0)),le(s(0),x))  [ind 0 refl refl]
  sp859  landed  +(x,+(x,+(x,x))) = -(+(x,+(x,+(x,x))),le(x,0))  [ind 0 refl refl]
  sp904  landed  le(s(0),le(x,0)) = le(le(s(0),+(x,*(x,x))),le(x,0))  [ind 0 refl refl]
  refused (retried on growth): 0 = *(+(+(x,x),*(x,+(+(x,x),+(x,x)))),le(x,0))
  sp905  landed  le(s(0),le(x,0)) = le(le(s(0),+(x,*(x,y))),le(x,0))  [ind 0 refl refl]
  sp860  landed  0 = *(le(x,0),+(+(x,x),*(x,+(+(x,x),+(x,x)))))  [ind 0 refl refl]
  sp906  landed  le(s(0),le(*(x,x),0)) = le(le(s(0),x),le(*(x,x),0))  [ind 0 refl refl]
  sp907  landed  max(le(s(0),x),s(0)) = max(le(s(0),x),le(s(0),le(x,0)))  [ind 0 refl refl]
  refused (retried on growth): +(+(x,x),+(+(x,x),y)) = +(y,+(x,+(x,+(x,x))))
  sp908  landed  max(le(x,0),s(0)) = max(le(x,0),le(s(0),+(x,*(x,x))))  [ind 0 refl refl]
  sp909  landed  max(le(x,0),s(0)) = max(le(x,0),le(s(0),+(x,*(x,y))))  [ind 0 refl refl]
  refused (retried on growth): +(+(x,y),+(+(x,y),z)) = +(z,+(+(+(x,y),x),y))
  sp910  landed  max(le(*(x,x),0),s(0)) = max(le(*(x,x),0),le(s(0),x))  [ind 0 refl refl]
  sp861  landed  +(s(s(0)),+(s(s(0)),x)) = +(x,+(s(s(0)),s(s(0))))  [ind 0 refl congsuc]
  sp911  landed  max(le(s(0),x),s(0)) = max(le(s(0),le(x,0)),le(s(0),x))  [ind 0 refl refl]
  sp862  stalls; residual enters: +(*(x,x),s(max(x,s(0)))) = s(+(max(x,s(0)),*(x,x)))
  refused (retried on growth): +(*(x,x),s(max(x,s(0)))) = s(+(max(x,s(0)),*(x,x)))
  sp912  landed  max(le(x,0),s(0)) = max(le(s(0),+(x,*(x,x))),le(x,0))  [ind 0 refl refl]
  sp913  landed  max(le(x,0),s(0)) = max(le(s(0),+(x,*(x,y))),le(x,0))  [ind 0 refl refl]
  refused (retried on growth): le(+(x,x),s(0)) = le(+(+(x,0),+(x,0)),s(+(0,0)))
  sp914  landed  max(le(*(x,x),0),s(0)) = max(le(s(0),x),le(*(x,x),0))  [ind 0 refl refl]
  sp915  landed  s(le(s(0),+(x,s(s(y))))) = s(le(s(0),+(s(s(y)),x)))  [ind 0 refl refl]
  sp862  stalls; residual enters: +(+(x,y),max(z,s(0))) = max(+(+(x,y),z),s(+(x,y)))
  sp916  landed  0 = le(+(+(s(s(0)),s(s(0))),+(+(x,x),+(x,x))),0)  [refl]
  sp917  landed  le(x,0) = le(+(+(x,x),*(x,+(y,+(y,+(y,y))))),0)  [ind 0 refl refl]
  refused (retried on growth): +(+(x,y),max(z,s(0))) = max(+(+(x,y),z),s(+(x,y)))
  sp918  landed  le(x,0) = le(+(+(x,x),*(x,+(+(+(y,z),y),z))),0)  [ind 0 refl refl]
  sp919  landed  le(x,0) = le(+(+(x,+(0,x)),*(+(0,x),+(y,y))),0)  [ind 0 refl refl]
  refused (retried on growth): *(x,+(+(y,y),+(y,y))) = *(+(x,+(x,+(x,x))),y)
  sp920  landed  0 = le(s(0),+(*(s(0),0),+(*(s(0),0),*(s(0),0))))  [refl]
  sp862  landed  +(+(x,x),+(x,x)) = -(+(+(x,x),+(x,x)),le(x,0))  [ind 0 refl refl]
  sp921  landed  +(max(+(0,s(0)),s(0)),max(+(0,s(0)),s(0))) = s(s(0))  [refl]
  sp863  landed  +(+(x,0),+(x,0)) = -(+(+(x,0),+(x,0)),le(x,0))  [ind 0 refl refl]
  sp922  landed  +(*(s(0),s(0)),s(s(0))) = +(s(s(0)),*(s(0),s(0)))  [refl]
