# exp7b: cyclotomic ties, m <= 200, X <= 1e+07; started 2026-08-11T10:37:10Z
pi(10000000) = 664579
reduction rows precomputed for m=2..200 in 0.7s; max |coeff| = 2

== PART 1: tie scan ==
TIE: Phi_6 | F_X at X=11 (pi(X)=5)
scan done in 199.0s; ties found: 1 -> [(11, 6)]

== PART 2: running min |v_m| (squared L2) per decade of X, m in {3,4,6} ==
(v_m = reduced vector; v_m = 0 is a tie. Excludes X < 5.)
 m=3:
   10^0 <= X < 10^1:  min |v|^2 = 1 at X=7
   10^1 <= X < 10^2:  min |v|^2 = 2 at X=13
   10^2 <= X < 10^3:  min |v|^2 = 109 at X=101
   10^3 <= X < 10^4:  min |v|^2 = 6436 at X=1009
   10^4 <= X < 10^5:  min |v|^2 = 372149 at X=10007
   10^5 <= X < 10^6:  min |v|^2 = 22887140 at X=100003
   10^6 <= X < 10^7:  min |v|^2 = 1539072517 at X=1000003
 m=4:
   10^0 <= X < 10^1:  min |v|^2 = 1 at X=5
   10^1 <= X < 10^2:  min |v|^2 = 1 at X=17
   10^2 <= X < 10^3:  min |v|^2 = 1 at X=461
   10^3 <= X < 10^4:  min |v|^2 = 2 at X=1249
   10^4 <= X < 10^5:  min |v|^2 = 1 at X=26833
   10^5 <= X < 10^6:  min |v|^2 = 1 at X=616769
   10^6 <= X < 10^7:  min |v|^2 = 730 at X=2107181
 m=6:
   10^0 <= X < 10^1:  min |v|^2 = 1 at X=5
   10^1 <= X < 10^2:  min |v|^2 = 0 at X=11
   10^2 <= X < 10^3:  min |v|^2 = 101 at X=101
   10^3 <= X < 10^4:  min |v|^2 = 6416 at X=1009
   10^4 <= X < 10^5:  min |v|^2 = 372125 at X=10007
   10^5 <= X < 10^6:  min |v|^2 = 22887056 at X=100003
   10^6 <= X < 10^7:  min |v|^2 = 1539072385 at X=1000003
 m=4: |v|^2=1 (i.e. mod-4 race tie n_1=n_3, floor of the frozen p=2 coordinate) at 111 prime cutoffs; first few X: [5, 17, 41, 461, 26833]
 m=3: min |v|^2 for X in (11, 10^7] = 2 at X=13 (theory: one coordinate is monotone -> transient, no recurrence)
 m=6: min |v|^2 for X in (11, 10^7] = 1 at X=17 (theory: one coordinate is monotone -> transient, no recurrence)

== PART 3: exact classification of ties, per m (machine-verified) ==
columns: m, phi(m), mu(m), squarefree, rank(step lattice), target in Q-span, target in Z-lattice, forced counts (squarefree case)
 m=  2 phi=  1 mu=-1 sqfree=1 rank=  1 Qspan=1 Zlat=1  FINITE: forced counts [(1, 1)]
 m=  3 phi=  2 mu=-1 sqfree=1 rank=  2 Qspan=1 Zlat=1  FINITE: forced counts [(1, 1), (2, 1)]
 m=  4 phi=  2 mu= 0 sqfree=0 rank=  1 Qspan=0 Zlat=0  NEVER (X>m): target not in step lattice
 m=  5 phi=  4 mu=-1 sqfree=1 rank=  4 Qspan=1 Zlat=1  FINITE: forced counts [(1, 1), (2, 1), (3, 1), (4, 1)]
 m=  6 phi=  2 mu= 1 sqfree=1 rank=  2 Qspan=1 Zlat=1  FINITE: forced counts [(1, 1), (5, 2)]
 m=  7 phi=  6 mu=-1 sqfree=1 rank=  6 Qspan=1 Zlat=1  FINITE: forced counts [(1, 1), (2, 1), (3, 1), (4, 1), (5, 1), (6, 1)]
 m=  8 phi=  4 mu= 0 sqfree=0 rank=  2 Qspan=0 Zlat=0  NEVER (X>m): target not in step lattice
 m=  9 phi=  6 mu= 0 sqfree=0 rank=  4 Qspan=0 Zlat=0  NEVER (X>m): target not in step lattice
 m= 10 phi=  4 mu= 1 sqfree=1 rank=  4 Qspan=1 Zlat=1  FINITE: forced counts [(1, 1), (3, 1), (7, 2), (9, 1)]
 m= 11 phi= 10 mu=-1 sqfree=1 rank= 10 Qspan=1 Zlat=1  FINITE: forced counts [(1, 1), (2, 1), (3, 1), (4, 1), (5, 1), (6, 1), (7, 1), (8, 1), (9, 1), (10, 1)]
 m= 12 phi=  4 mu= 0 sqfree=0 rank=  2 Qspan=0 Zlat=0  NEVER (X>m): target not in step lattice
 m= 13 phi= 12 mu=-1 sqfree=1 rank= 12 Qspan=1 Zlat=1  FINITE: forced counts [(1, 1), (2, 1), (3, 1), (4, 1), (5, 1), (6, 1), (7, 1), (8, 1), (9, 1), (10, 1), (11, 1), (12, 1)]
 m= 14 phi=  6 mu= 1 sqfree=1 rank=  6 Qspan=1 Zlat=1  FINITE: forced counts [(1, 1), (3, 1), (5, 1), (9, 2), (11, 1), (13, 1)]
 m= 15 phi=  8 mu= 1 sqfree=1 rank=  8 Qspan=1 Zlat=1  FINITE: forced counts [(1, 0), (2, 1), (4, 0), (7, 0), (8, 2), (11, 1), (13, 1), (14, 1)]
 m= 16 phi=  8 mu= 0 sqfree=0 rank=  4 Qspan=0 Zlat=0  NEVER (X>m): target not in step lattice
 m= 17 phi= 16 mu=-1 sqfree=1 rank= 16 Qspan=1 Zlat=1  FINITE: forced counts [(1, 1), (2, 1), (3, 1), (4, 1), (5, 1), (6, 1), (7, 1), (8, 1), (9, 1), (10, 1), (11, 1), (12, 1), (13, 1), (14, 1), (15, 1), (16, 1)]
 m= 18 phi=  6 mu= 0 sqfree=0 rank=  4 Qspan=0 Zlat=0  NEVER (X>m): target not in step lattice
 m= 19 phi= 18 mu=-1 sqfree=1 rank= 18 Qspan=1 Zlat=1  FINITE: forced counts [(1, 1), (2, 1), (3, 1), (4, 1), (5, 1), (6, 1), (7, 1), (8, 1), (9, 1), (10, 1), (11, 1), (12, 1), (13, 1), (14, 1), (15, 1), (16, 1), (17, 1), (18, 1)]
 m= 20 phi=  8 mu= 0 sqfree=0 rank=  4 Qspan=0 Zlat=0  NEVER (X>m): target not in step lattice
 m= 21 phi= 12 mu= 1 sqfree=1 rank= 12 Qspan=1 Zlat=1  FINITE: forced counts [(1, 1), (2, 0), (4, 1), (5, 0), (8, 0), (10, 2), (11, 0), (13, 1), (16, 1), (17, 1), (19, 1), (20, 0)]
 m= 22 phi= 10 mu= 1 sqfree=1 rank= 10 Qspan=1 Zlat=1  FINITE: forced counts [(1, 1), (3, 1), (5, 1), (7, 1), (9, 1), (13, 2), (15, 1), (17, 1), (19, 1), (21, 1)]
 m= 23 phi= 22 mu=-1 sqfree=1 rank= 22 Qspan=1 Zlat=1  FINITE: forced counts [(1, 1), (2, 1), (3, 1), (4, 1), (5, 1), (6, 1), (7, 1), (8, 1), (9, 1), (10, 1), (11, 1), (12, 1), (13, 1), (14, 1), (15, 1), (16, 1), (17, 1), (18, 1), (19, 1), (20, 1), (21, 1), (22, 1)]
 m= 24 phi=  8 mu= 0 sqfree=0 rank=  4 Qspan=0 Zlat=0  NEVER (X>m): target not in step lattice
 m= 25 phi= 20 mu= 0 sqfree=0 rank= 16 Qspan=0 Zlat=0  NEVER (X>m): target not in step lattice
 m= 26 phi= 12 mu= 1 sqfree=1 rank= 12 Qspan=1 Zlat=1  FINITE: forced counts [(1, 1), (3, 1), (5, 1), (7, 1), (9, 1), (11, 1), (15, 2), (17, 1), (19, 1), (21, 1), (23, 1), (25, 1)]
 m= 27 phi= 18 mu= 0 sqfree=0 rank= 12 Qspan=0 Zlat=0  NEVER (X>m): target not in step lattice
 m= 28 phi= 12 mu= 0 sqfree=0 rank=  6 Qspan=0 Zlat=0  NEVER (X>m): target not in step lattice
 m= 29 phi= 28 mu=-1 sqfree=1 rank= 28 Qspan=1 Zlat=1  FINITE: forced counts [(1, 1), (2, 1), (3, 1), (4, 1), (5, 1), (6, 1), (7, 1), (8, 1), (9, 1), (10, 1), (11, 1), (12, 1), (13, 1), (14, 1), (15, 1), (16, 1), (17, 1), (18, 1), (19, 1), (20, 1), (21, 1), (22, 1), (23, 1), (24, 1), (25, 1), (26, 1), (27, 1), (28, 1)]
 m= 30 phi=  8 mu=-1 sqfree=1 rank=  8 Qspan=1 Zlat=1  FINITE: forced counts [(1, 0), (7, 0), (11, 1), (13, 1), (17, 2), (19, 0), (23, 2), (29, 1)]
 m= 31 phi= 30 mu=-1 sqfree=1 rank= 30 Qspan=1 Zlat=1  FINITE: forced counts [(1, 1), (2, 1), (3, 1), (4, 1), (5, 1), (6, 1), (7, 1), (8, 1), (9, 1), (10, 1), (11, 1), (12, 1), (13, 1), (14, 1), (15, 1), (16, 1), (17, 1), (18, 1), (19, 1), (20, 1), (21, 1), (22, 1), (23, 1), (24, 1), (25, 1), (26, 1), (27, 1), (28, 1), (29, 1), (30, 1)]
 m= 32 phi= 16 mu= 0 sqfree=0 rank=  8 Qspan=0 Zlat=0  NEVER (X>m): target not in step lattice
 m= 33 phi= 20 mu= 1 sqfree=1 rank= 20 Qspan=1 Zlat=1  FINITE: forced counts [(1, 0), (2, 1), (4, 0), (5, 1), (7, 0), (8, 1), (10, 0), (13, 0), (14, 2), (16, 0), (17, 1), (19, 0), (20, 1), (23, 1), (25, 1), (26, 1), (28, 0), (29, 1), (31, 0), (32, 1)]
 m= 34 phi= 16 mu= 1 sqfree=1 rank= 16 Qspan=1 Zlat=1  FINITE: forced counts [(1, 1), (3, 1), (5, 1), (7, 1), (9, 1), (11, 1), (13, 1), (15, 1), (19, 2), (21, 1), (23, 1), (25, 1), (27, 1), (29, 1), (31, 1), (33, 1)]
 m= 35 phi= 24 mu= 1 sqfree=1 rank= 24 Qspan=1 Zlat=1  FINITE: forced counts [(1, 0), (2, 1), (3, 0), (4, 0), (6, 0), (8, 0), (9, 0), (11, 0), (12, 2), (13, 0), (16, 0), (17, 1), (18, 0), (19, 1), (22, 1), (23, 0), (24, 0), (26, 1), (27, 1), (29, 0), (31, 0), (32, 1), (33, 1), (34, 0)]
 m= 36 phi= 12 mu= 0 sqfree=0 rank=  4 Qspan=0 Zlat=0  NEVER (X>m): target not in step lattice
 m= 37 phi= 36 mu=-1 sqfree=1 rank= 36 Qspan=1 Zlat=1  FINITE: forced counts [(1, 1), (2, 1), (3, 1), (4, 1), (5, 1), (6, 1), (7, 1), (8, 1), (9, 1), (10, 1), (11, 1), (12, 1), (13, 1), (14, 1), (15, 1), (16, 1), (17, 1), (18, 1), (19, 1), (20, 1), (21, 1), (22, 1), (23, 1), (24, 1), (25, 1), (26, 1), (27, 1), (28, 1), (29, 1), (30, 1), (31, 1), (32, 1), (33, 1), (34, 1), (35, 1), (36, 1)]
 m= 38 phi= 18 mu= 1 sqfree=1 rank= 18 Qspan=1 Zlat=1  FINITE: forced counts [(1, 1), (3, 1), (5, 1), (7, 1), (9, 1), (11, 1), (13, 1), (15, 1), (17, 1), (21, 2), (23, 1), (25, 1), (27, 1), (29, 1), (31, 1), (33, 1), (35, 1), (37, 1)]
 m= 39 phi= 24 mu= 1 sqfree=1 rank= 24 Qspan=1 Zlat=1  FINITE: forced counts [(1, 1), (2, 0), (4, 1), (5, 0), (7, 1), (8, 0), (10, 1), (11, 0), (14, 0), (16, 2), (17, 0), (19, 1), (20, 0), (22, 1), (23, 0), (25, 1), (28, 1), (29, 1), (31, 1), (32, 0), (34, 1), (35, 0), (37, 1), (38, 0)]
 m= 40 phi= 16 mu= 0 sqfree=0 rank=  8 Qspan=0 Zlat=0  NEVER (X>m): target not in step lattice
 m= 41 phi= 40 mu=-1 sqfree=1 rank= 40 Qspan=1 Zlat=1  FINITE: forced counts [(1, 1), (2, 1), (3, 1), (4, 1), (5, 1), (6, 1), (7, 1), (8, 1), (9, 1), (10, 1), (11, 1), (12, 1), (13, 1), (14, 1), (15, 1), (16, 1), (17, 1), (18, 1), (19, 1), (20, 1), (21, 1), (22, 1), (23, 1), (24, 1), (25, 1), (26, 1), (27, 1), (28, 1), (29, 1), (30, 1), (31, 1), (32, 1), (33, 1), (34, 1), (35, 1), (36, 1), (37, 1), (38, 1), (39, 1), (40, 1)]
 m= 42 phi= 12 mu=-1 sqfree=1 rank= 12 Qspan=1 Zlat=1  FINITE: forced counts [(1, 1), (5, 0), (11, 0), (13, 1), (17, 1), (19, 1), (23, 1), (25, 1), (29, 0), (31, 2), (37, 1), (41, 0)]
 m= 43 phi= 42 mu=-1 sqfree=1 rank= 42 Qspan=1 Zlat=1  FINITE: forced counts [(1, 1), (2, 1), (3, 1), (4, 1), (5, 1), (6, 1), (7, 1), (8, 1), (9, 1), (10, 1), (11, 1), (12, 1), (13, 1), (14, 1), (15, 1), (16, 1), (17, 1), (18, 1), (19, 1), (20, 1), (21, 1), (22, 1), (23, 1), (24, 1), (25, 1), (26, 1), (27, 1), (28, 1), (29, 1), (30, 1), (31, 1), (32, 1), (33, 1), (34, 1), (35, 1), (36, 1), (37, 1), (38, 1), (39, 1), (40, 1), (41, 1), (42, 1)]
 m= 44 phi= 20 mu= 0 sqfree=0 rank= 10 Qspan=0 Zlat=0  NEVER (X>m): target not in step lattice
 m= 45 phi= 24 mu= 0 sqfree=0 rank= 16 Qspan=0 Zlat=0  NEVER (X>m): target not in step lattice
 m= 46 phi= 22 mu= 1 sqfree=1 rank= 22 Qspan=1 Zlat=1  FINITE: forced counts [(1, 1), (3, 1), (5, 1), (7, 1), (9, 1), (11, 1), (13, 1), (15, 1), (17, 1), (19, 1), (21, 1), (25, 2), (27, 1), (29, 1), (31, 1), (33, 1), (35, 1), (37, 1), (39, 1), (41, 1), (43, 1), (45, 1)]
 m= 47 phi= 46 mu=-1 sqfree=1 rank= 46 Qspan=1 Zlat=1  FINITE: forced counts [(1, 1), (2, 1), (3, 1), (4, 1), (5, 1), (6, 1), (7, 1), (8, 1), (9, 1), (10, 1), (11, 1), (12, 1), (13, 1), (14, 1), (15, 1), (16, 1), (17, 1), (18, 1), (19, 1), (20, 1), (21, 1), (22, 1), (23, 1), (24, 1), (25, 1), (26, 1), (27, 1), (28, 1), (29, 1), (30, 1), (31, 1), (32, 1), (33, 1), (34, 1), (35, 1), (36, 1), (37, 1), (38, 1), (39, 1), (40, 1), (41, 1), (42, 1), (43, 1), (44, 1), (45, 1), (46, 1)]
 m= 48 phi= 16 mu= 0 sqfree=0 rank=  8 Qspan=0 Zlat=0  NEVER (X>m): target not in step lattice
 m= 49 phi= 42 mu= 0 sqfree=0 rank= 36 Qspan=0 Zlat=0  NEVER (X>m): target not in step lattice
 m= 50 phi= 20 mu= 0 sqfree=0 rank= 16 Qspan=0 Zlat=0  NEVER (X>m): target not in step lattice
 m= 51 phi= 32 mu= 1 sqfree=1 rank= 32 Qspan=1 Zlat=1  FINITE: forced counts [(1, 0), (2, 1), (4, 0), (5, 1), (7, 0), (8, 1), (10, 0), (11, 1), (13, 0), (14, 1), (16, 0), (19, 0), (20, 2), (22, 0), (23, 1), (25, 0), (26, 1), (28, 0), (29, 1), (31, 0), (32, 1), (35, 1), (37, 1), (38, 1), (40, 0), (41, 1), (43, 0), (44, 1), (46, 0), (47, 1), (49, 0), (50, 1)]
 m= 52 phi= 24 mu= 0 sqfree=0 rank= 12 Qspan=0 Zlat=0  NEVER (X>m): target not in step lattice
 m= 53 phi= 52 mu=-1 sqfree=1 rank= 52 Qspan=1 Zlat=1  FINITE: forced counts [(1, 1), (2, 1), (3, 1), (4, 1), (5, 1), (6, 1), (7, 1), (8, 1), (9, 1), (10, 1), (11, 1), (12, 1), (13, 1), (14, 1), (15, 1), (16, 1), (17, 1), (18, 1), (19, 1), (20, 1), (21, 1), (22, 1), (23, 1), (24, 1), (25, 1), (26, 1), (27, 1), (28, 1), (29, 1), (30, 1), (31, 1), (32, 1), (33, 1), (34, 1), (35, 1), (36, 1), (37, 1), (38, 1), (39, 1), (40, 1), (41, 1), (42, 1), (43, 1), (44, 1), (45, 1), (46, 1), (47, 1), (48, 1), (49, 1), (50, 1), (51, 1), (52, 1)]
 m= 54 phi= 18 mu= 0 sqfree=0 rank= 12 Qspan=0 Zlat=0  NEVER (X>m): target not in step lattice
 m= 55 phi= 40 mu= 1 sqfree=1 rank= 40 Qspan=1 Zlat=1  FINITE: forced counts [(1, 1), (2, 0), (3, 0), (4, 0), (6, 1), (7, 0), (8, 0), (9, 0), (12, 0), (13, 0), (14, 0), (16, 2), (17, 0), (18, 0), (19, 0), (21, 1), (23, 0), (24, 0), (26, 1), (27, 1), (28, 0), (29, 0), (31, 1), (32, 0), (34, 0), (36, 1), (37, 0), (38, 1), (39, 0), (41, 1), (42, 0), (43, 0), (46, 1), (47, 0), (48, 0), (49, 1), (51, 1), (52, 0), (53, 0), (54, 0)]
 m= 56 phi= 24 mu= 0 sqfree=0 rank= 12 Qspan=0 Zlat=0  NEVER (X>m): target not in step lattice
 m= 57 phi= 36 mu= 1 sqfree=1 rank= 36 Qspan=1 Zlat=1  FINITE: forced counts [(1, 1), (2, 0), (4, 1), (5, 0), (7, 1), (8, 0), (10, 1), (11, 0), (13, 1), (14, 0), (16, 1), (17, 0), (20, 0), (22, 2), (23, 0), (25, 1), (26, 0), (28, 1), (29, 0), (31, 1), (32, 0), (34, 1), (35, 0), (37, 1), (40, 1), (41, 1), (43, 1), (44, 0), (46, 1), (47, 0), (49, 1), (50, 0), (52, 1), (53, 0), (55, 1), (56, 0)]
 m= 58 phi= 28 mu= 1 sqfree=1 rank= 28 Qspan=1 Zlat=1  FINITE: forced counts [(1, 1), (3, 1), (5, 1), (7, 1), (9, 1), (11, 1), (13, 1), (15, 1), (17, 1), (19, 1), (21, 1), (23, 1), (25, 1), (27, 1), (31, 2), (33, 1), (35, 1), (37, 1), (39, 1), (41, 1), (43, 1), (45, 1), (47, 1), (49, 1), (51, 1), (53, 1), (55, 1), (57, 1)]
 m= 59 phi= 58 mu=-1 sqfree=1 rank= 58 Qspan=1 Zlat=1  FINITE: forced counts [(1, 1), (2, 1), (3, 1), (4, 1), (5, 1), (6, 1), (7, 1), (8, 1), (9, 1), (10, 1), (11, 1), (12, 1), (13, 1), (14, 1), (15, 1), (16, 1), (17, 1), (18, 1), (19, 1), (20, 1), (21, 1), (22, 1), (23, 1), (24, 1), (25, 1), (26, 1), (27, 1), (28, 1), (29, 1), (30, 1), (31, 1), (32, 1), (33, 1), (34, 1), (35, 1), (36, 1), (37, 1), (38, 1), (39, 1), (40, 1), (41, 1), (42, 1), (43, 1), (44, 1), (45, 1), (46, 1), (47, 1), (48, 1), (49, 1), (50, 1), (51, 1), (52, 1), (53, 1), (54, 1), (55, 1), (56, 1), (57, 1), (58, 1)]
 m= 60 phi= 16 mu= 0 sqfree=0 rank=  8 Qspan=0 Zlat=0  NEVER (X>m): target not in step lattice
 m= 61 phi= 60 mu=-1 sqfree=1 rank= 60 Qspan=1 Zlat=1  FINITE: forced counts [(1, 1), (2, 1), (3, 1), (4, 1), (5, 1), (6, 1), (7, 1), (8, 1), (9, 1), (10, 1), (11, 1), (12, 1), (13, 1), (14, 1), (15, 1), (16, 1), (17, 1), (18, 1), (19, 1), (20, 1), (21, 1), (22, 1), (23, 1), (24, 1), (25, 1), (26, 1), (27, 1), (28, 1), (29, 1), (30, 1), (31, 1), (32, 1), (33, 1), (34, 1), (35, 1), (36, 1), (37, 1), (38, 1), (39, 1), (40, 1), (41, 1), (42, 1), (43, 1), (44, 1), (45, 1), (46, 1), (47, 1), (48, 1), (49, 1), (50, 1), (51, 1), (52, 1), (53, 1), (54, 1), (55, 1), (56, 1), (57, 1), (58, 1), (59, 1), (60, 1)]
 m= 62 phi= 30 mu= 1 sqfree=1 rank= 30 Qspan=1 Zlat=1  FINITE: forced counts [(1, 1), (3, 1), (5, 1), (7, 1), (9, 1), (11, 1), (13, 1), (15, 1), (17, 1), (19, 1), (21, 1), (23, 1), (25, 1), (27, 1), (29, 1), (33, 2), (35, 1), (37, 1), (39, 1), (41, 1), (43, 1), (45, 1), (47, 1), (49, 1), (51, 1), (53, 1), (55, 1), (57, 1), (59, 1), (61, 1)]
 m= 63 phi= 36 mu= 0 sqfree=0 rank= 24 Qspan=0 Zlat=0  NEVER (X>m): target not in step lattice
 m= 64 phi= 32 mu= 0 sqfree=0 rank= 16 Qspan=0 Zlat=0  NEVER (X>m): target not in step lattice
 m= 65 phi= 48 mu= 1 sqfree=1 rank= 48 Qspan=1 Zlat=1  FINITE: forced counts [(1, 0), (2, 0), (3, 1), (4, 0), (6, 0), (7, 0), (8, 1), (9, 0), (11, 0), (12, 0), (14, 0), (16, 0), (17, 0), (18, 2), (19, 0), (21, 0), (22, 0), (23, 1), (24, 0), (27, 0), (28, 1), (29, 0), (31, 1), (32, 0), (33, 1), (34, 0), (36, 0), (37, 0), (38, 1), (41, 0), (42, 0), (43, 1), (44, 1), (46, 0), (47, 0), (48, 1), (49, 0), (51, 0), (53, 1), (54, 0), (56, 0), (57, 1), (58, 1), (59, 0), (61, 0), (62, 0), (63, 1), (64, 0)]
 m= 66 phi= 20 mu=-1 sqfree=1 rank= 20 Qspan=1 Zlat=1  FINITE: forced counts [(1, 0), (5, 1), (7, 0), (13, 0), (17, 1), (19, 0), (23, 1), (25, 1), (29, 1), (31, 0), (35, 2), (37, 0), (41, 1), (43, 0), (47, 2), (49, 0), (53, 1), (59, 1), (61, 0), (65, 1)]
 m= 67 phi= 66 mu=-1 sqfree=1 rank= 66 Qspan=1 Zlat=1  FINITE: forced counts [(1, 1), (2, 1), (3, 1), (4, 1), (5, 1), (6, 1), (7, 1), (8, 1), (9, 1), (10, 1), (11, 1), (12, 1), (13, 1), (14, 1), (15, 1), (16, 1), (17, 1), (18, 1), (19, 1), (20, 1), (21, 1), (22, 1), (23, 1), (24, 1), (25, 1), (26, 1), (27, 1), (28, 1), (29, 1), (30, 1), (31, 1), (32, 1), (33, 1), (34, 1), (35, 1), (36, 1), (37, 1), (38, 1), (39, 1), (40, 1), (41, 1), (42, 1), (43, 1), (44, 1), (45, 1), (46, 1), (47, 1), (48, 1), (49, 1), (50, 1), (51, 1), (52, 1), (53, 1), (54, 1), (55, 1), (56, 1), (57, 1), (58, 1), (59, 1), (60, 1), (61, 1), (62, 1), (63, 1), (64, 1), (65, 1), (66, 1)]
 m= 68 phi= 32 mu= 0 sqfree=0 rank= 16 Qspan=0 Zlat=0  NEVER (X>m): target not in step lattice
 m= 69 phi= 44 mu= 1 sqfree=1 rank= 44 Qspan=1 Zlat=1  FINITE: forced counts [(1, 0), (2, 1), (4, 0), (5, 1), (7, 0), (8, 1), (10, 0), (11, 1), (13, 0), (14, 1), (16, 0), (17, 1), (19, 0), (20, 1), (22, 0), (25, 0), (26, 2), (28, 0), (29, 1), (31, 0), (32, 1), (34, 0), (35, 1), (37, 0), (38, 1), (40, 0), (41, 1), (43, 0), (44, 1), (47, 1), (49, 1), (50, 1), (52, 0), (53, 1), (55, 0), (56, 1), (58, 0), (59, 1), (61, 0), (62, 1), (64, 0), (65, 1), (67, 0), (68, 1)]
 m= 70 phi= 24 mu=-1 sqfree=1 rank= 24 Qspan=1 Zlat=1  FINITE: forced counts [(1, 0), (3, 0), (9, 0), (11, 0), (13, 0), (17, 1), (19, 1), (23, 0), (27, 1), (29, 0), (31, 0), (33, 1), (37, 2), (39, 0), (41, 0), (43, 0), (47, 2), (51, 0), (53, 0), (57, 1), (59, 0), (61, 1), (67, 1), (69, 0)]
 m= 71 phi= 70 mu=-1 sqfree=1 rank= 70 Qspan=1 Zlat=1  FINITE: forced counts [(1, 1), (2, 1), (3, 1), (4, 1), (5, 1), (6, 1), (7, 1), (8, 1), (9, 1), (10, 1), (11, 1), (12, 1), (13, 1), (14, 1), (15, 1), (16, 1), (17, 1), (18, 1), (19, 1), (20, 1), (21, 1), (22, 1), (23, 1), (24, 1), (25, 1), (26, 1), (27, 1), (28, 1), (29, 1), (30, 1), (31, 1), (32, 1), (33, 1), (34, 1), (35, 1), (36, 1), (37, 1), (38, 1), (39, 1), (40, 1), (41, 1), (42, 1), (43, 1), (44, 1), (45, 1), (46, 1), (47, 1), (48, 1), (49, 1), (50, 1), (51, 1), (52, 1), (53, 1), (54, 1), (55, 1), (56, 1), (57, 1), (58, 1), (59, 1), (60, 1), (61, 1), (62, 1), (63, 1), (64, 1), (65, 1), (66, 1), (67, 1), (68, 1), (69, 1), (70, 1)]
 m= 72 phi= 24 mu= 0 sqfree=0 rank=  8 Qspan=0 Zlat=0  NEVER (X>m): target not in step lattice
 m= 73 phi= 72 mu=-1 sqfree=1 rank= 72 Qspan=1 Zlat=1  FINITE: forced counts [(1, 1), (2, 1), (3, 1), (4, 1), (5, 1), (6, 1), (7, 1), (8, 1), (9, 1), (10, 1), (11, 1), (12, 1), (13, 1), (14, 1), (15, 1), (16, 1), (17, 1), (18, 1), (19, 1), (20, 1), (21, 1), (22, 1), (23, 1), (24, 1), (25, 1), (26, 1), (27, 1), (28, 1), (29, 1), (30, 1), (31, 1), (32, 1), (33, 1), (34, 1), (35, 1), (36, 1), (37, 1), (38, 1), (39, 1), (40, 1), (41, 1), (42, 1), (43, 1), (44, 1), (45, 1), (46, 1), (47, 1), (48, 1), (49, 1), (50, 1), (51, 1), (52, 1), (53, 1), (54, 1), (55, 1), (56, 1), (57, 1), (58, 1), (59, 1), (60, 1), (61, 1), (62, 1), (63, 1), (64, 1), (65, 1), (66, 1), (67, 1), (68, 1), (69, 1), (70, 1), (71, 1), (72, 1)]
 m= 74 phi= 36 mu= 1 sqfree=1 rank= 36 Qspan=1 Zlat=1  FINITE: forced counts [(1, 1), (3, 1), (5, 1), (7, 1), (9, 1), (11, 1), (13, 1), (15, 1), (17, 1), (19, 1), (21, 1), (23, 1), (25, 1), (27, 1), (29, 1), (31, 1), (33, 1), (35, 1), (39, 2), (41, 1), (43, 1), (45, 1), (47, 1), (49, 1), (51, 1), (53, 1), (55, 1), (57, 1), (59, 1), (61, 1), (63, 1), (65, 1), (67, 1), (69, 1), (71, 1), (73, 1)]
 m= 75 phi= 40 mu= 0 sqfree=0 rank= 32 Qspan=0 Zlat=0  NEVER (X>m): target not in step lattice
 m= 76 phi= 36 mu= 0 sqfree=0 rank= 18 Qspan=0 Zlat=0  NEVER (X>m): target not in step lattice
 m= 77 phi= 60 mu= 1 sqfree=1 rank= 60 Qspan=1 Zlat=1  FINITE: forced counts [(1, 0), (2, 0), (3, 0), (4, 1), (5, 0), (6, 0), (8, 0), (9, 0), (10, 0), (12, 0), (13, 0), (15, 0), (16, 0), (17, 0), (18, 2), (19, 0), (20, 0), (23, 0), (24, 0), (25, 1), (26, 0), (27, 0), (29, 1), (30, 0), (31, 0), (32, 1), (34, 0), (36, 0), (37, 0), (38, 0), (39, 1), (40, 1), (41, 0), (43, 0), (45, 0), (46, 1), (47, 0), (48, 0), (50, 0), (51, 1), (52, 0), (53, 1), (54, 0), (57, 0), (58, 0), (59, 0), (60, 1), (61, 0), (62, 1), (64, 0), (65, 0), (67, 1), (68, 0), (69, 0), (71, 0), (72, 0), (73, 1), (74, 1), (75, 0), (76, 0)]
 m= 78 phi= 24 mu=-1 sqfree=1 rank= 24 Qspan=1 Zlat=1  FINITE: forced counts [(1, 1), (5, 0), (7, 1), (11, 0), (17, 0), (19, 1), (23, 0), (25, 1), (29, 1), (31, 1), (35, 0), (37, 1), (41, 1), (43, 1), (47, 0), (49, 1), (53, 0), (55, 2), (59, 0), (61, 1), (67, 1), (71, 0), (73, 1), (77, 0)]
 m= 79 phi= 78 mu=-1 sqfree=1 rank= 78 Qspan=1 Zlat=1  FINITE: forced counts [(1, 1), (2, 1), (3, 1), (4, 1), (5, 1), (6, 1), (7, 1), (8, 1), (9, 1), (10, 1), (11, 1), (12, 1), (13, 1), (14, 1), (15, 1), (16, 1), (17, 1), (18, 1), (19, 1), (20, 1), (21, 1), (22, 1), (23, 1), (24, 1), (25, 1), (26, 1), (27, 1), (28, 1), (29, 1), (30, 1), (31, 1), (32, 1), (33, 1), (34, 1), (35, 1), (36, 1), (37, 1), (38, 1), (39, 1), (40, 1), (41, 1), (42, 1), (43, 1), (44, 1), (45, 1), (46, 1), (47, 1), (48, 1), (49, 1), (50, 1), (51, 1), (52, 1), (53, 1), (54, 1), (55, 1), (56, 1), (57, 1), (58, 1), (59, 1), (60, 1), (61, 1), (62, 1), (63, 1), (64, 1), (65, 1), (66, 1), (67, 1), (68, 1), (69, 1), (70, 1), (71, 1), (72, 1), (73, 1), (74, 1), (75, 1), (76, 1), (77, 1), (78, 1)]
 m= 80 phi= 32 mu= 0 sqfree=0 rank= 16 Qspan=0 Zlat=0  NEVER (X>m): target not in step lattice
 m= 81 phi= 54 mu= 0 sqfree=0 rank= 36 Qspan=0 Zlat=0  NEVER (X>m): target not in step lattice
 m= 82 phi= 40 mu= 1 sqfree=1 rank= 40 Qspan=1 Zlat=1  FINITE: forced counts [(1, 1), (3, 1), (5, 1), (7, 1), (9, 1), (11, 1), (13, 1), (15, 1), (17, 1), (19, 1), (21, 1), (23, 1), (25, 1), (27, 1), (29, 1), (31, 1), (33, 1), (35, 1), (37, 1), (39, 1), (43, 2), (45, 1), (47, 1), (49, 1), (51, 1), (53, 1), (55, 1), (57, 1), (59, 1), (61, 1), (63, 1), (65, 1), (67, 1), (69, 1), (71, 1), (73, 1), (75, 1), (77, 1), (79, 1), (81, 1)]
 m= 83 phi= 82 mu=-1 sqfree=1 rank= 82 Qspan=1 Zlat=1  FINITE: forced counts [(1, 1), (2, 1), (3, 1), (4, 1), (5, 1), (6, 1), (7, 1), (8, 1), (9, 1), (10, 1), (11, 1), (12, 1), (13, 1), (14, 1), (15, 1), (16, 1), (17, 1), (18, 1), (19, 1), (20, 1), (21, 1), (22, 1), (23, 1), (24, 1), (25, 1), (26, 1), (27, 1), (28, 1), (29, 1), (30, 1), (31, 1), (32, 1), (33, 1), (34, 1), (35, 1), (36, 1), (37, 1), (38, 1), (39, 1), (40, 1), (41, 1), (42, 1), (43, 1), (44, 1), (45, 1), (46, 1), (47, 1), (48, 1), (49, 1), (50, 1), (51, 1), (52, 1), (53, 1), (54, 1), (55, 1), (56, 1), (57, 1), (58, 1), (59, 1), (60, 1), (61, 1), (62, 1), (63, 1), (64, 1), (65, 1), (66, 1), (67, 1), (68, 1), (69, 1), (70, 1), (71, 1), (72, 1), (73, 1), (74, 1), (75, 1), (76, 1), (77, 1), (78, 1), (79, 1), (80, 1), (81, 1), (82, 1)]
 m= 84 phi= 24 mu= 0 sqfree=0 rank= 12 Qspan=0 Zlat=0  NEVER (X>m): target not in step lattice
 m= 85 phi= 64 mu= 1 sqfree=1 rank= 64 Qspan=1 Zlat=1  FINITE: forced counts [(1, 0), (2, 1), (3, 0), (4, 0), (6, 0), (7, 1), (8, 0), (9, 0), (11, 0), (12, 1), (13, 0), (14, 0), (16, 0), (18, 0), (19, 0), (21, 0), (22, 2), (23, 0), (24, 0), (26, 0), (27, 1), (28, 0), (29, 0), (31, 0), (32, 1), (33, 0), (36, 0), (37, 1), (38, 0), (39, 1), (41, 0), (42, 1), (43, 0), (44, 0), (46, 0), (47, 1), (48, 0), (49, 0), (52, 1), (53, 0), (54, 0), (56, 1), (57, 1), (58, 0), (59, 0), (61, 0), (62, 1), (63, 0), (64, 0), (66, 0), (67, 1), (69, 0), (71, 0), (72, 1), (73, 1), (74, 0), (76, 0), (77, 1), (78, 0), (79, 0), (81, 0), (82, 1), (83, 0), (84, 0)]
 m= 86 phi= 42 mu= 1 sqfree=1 rank= 42 Qspan=1 Zlat=1  FINITE: forced counts [(1, 1), (3, 1), (5, 1), (7, 1), (9, 1), (11, 1), (13, 1), (15, 1), (17, 1), (19, 1), (21, 1), (23, 1), (25, 1), (27, 1), (29, 1), (31, 1), (33, 1), (35, 1), (37, 1), (39, 1), (41, 1), (45, 2), (47, 1), (49, 1), (51, 1), (53, 1), (55, 1), (57, 1), (59, 1), (61, 1), (63, 1), (65, 1), (67, 1), (69, 1), (71, 1), (73, 1), (75, 1), (77, 1), (79, 1), (81, 1), (83, 1), (85, 1)]
 m= 87 phi= 56 mu= 1 sqfree=1 rank= 56 Qspan=1 Zlat=1  FINITE: forced counts [(1, 0), (2, 1), (4, 0), (5, 1), (7, 0), (8, 1), (10, 0), (11, 1), (13, 0), (14, 1), (16, 0), (17, 1), (19, 0), (20, 1), (22, 0), (23, 1), (25, 0), (26, 1), (28, 0), (31, 0), (32, 2), (34, 0), (35, 1), (37, 0), (38, 1), (40, 0), (41, 1), (43, 0), (44, 1), (46, 0), (47, 1), (49, 0), (50, 1), (52, 0), (53, 1), (55, 0), (56, 1), (59, 1), (61, 1), (62, 1), (64, 0), (65, 1), (67, 0), (68, 1), (70, 0), (71, 1), (73, 0), (74, 1), (76, 0), (77, 1), (79, 0), (80, 1), (82, 0), (83, 1), (85, 0), (86, 1)]
 m= 88 phi= 40 mu= 0 sqfree=0 rank= 20 Qspan=0 Zlat=0  NEVER (X>m): target not in step lattice
 m= 89 phi= 88 mu=-1 sqfree=1 rank= 88 Qspan=1 Zlat=1  FINITE: forced counts [(1, 1), (2, 1), (3, 1), (4, 1), (5, 1), (6, 1), (7, 1), (8, 1), (9, 1), (10, 1), (11, 1), (12, 1), (13, 1), (14, 1), (15, 1), (16, 1), (17, 1), (18, 1), (19, 1), (20, 1), (21, 1), (22, 1), (23, 1), (24, 1), (25, 1), (26, 1), (27, 1), (28, 1), (29, 1), (30, 1), (31, 1), (32, 1), (33, 1), (34, 1), (35, 1), (36, 1), (37, 1), (38, 1), (39, 1), (40, 1), (41, 1), (42, 1), (43, 1), (44, 1), (45, 1), (46, 1), (47, 1), (48, 1), (49, 1), (50, 1), (51, 1), (52, 1), (53, 1), (54, 1), (55, 1), (56, 1), (57, 1), (58, 1), (59, 1), (60, 1), (61, 1), (62, 1), (63, 1), (64, 1), (65, 1), (66, 1), (67, 1), (68, 1), (69, 1), (70, 1), (71, 1), (72, 1), (73, 1), (74, 1), (75, 1), (76, 1), (77, 1), (78, 1), (79, 1), (80, 1), (81, 1), (82, 1), (83, 1), (84, 1), (85, 1), (86, 1), (87, 1), (88, 1)]
 m= 90 phi= 24 mu= 0 sqfree=0 rank= 16 Qspan=0 Zlat=0  NEVER (X>m): target not in step lattice
 m= 91 phi= 72 mu= 1 sqfree=1 rank= 72 Qspan=1 Zlat=1  FINITE: forced counts [(1, 0), (2, 0), (3, 0), (4, 0), (5, 0), (6, 1), (8, 0), (9, 0), (10, 0), (11, 0), (12, 0), (15, 0), (16, 0), (17, 0), (18, 0), (19, 0), (20, 2), (22, 0), (23, 0), (24, 0), (25, 0), (27, 1), (29, 0), (30, 0), (31, 0), (32, 0), (33, 1), (34, 1), (36, 0), (37, 0), (38, 0), (40, 0), (41, 1), (43, 0), (44, 0), (45, 0), (46, 1), (47, 0), (48, 1), (50, 0), (51, 0), (53, 0), (54, 0), (55, 1), (57, 0), (58, 0), (59, 1), (60, 0), (61, 0), (62, 1), (64, 0), (66, 0), (67, 0), (68, 0), (69, 1), (71, 0), (72, 1), (73, 0), (74, 0), (75, 0), (76, 1), (79, 0), (80, 0), (81, 0), (82, 0), (83, 1), (85, 1), (86, 0), (87, 0), (88, 0), (89, 0), (90, 1)]
 m= 92 phi= 44 mu= 0 sqfree=0 rank= 22 Qspan=0 Zlat=0  NEVER (X>m): target not in step lattice
 m= 93 phi= 60 mu= 1 sqfree=1 rank= 60 Qspan=1 Zlat=1  FINITE: forced counts [(1, 1), (2, 0), (4, 1), (5, 0), (7, 1), (8, 0), (10, 1), (11, 0), (13, 1), (14, 0), (16, 1), (17, 0), (19, 1), (20, 0), (22, 1), (23, 0), (25, 1), (26, 0), (28, 1), (29, 0), (32, 0), (34, 2), (35, 0), (37, 1), (38, 0), (40, 1), (41, 0), (43, 1), (44, 0), (46, 1), (47, 0), (49, 1), (50, 0), (52, 1), (53, 0), (55, 1), (56, 0), (58, 1), (59, 0), (61, 1), (64, 1), (65, 1), (67, 1), (68, 0), (70, 1), (71, 0), (73, 1), (74, 0), (76, 1), (77, 0), (79, 1), (80, 0), (82, 1), (83, 0), (85, 1), (86, 0), (88, 1), (89, 0), (91, 1), (92, 0)]
 m= 94 phi= 46 mu= 1 sqfree=1 rank= 46 Qspan=1 Zlat=1  FINITE: forced counts [(1, 1), (3, 1), (5, 1), (7, 1), (9, 1), (11, 1), (13, 1), (15, 1), (17, 1), (19, 1), (21, 1), (23, 1), (25, 1), (27, 1), (29, 1), (31, 1), (33, 1), (35, 1), (37, 1), (39, 1), (41, 1), (43, 1), (45, 1), (49, 2), (51, 1), (53, 1), (55, 1), (57, 1), (59, 1), (61, 1), (63, 1), (65, 1), (67, 1), (69, 1), (71, 1), (73, 1), (75, 1), (77, 1), (79, 1), (81, 1), (83, 1), (85, 1), (87, 1), (89, 1), (91, 1), (93, 1)]
 m= 95 phi= 72 mu= 1 sqfree=1 rank= 72 Qspan=1 Zlat=1  FINITE: forced counts [(1, 0), (2, 0), (3, 0), (4, 1), (6, 0), (7, 0), (8, 0), (9, 1), (11, 0), (12, 0), (13, 0), (14, 1), (16, 0), (17, 0), (18, 0), (21, 0), (22, 0), (23, 0), (24, 2), (26, 0), (27, 0), (28, 0), (29, 1), (31, 0), (32, 0), (33, 0), (34, 1), (36, 0), (37, 0), (39, 1), (41, 0), (42, 0), (43, 1), (44, 1), (46, 0), (47, 0), (48, 0), (49, 1), (51, 0), (52, 0), (53, 0), (54, 1), (56, 0), (58, 0), (59, 1), (61, 0), (62, 1), (63, 0), (64, 1), (66, 0), (67, 0), (68, 0), (69, 1), (71, 0), (72, 0), (73, 0), (74, 1), (77, 0), (78, 0), (79, 1), (81, 1), (82, 0), (83, 0), (84, 1), (86, 0), (87, 0), (88, 0), (89, 1), (91, 0), (92, 0), (93, 0), (94, 1)]
 m= 96 phi= 32 mu= 0 sqfree=0 rank= 16 Qspan=0 Zlat=0  NEVER (X>m): target not in step lattice
 m= 97 phi= 96 mu=-1 sqfree=1 rank= 96 Qspan=1 Zlat=1  FINITE: forced counts [(1, 1), (2, 1), (3, 1), (4, 1), (5, 1), (6, 1), (7, 1), (8, 1), (9, 1), (10, 1), (11, 1), (12, 1), (13, 1), (14, 1), (15, 1), (16, 1), (17, 1), (18, 1), (19, 1), (20, 1), (21, 1), (22, 1), (23, 1), (24, 1), (25, 1), (26, 1), (27, 1), (28, 1), (29, 1), (30, 1), (31, 1), (32, 1), (33, 1), (34, 1), (35, 1), (36, 1), (37, 1), (38, 1), (39, 1), (40, 1), (41, 1), (42, 1), (43, 1), (44, 1), (45, 1), (46, 1), (47, 1), (48, 1), (49, 1), (50, 1), (51, 1), (52, 1), (53, 1), (54, 1), (55, 1), (56, 1), (57, 1), (58, 1), (59, 1), (60, 1), (61, 1), (62, 1), (63, 1), (64, 1), (65, 1), (66, 1), (67, 1), (68, 1), (69, 1), (70, 1), (71, 1), (72, 1), (73, 1), (74, 1), (75, 1), (76, 1), (77, 1), (78, 1), (79, 1), (80, 1), (81, 1), (82, 1), (83, 1), (84, 1), (85, 1), (86, 1), (87, 1), (88, 1), (89, 1), (90, 1), (91, 1), (92, 1), (93, 1), (94, 1), (95, 1), (96, 1)]
 m= 98 phi= 42 mu= 0 sqfree=0 rank= 36 Qspan=0 Zlat=0  NEVER (X>m): target not in step lattice
 m= 99 phi= 60 mu= 0 sqfree=0 rank= 40 Qspan=0 Zlat=0  NEVER (X>m): target not in step lattice
 m=100 phi= 40 mu= 0 sqfree=0 rank= 16 Qspan=0 Zlat=0  NEVER (X>m): target not in step lattice
 m=101 phi=100 mu=-1 sqfree=1 rank=100 Qspan=1 Zlat=1  FINITE: forced counts [(1, 1), (2, 1), (3, 1), (4, 1), (5, 1), (6, 1), (7, 1), (8, 1), (9, 1), (10, 1), (11, 1), (12, 1), (13, 1), (14, 1), (15, 1), (16, 1), (17, 1), (18, 1), (19, 1), (20, 1), (21, 1), (22, 1), (23, 1), (24, 1), (25, 1), (26, 1), (27, 1), (28, 1), (29, 1), (30, 1), (31, 1), (32, 1), (33, 1), (34, 1), (35, 1), (36, 1), (37, 1), (38, 1), (39, 1), (40, 1), (41, 1), (42, 1), (43, 1), (44, 1), (45, 1), (46, 1), (47, 1), (48, 1), (49, 1), (50, 1), (51, 1), (52, 1), (53, 1), (54, 1), (55, 1), (56, 1), (57, 1), (58, 1), (59, 1), (60, 1), (61, 1), (62, 1), (63, 1), (64, 1), (65, 1), (66, 1), (67, 1), (68, 1), (69, 1), (70, 1), (71, 1), (72, 1), (73, 1), (74, 1), (75, 1), (76, 1), (77, 1), (78, 1), (79, 1), (80, 1), (81, 1), (82, 1), (83, 1), (84, 1), (85, 1), (86, 1), (87, 1), (88, 1), (89, 1), (90, 1), (91, 1), (92, 1), (93, 1), (94, 1), (95, 1), (96, 1), (97, 1), (98, 1), (99, 1), (100, 1)]
 m=102 phi= 32 mu=-1 sqfree=1 rank= 32 Qspan=1 Zlat=1  FINITE: forced counts [(1, 0), (5, 1), (7, 0), (11, 1), (13, 0), (19, 0), (23, 1), (25, 0), (29, 1), (31, 0), (35, 1), (37, 1), (41, 1), (43, 0), (47, 1), (49, 0), (53, 2), (55, 0), (59, 1), (61, 0), (65, 1), (67, 0), (71, 2), (73, 0), (77, 1), (79, 0), (83, 1), (89, 1), (91, 0), (95, 1), (97, 0), (101, 1)]
 m=103 phi=102 mu=-1 sqfree=1 rank=102 Qspan=1 Zlat=1  FINITE: forced counts [(1, 1), (2, 1), (3, 1), (4, 1), (5, 1), (6, 1), (7, 1), (8, 1), (9, 1), (10, 1), (11, 1), (12, 1), (13, 1), (14, 1), (15, 1), (16, 1), (17, 1), (18, 1), (19, 1), (20, 1), (21, 1), (22, 1), (23, 1), (24, 1), (25, 1), (26, 1), (27, 1), (28, 1), (29, 1), (30, 1), (31, 1), (32, 1), (33, 1), (34, 1), (35, 1), (36, 1), (37, 1), (38, 1), (39, 1), (40, 1), (41, 1), (42, 1), (43, 1), (44, 1), (45, 1), (46, 1), (47, 1), (48, 1), (49, 1), (50, 1), (51, 1), (52, 1), (53, 1), (54, 1), (55, 1), (56, 1), (57, 1), (58, 1), (59, 1), (60, 1), (61, 1), (62, 1), (63, 1), (64, 1), (65, 1), (66, 1), (67, 1), (68, 1), (69, 1), (70, 1), (71, 1), (72, 1), (73, 1), (74, 1), (75, 1), (76, 1), (77, 1), (78, 1), (79, 1), (80, 1), (81, 1), (82, 1), (83, 1), (84, 1), (85, 1), (86, 1), (87, 1), (88, 1), (89, 1), (90, 1), (91, 1), (92, 1), (93, 1), (94, 1), (95, 1), (96, 1), (97, 1), (98, 1), (99, 1), (100, 1), (101, 1), (102, 1)]
 m=104 phi= 48 mu= 0 sqfree=0 rank= 24 Qspan=0 Zlat=0  NEVER (X>m): target not in step lattice
 m=105 phi= 48 mu=-1 sqfree=1 rank= 48 Qspan=1 Zlat=1  FINITE: forced counts [(1, 0), (2, 0), (4, 0), (8, 0), (11, 0), (13, 0), (16, 0), (17, 0), (19, 0), (22, 1), (23, 0), (26, 1), (29, 0), (31, 0), (32, 0), (34, 0), (37, 1), (38, 1), (41, 0), (43, 0), (44, 0), (46, 0), (47, 1), (52, 1), (53, 0), (58, 0), (59, 0), (61, 0), (62, 0), (64, 0), (67, 1), (68, 1), (71, 0), (73, 1), (74, 0), (76, 0), (79, 0), (82, 1), (83, 0), (86, 0), (88, 0), (89, 1), (92, 0), (94, 0), (97, 1), (101, 0), (103, 0), (104, 0)]
 m=106 phi= 52 mu= 1 sqfree=1 rank= 52 Qspan=1 Zlat=1  FINITE: forced counts [(1, 1), (3, 1), (5, 1), (7, 1), (9, 1), (11, 1), (13, 1), (15, 1), (17, 1), (19, 1), (21, 1), (23, 1), (25, 1), (27, 1), (29, 1), (31, 1), (33, 1), (35, 1), (37, 1), (39, 1), (41, 1), (43, 1), (45, 1), (47, 1), (49, 1), (51, 1), (55, 2), (57, 1), (59, 1), (61, 1), (63, 1), (65, 1), (67, 1), (69, 1), (71, 1), (73, 1), (75, 1), (77, 1), (79, 1), (81, 1), (83, 1), (85, 1), (87, 1), (89, 1), (91, 1), (93, 1), (95, 1), (97, 1), (99, 1), (101, 1), (103, 1), (105, 1)]
 m=107 phi=106 mu=-1 sqfree=1 rank=106 Qspan=1 Zlat=1  FINITE: forced counts [(1, 1), (2, 1), (3, 1), (4, 1), (5, 1), (6, 1), (7, 1), (8, 1), (9, 1), (10, 1), (11, 1), (12, 1), (13, 1), (14, 1), (15, 1), (16, 1), (17, 1), (18, 1), (19, 1), (20, 1), (21, 1), (22, 1), (23, 1), (24, 1), (25, 1), (26, 1), (27, 1), (28, 1), (29, 1), (30, 1), (31, 1), (32, 1), (33, 1), (34, 1), (35, 1), (36, 1), (37, 1), (38, 1), (39, 1), (40, 1), (41, 1), (42, 1), (43, 1), (44, 1), (45, 1), (46, 1), (47, 1), (48, 1), (49, 1), (50, 1), (51, 1), (52, 1), (53, 1), (54, 1), (55, 1), (56, 1), (57, 1), (58, 1), (59, 1), (60, 1), (61, 1), (62, 1), (63, 1), (64, 1), (65, 1), (66, 1), (67, 1), (68, 1), (69, 1), (70, 1), (71, 1), (72, 1), (73, 1), (74, 1), (75, 1), (76, 1), (77, 1), (78, 1), (79, 1), (80, 1), (81, 1), (82, 1), (83, 1), (84, 1), (85, 1), (86, 1), (87, 1), (88, 1), (89, 1), (90, 1), (91, 1), (92, 1), (93, 1), (94, 1), (95, 1), (96, 1), (97, 1), (98, 1), (99, 1), (100, 1), (101, 1), (102, 1), (103, 1), (104, 1), (105, 1), (106, 1)]
 m=108 phi= 36 mu= 0 sqfree=0 rank= 12 Qspan=0 Zlat=0  NEVER (X>m): target not in step lattice
 m=109 phi=108 mu=-1 sqfree=1 rank=108 Qspan=1 Zlat=1  FINITE: forced counts [(1, 1), (2, 1), (3, 1), (4, 1), (5, 1), (6, 1), (7, 1), (8, 1), (9, 1), (10, 1), (11, 1), (12, 1), (13, 1), (14, 1), (15, 1), (16, 1), (17, 1), (18, 1), (19, 1), (20, 1), (21, 1), (22, 1), (23, 1), (24, 1), (25, 1), (26, 1), (27, 1), (28, 1), (29, 1), (30, 1), (31, 1), (32, 1), (33, 1), (34, 1), (35, 1), (36, 1), (37, 1), (38, 1), (39, 1), (40, 1), (41, 1), (42, 1), (43, 1), (44, 1), (45, 1), (46, 1), (47, 1), (48, 1), (49, 1), (50, 1), (51, 1), (52, 1), (53, 1), (54, 1), (55, 1), (56, 1), (57, 1), (58, 1), (59, 1), (60, 1), (61, 1), (62, 1), (63, 1), (64, 1), (65, 1), (66, 1), (67, 1), (68, 1), (69, 1), (70, 1), (71, 1), (72, 1), (73, 1), (74, 1), (75, 1), (76, 1), (77, 1), (78, 1), (79, 1), (80, 1), (81, 1), (82, 1), (83, 1), (84, 1), (85, 1), (86, 1), (87, 1), (88, 1), (89, 1), (90, 1), (91, 1), (92, 1), (93, 1), (94, 1), (95, 1), (96, 1), (97, 1), (98, 1), (99, 1), (100, 1), (101, 1), (102, 1), (103, 1), (104, 1), (105, 1), (106, 1), (107, 1), (108, 1)]
 m=110 phi= 40 mu=-1 sqfree=1 rank= 40 Qspan=1 Zlat=1  FINITE: forced counts [(1, 1), (3, 0), (7, 0), (9, 0), (13, 0), (17, 0), (19, 0), (21, 1), (23, 0), (27, 1), (29, 0), (31, 1), (37, 0), (39, 0), (41, 1), (43, 0), (47, 0), (49, 1), (51, 1), (53, 0), (57, 1), (59, 0), (61, 1), (63, 0), (67, 0), (69, 0), (71, 2), (73, 0), (79, 0), (81, 1), (83, 0), (87, 0), (89, 0), (91, 1), (93, 1), (97, 0), (101, 1), (103, 0), (107, 0), (109, 0)]
 m=111 phi= 72 mu= 1 sqfree=1 rank= 72 Qspan=1 Zlat=1  FINITE: forced counts [(1, 1), (2, 0), (4, 1), (5, 0), (7, 1), (8, 0), (10, 1), (11, 0), (13, 1), (14, 0), (16, 1), (17, 0), (19, 1), (20, 0), (22, 1), (23, 0), (25, 1), (26, 0), (28, 1), (29, 0), (31, 1), (32, 0), (34, 1), (35, 0), (38, 0), (40, 2), (41, 0), (43, 1), (44, 0), (46, 1), (47, 0), (49, 1), (50, 0), (52, 1), (53, 0), (55, 1), (56, 0), (58, 1), (59, 0), (61, 1), (62, 0), (64, 1), (65, 0), (67, 1), (68, 0), (70, 1), (71, 0), (73, 1), (76, 1), (77, 1), (79, 1), (80, 0), (82, 1), (83, 0), (85, 1), (86, 0), (88, 1), (89, 0), (91, 1), (92, 0), (94, 1), (95, 0), (97, 1), (98, 0), (100, 1), (101, 0), (103, 1), (104, 0), (106, 1), (107, 0), (109, 1), (110, 0)]
 m=112 phi= 48 mu= 0 sqfree=0 rank= 24 Qspan=0 Zlat=0  NEVER (X>m): target not in step lattice
 m=113 phi=112 mu=-1 sqfree=1 rank=112 Qspan=1 Zlat=1  FINITE: forced counts [(1, 1), (2, 1), (3, 1), (4, 1), (5, 1), (6, 1), (7, 1), (8, 1), (9, 1), (10, 1), (11, 1), (12, 1), (13, 1), (14, 1), (15, 1), (16, 1), (17, 1), (18, 1), (19, 1), (20, 1), (21, 1), (22, 1), (23, 1), (24, 1), (25, 1), (26, 1), (27, 1), (28, 1), (29, 1), (30, 1), (31, 1), (32, 1), (33, 1), (34, 1), (35, 1), (36, 1), (37, 1), (38, 1), (39, 1), (40, 1), (41, 1), (42, 1), (43, 1), (44, 1), (45, 1), (46, 1), (47, 1), (48, 1), (49, 1), (50, 1), (51, 1), (52, 1), (53, 1), (54, 1), (55, 1), (56, 1), (57, 1), (58, 1), (59, 1), (60, 1), (61, 1), (62, 1), (63, 1), (64, 1), (65, 1), (66, 1), (67, 1), (68, 1), (69, 1), (70, 1), (71, 1), (72, 1), (73, 1), (74, 1), (75, 1), (76, 1), (77, 1), (78, 1), (79, 1), (80, 1), (81, 1), (82, 1), (83, 1), (84, 1), (85, 1), (86, 1), (87, 1), (88, 1), (89, 1), (90, 1), (91, 1), (92, 1), (93, 1), (94, 1), (95, 1), (96, 1), (97, 1), (98, 1), (99, 1), (100, 1), (101, 1), (102, 1), (103, 1), (104, 1), (105, 1), (106, 1), (107, 1), (108, 1), (109, 1), (110, 1), (111, 1), (112, 1)]
 m=114 phi= 36 mu=-1 sqfree=1 rank= 36 Qspan=1 Zlat=1  FINITE: forced counts [(1, 1), (5, 0), (7, 1), (11, 0), (13, 1), (17, 0), (23, 0), (25, 1), (29, 0), (31, 1), (35, 0), (37, 1), (41, 1), (43, 1), (47, 0), (49, 1), (53, 0), (55, 1), (59, 1), (61, 1), (65, 0), (67, 1), (71, 0), (73, 1), (77, 0), (79, 2), (83, 0), (85, 1), (89, 0), (91, 1), (97, 1), (101, 0), (103, 1), (107, 0), (109, 1), (113, 0)]
 m=115 phi= 88 mu= 1 sqfree=1 rank= 88 Qspan=1 Zlat=1  FINITE: forced counts [(1, 0), (2, 0), (3, 1), (4, 0), (6, 0), (7, 0), (8, 1), (9, 0), (11, 0), (12, 0), (13, 1), (14, 0), (16, 0), (17, 0), (18, 1), (19, 0), (21, 0), (22, 0), (24, 0), (26, 0), (27, 0), (28, 2), (29, 0), (31, 0), (32, 0), (33, 1), (34, 0), (36, 0), (37, 0), (38, 1), (39, 0), (41, 0), (42, 0), (43, 1), (44, 0), (47, 0), (48, 1), (49, 0), (51, 1), (52, 0), (53, 1), (54, 0), (56, 0), (57, 0), (58, 1), (59, 0), (61, 0), (62, 0), (63, 1), (64, 0), (66, 0), (67, 0), (68, 1), (71, 0), (72, 0), (73, 1), (74, 1), (76, 0), (77, 0), (78, 1), (79, 0), (81, 0), (82, 0), (83, 1), (84, 0), (86, 0), (87, 0), (88, 1), (89, 0), (91, 0), (93, 1), (94, 0), (96, 0), (97, 1), (98, 1), (99, 0), (101, 0), (102, 0), (103, 1), (104, 0), (106, 0), (107, 0), (108, 1), (109, 0), (111, 0), (112, 0), (113, 1), (114, 0)]
 m=116 phi= 56 mu= 0 sqfree=0 rank= 28 Qspan=0 Zlat=0  NEVER (X>m): target not in step lattice
 m=117 phi= 72 mu= 0 sqfree=0 rank= 48 Qspan=0 Zlat=0  NEVER (X>m): target not in step lattice
 m=118 phi= 58 mu= 1 sqfree=1 rank= 58 Qspan=1 Zlat=1  FINITE: forced counts [(1, 1), (3, 1), (5, 1), (7, 1), (9, 1), (11, 1), (13, 1), (15, 1), (17, 1), (19, 1), (21, 1), (23, 1), (25, 1), (27, 1), (29, 1), (31, 1), (33, 1), (35, 1), (37, 1), (39, 1), (41, 1), (43, 1), (45, 1), (47, 1), (49, 1), (51, 1), (53, 1), (55, 1), (57, 1), (61, 2), (63, 1), (65, 1), (67, 1), (69, 1), (71, 1), (73, 1), (75, 1), (77, 1), (79, 1), (81, 1), (83, 1), (85, 1), (87, 1), (89, 1), (91, 1), (93, 1), (95, 1), (97, 1), (99, 1), (101, 1), (103, 1), (105, 1), (107, 1), (109, 1), (111, 1), (113, 1), (115, 1), (117, 1)]
 m=119 phi= 96 mu= 1 sqfree=1 rank= 96 Qspan=1 Zlat=1  FINITE: forced counts [(1, 0), (2, 0), (3, 1), (4, 0), (5, 0), (6, 0), (8, 0), (9, 0), (10, 1), (11, 0), (12, 0), (13, 0), (15, 0), (16, 0), (18, 0), (19, 0), (20, 0), (22, 0), (23, 0), (24, 2), (25, 0), (26, 0), (27, 0), (29, 0), (30, 0), (31, 1), (32, 0), (33, 0), (36, 0), (37, 0), (38, 1), (39, 0), (40, 0), (41, 1), (43, 0), (44, 0), (45, 1), (46, 0), (47, 0), (48, 0), (50, 0), (52, 1), (53, 0), (54, 0), (55, 0), (57, 0), (58, 1), (59, 1), (60, 0), (61, 0), (62, 0), (64, 0), (65, 0), (66, 1), (67, 0), (69, 0), (71, 0), (72, 0), (73, 1), (74, 0), (75, 1), (76, 0), (78, 0), (79, 0), (80, 1), (81, 0), (82, 0), (83, 0), (86, 0), (87, 1), (88, 0), (89, 0), (90, 0), (92, 1), (93, 0), (94, 1), (95, 0), (96, 0), (97, 0), (99, 0), (100, 0), (101, 1), (103, 0), (104, 0), (106, 0), (107, 0), (108, 1), (109, 1), (110, 0), (111, 0), (113, 0), (114, 0), (115, 1), (116, 0), (117, 0), (118, 0)]
 m=120 phi= 32 mu= 0 sqfree=0 rank= 16 Qspan=0 Zlat=0  NEVER (X>m): target not in step lattice
 m=121 phi=110 mu= 0 sqfree=0 rank=100 Qspan=0 Zlat=0  NEVER (X>m): target not in step lattice
 m=122 phi= 60 mu= 1 sqfree=1 rank= 60 Qspan=1 Zlat=1  FINITE: forced counts [(1, 1), (3, 1), (5, 1), (7, 1), (9, 1), (11, 1), (13, 1), (15, 1), (17, 1), (19, 1), (21, 1), (23, 1), (25, 1), (27, 1), (29, 1), (31, 1), (33, 1), (35, 1), (37, 1), (39, 1), (41, 1), (43, 1), (45, 1), (47, 1), (49, 1), (51, 1), (53, 1), (55, 1), (57, 1), (59, 1), (63, 2), (65, 1), (67, 1), (69, 1), (71, 1), (73, 1), (75, 1), (77, 1), (79, 1), (81, 1), (83, 1), (85, 1), (87, 1), (89, 1), (91, 1), (93, 1), (95, 1), (97, 1), (99, 1), (101, 1), (103, 1), (105, 1), (107, 1), (109, 1), (111, 1), (113, 1), (115, 1), (117, 1), (119, 1), (121, 1)]
 m=123 phi= 80 mu= 1 sqfree=1 rank= 80 Qspan=1 Zlat=1  FINITE: forced counts [(1, 0), (2, 1), (4, 0), (5, 1), (7, 0), (8, 1), (10, 0), (11, 1), (13, 0), (14, 1), (16, 0), (17, 1), (19, 0), (20, 1), (22, 0), (23, 1), (25, 0), (26, 1), (28, 0), (29, 1), (31, 0), (32, 1), (34, 0), (35, 1), (37, 0), (38, 1), (40, 0), (43, 0), (44, 2), (46, 0), (47, 1), (49, 0), (50, 1), (52, 0), (53, 1), (55, 0), (56, 1), (58, 0), (59, 1), (61, 0), (62, 1), (64, 0), (65, 1), (67, 0), (68, 1), (70, 0), (71, 1), (73, 0), (74, 1), (76, 0), (77, 1), (79, 0), (80, 1), (83, 1), (85, 1), (86, 1), (88, 0), (89, 1), (91, 0), (92, 1), (94, 0), (95, 1), (97, 0), (98, 1), (100, 0), (101, 1), (103, 0), (104, 1), (106, 0), (107, 1), (109, 0), (110, 1), (112, 0), (113, 1), (115, 0), (116, 1), (118, 0), (119, 1), (121, 0), (122, 1)]
 m=124 phi= 60 mu= 0 sqfree=0 rank= 30 Qspan=0 Zlat=0  NEVER (X>m): target not in step lattice
 m=125 phi=100 mu= 0 sqfree=0 rank= 80 Qspan=0 Zlat=0  NEVER (X>m): target not in step lattice
 m=126 phi= 36 mu= 0 sqfree=0 rank= 24 Qspan=0 Zlat=0  NEVER (X>m): target not in step lattice
 m=127 phi=126 mu=-1 sqfree=1 rank=126 Qspan=1 Zlat=1  FINITE: forced counts [(1, 1), (2, 1), (3, 1), (4, 1), (5, 1), (6, 1), (7, 1), (8, 1), (9, 1), (10, 1), (11, 1), (12, 1), (13, 1), (14, 1), (15, 1), (16, 1), (17, 1), (18, 1), (19, 1), (20, 1), (21, 1), (22, 1), (23, 1), (24, 1), (25, 1), (26, 1), (27, 1), (28, 1), (29, 1), (30, 1), (31, 1), (32, 1), (33, 1), (34, 1), (35, 1), (36, 1), (37, 1), (38, 1), (39, 1), (40, 1), (41, 1), (42, 1), (43, 1), (44, 1), (45, 1), (46, 1), (47, 1), (48, 1), (49, 1), (50, 1), (51, 1), (52, 1), (53, 1), (54, 1), (55, 1), (56, 1), (57, 1), (58, 1), (59, 1), (60, 1), (61, 1), (62, 1), (63, 1), (64, 1), (65, 1), (66, 1), (67, 1), (68, 1), (69, 1), (70, 1), (71, 1), (72, 1), (73, 1), (74, 1), (75, 1), (76, 1), (77, 1), (78, 1), (79, 1), (80, 1), (81, 1), (82, 1), (83, 1), (84, 1), (85, 1), (86, 1), (87, 1), (88, 1), (89, 1), (90, 1), (91, 1), (92, 1), (93, 1), (94, 1), (95, 1), (96, 1), (97, 1), (98, 1), (99, 1), (100, 1), (101, 1), (102, 1), (103, 1), (104, 1), (105, 1), (106, 1), (107, 1), (108, 1), (109, 1), (110, 1), (111, 1), (112, 1), (113, 1), (114, 1), (115, 1), (116, 1), (117, 1), (118, 1), (119, 1), (120, 1), (121, 1), (122, 1), (123, 1), (124, 1), (125, 1), (126, 1)]
 m=128 phi= 64 mu= 0 sqfree=0 rank= 32 Qspan=0 Zlat=0  NEVER (X>m): target not in step lattice
 m=129 phi= 84 mu= 1 sqfree=1 rank= 84 Qspan=1 Zlat=1  FINITE: forced counts [(1, 1), (2, 0), (4, 1), (5, 0), (7, 1), (8, 0), (10, 1), (11, 0), (13, 1), (14, 0), (16, 1), (17, 0), (19, 1), (20, 0), (22, 1), (23, 0), (25, 1), (26, 0), (28, 1), (29, 0), (31, 1), (32, 0), (34, 1), (35, 0), (37, 1), (38, 0), (40, 1), (41, 0), (44, 0), (46, 2), (47, 0), (49, 1), (50, 0), (52, 1), (53, 0), (55, 1), (56, 0), (58, 1), (59, 0), (61, 1), (62, 0), (64, 1), (65, 0), (67, 1), (68, 0), (70, 1), (71, 0), (73, 1), (74, 0), (76, 1), (77, 0), (79, 1), (80, 0), (82, 1), (83, 0), (85, 1), (88, 1), (89, 1), (91, 1), (92, 0), (94, 1), (95, 0), (97, 1), (98, 0), (100, 1), (101, 0), (103, 1), (104, 0), (106, 1), (107, 0), (109, 1), (110, 0), (112, 1), (113, 0), (115, 1), (116, 0), (118, 1), (119, 0), (121, 1), (122, 0), (124, 1), (125, 0), (127, 1), (128, 0)]
 m=130 phi= 48 mu=-1 sqfree=1 rank= 48 Qspan=1 Zlat=1  FINITE: forced counts [(1, 0), (3, 1), (7, 0), (9, 0), (11, 0), (17, 0), (19, 0), (21, 0), (23, 1), (27, 0), (29, 0), (31, 1), (33, 1), (37, 0), (41, 0), (43, 1), (47, 0), (49, 0), (51, 0), (53, 1), (57, 1), (59, 0), (61, 0), (63, 1), (67, 1), (69, 0), (71, 0), (73, 1), (77, 0), (79, 0), (81, 0), (83, 2), (87, 0), (89, 0), (93, 1), (97, 0), (99, 0), (101, 0), (103, 1), (107, 0), (109, 1), (111, 0), (113, 1), (119, 0), (121, 0), (123, 1), (127, 0), (129, 0)]
 m=131 phi=130 mu=-1 sqfree=1 rank=130 Qspan=1 Zlat=1  FINITE: forced counts [(1, 1), (2, 1), (3, 1), (4, 1), (5, 1), (6, 1), (7, 1), (8, 1), (9, 1), (10, 1), (11, 1), (12, 1), (13, 1), (14, 1), (15, 1), (16, 1), (17, 1), (18, 1), (19, 1), (20, 1), (21, 1), (22, 1), (23, 1), (24, 1), (25, 1), (26, 1), (27, 1), (28, 1), (29, 1), (30, 1), (31, 1), (32, 1), (33, 1), (34, 1), (35, 1), (36, 1), (37, 1), (38, 1), (39, 1), (40, 1), (41, 1), (42, 1), (43, 1), (44, 1), (45, 1), (46, 1), (47, 1), (48, 1), (49, 1), (50, 1), (51, 1), (52, 1), (53, 1), (54, 1), (55, 1), (56, 1), (57, 1), (58, 1), (59, 1), (60, 1), (61, 1), (62, 1), (63, 1), (64, 1), (65, 1), (66, 1), (67, 1), (68, 1), (69, 1), (70, 1), (71, 1), (72, 1), (73, 1), (74, 1), (75, 1), (76, 1), (77, 1), (78, 1), (79, 1), (80, 1), (81, 1), (82, 1), (83, 1), (84, 1), (85, 1), (86, 1), (87, 1), (88, 1), (89, 1), (90, 1), (91, 1), (92, 1), (93, 1), (94, 1), (95, 1), (96, 1), (97, 1), (98, 1), (99, 1), (100, 1), (101, 1), (102, 1), (103, 1), (104, 1), (105, 1), (106, 1), (107, 1), (108, 1), (109, 1), (110, 1), (111, 1), (112, 1), (113, 1), (114, 1), (115, 1), (116, 1), (117, 1), (118, 1), (119, 1), (120, 1), (121, 1), (122, 1), (123, 1), (124, 1), (125, 1), (126, 1), (127, 1), (128, 1), (129, 1), (130, 1)]
 m=132 phi= 40 mu= 0 sqfree=0 rank= 20 Qspan=0 Zlat=0  NEVER (X>m): target not in step lattice
 m=133 phi=108 mu= 1 sqfree=1 rank=108 Qspan=1 Zlat=1  FINITE: forced counts [(1, 0), (2, 0), (3, 0), (4, 0), (5, 1), (6, 0), (8, 0), (9, 0), (10, 0), (11, 0), (12, 1), (13, 0), (15, 0), (16, 0), (17, 0), (18, 0), (20, 0), (22, 0), (23, 0), (24, 0), (25, 0), (26, 2), (27, 0), (29, 0), (30, 0), (31, 0), (32, 0), (33, 1), (34, 0), (36, 0), (37, 0), (39, 0), (40, 1), (41, 0), (43, 0), (44, 0), (45, 1), (46, 0), (47, 1), (48, 0), (50, 0), (51, 0), (52, 0), (53, 0), (54, 1), (55, 0), (58, 0), (59, 0), (60, 0), (61, 1), (62, 0), (64, 1), (65, 0), (66, 0), (67, 0), (68, 1), (69, 0), (71, 0), (72, 0), (73, 0), (74, 0), (75, 1), (78, 0), (79, 0), (80, 0), (81, 0), (82, 1), (83, 1), (85, 0), (86, 0), (87, 0), (88, 0), (89, 1), (90, 0), (92, 0), (93, 0), (94, 0), (96, 1), (97, 0), (99, 0), (100, 0), (101, 0), (102, 1), (103, 1), (104, 0), (106, 0), (107, 0), (108, 0), (109, 0), (110, 1), (111, 0), (113, 0), (115, 0), (116, 0), (117, 1), (118, 0), (120, 0), (121, 1), (122, 0), (123, 0), (124, 1), (125, 0), (127, 0), (128, 0), (129, 0), (130, 0), (131, 1), (132, 0)]
 m=134 phi= 66 mu= 1 sqfree=1 rank= 66 Qspan=1 Zlat=1  FINITE: forced counts [(1, 1), (3, 1), (5, 1), (7, 1), (9, 1), (11, 1), (13, 1), (15, 1), (17, 1), (19, 1), (21, 1), (23, 1), (25, 1), (27, 1), (29, 1), (31, 1), (33, 1), (35, 1), (37, 1), (39, 1), (41, 1), (43, 1), (45, 1), (47, 1), (49, 1), (51, 1), (53, 1), (55, 1), (57, 1), (59, 1), (61, 1), (63, 1), (65, 1), (69, 2), (71, 1), (73, 1), (75, 1), (77, 1), (79, 1), (81, 1), (83, 1), (85, 1), (87, 1), (89, 1), (91, 1), (93, 1), (95, 1), (97, 1), (99, 1), (101, 1), (103, 1), (105, 1), (107, 1), (109, 1), (111, 1), (113, 1), (115, 1), (117, 1), (119, 1), (121, 1), (123, 1), (125, 1), (127, 1), (129, 1), (131, 1), (133, 1)]
 m=135 phi= 72 mu= 0 sqfree=0 rank= 48 Qspan=0 Zlat=0  NEVER (X>m): target not in step lattice
 m=136 phi= 64 mu= 0 sqfree=0 rank= 32 Qspan=0 Zlat=0  NEVER (X>m): target not in step lattice
 m=137 phi=136 mu=-1 sqfree=1 rank=136 Qspan=1 Zlat=1  FINITE: forced counts [(1, 1), (2, 1), (3, 1), (4, 1), (5, 1), (6, 1), (7, 1), (8, 1), (9, 1), (10, 1), (11, 1), (12, 1), (13, 1), (14, 1), (15, 1), (16, 1), (17, 1), (18, 1), (19, 1), (20, 1), (21, 1), (22, 1), (23, 1), (24, 1), (25, 1), (26, 1), (27, 1), (28, 1), (29, 1), (30, 1), (31, 1), (32, 1), (33, 1), (34, 1), (35, 1), (36, 1), (37, 1), (38, 1), (39, 1), (40, 1), (41, 1), (42, 1), (43, 1), (44, 1), (45, 1), (46, 1), (47, 1), (48, 1), (49, 1), (50, 1), (51, 1), (52, 1), (53, 1), (54, 1), (55, 1), (56, 1), (57, 1), (58, 1), (59, 1), (60, 1), (61, 1), (62, 1), (63, 1), (64, 1), (65, 1), (66, 1), (67, 1), (68, 1), (69, 1), (70, 1), (71, 1), (72, 1), (73, 1), (74, 1), (75, 1), (76, 1), (77, 1), (78, 1), (79, 1), (80, 1), (81, 1), (82, 1), (83, 1), (84, 1), (85, 1), (86, 1), (87, 1), (88, 1), (89, 1), (90, 1), (91, 1), (92, 1), (93, 1), (94, 1), (95, 1), (96, 1), (97, 1), (98, 1), (99, 1), (100, 1), (101, 1), (102, 1), (103, 1), (104, 1), (105, 1), (106, 1), (107, 1), (108, 1), (109, 1), (110, 1), (111, 1), (112, 1), (113, 1), (114, 1), (115, 1), (116, 1), (117, 1), (118, 1), (119, 1), (120, 1), (121, 1), (122, 1), (123, 1), (124, 1), (125, 1), (126, 1), (127, 1), (128, 1), (129, 1), (130, 1), (131, 1), (132, 1), (133, 1), (134, 1), (135, 1), (136, 1)]
 m=138 phi= 44 mu=-1 sqfree=1 rank= 44 Qspan=1 Zlat=1  FINITE: forced counts [(1, 0), (5, 1), (7, 0), (11, 1), (13, 0), (17, 1), (19, 0), (25, 0), (29, 1), (31, 0), (35, 1), (37, 0), (41, 1), (43, 0), (47, 1), (49, 1), (53, 1), (55, 0), (59, 1), (61, 0), (65, 1), (67, 0), (71, 2), (73, 0), (77, 1), (79, 0), (83, 1), (85, 0), (89, 1), (91, 0), (95, 2), (97, 0), (101, 1), (103, 0), (107, 1), (109, 0), (113, 1), (119, 1), (121, 0), (125, 1), (127, 0), (131, 1), (133, 0), (137, 1)]
 m=139 phi=138 mu=-1 sqfree=1 rank=138 Qspan=1 Zlat=1  FINITE: forced counts [(1, 1), (2, 1), (3, 1), (4, 1), (5, 1), (6, 1), (7, 1), (8, 1), (9, 1), (10, 1), (11, 1), (12, 1), (13, 1), (14, 1), (15, 1), (16, 1), (17, 1), (18, 1), (19, 1), (20, 1), (21, 1), (22, 1), (23, 1), (24, 1), (25, 1), (26, 1), (27, 1), (28, 1), (29, 1), (30, 1), (31, 1), (32, 1), (33, 1), (34, 1), (35, 1), (36, 1), (37, 1), (38, 1), (39, 1), (40, 1), (41, 1), (42, 1), (43, 1), (44, 1), (45, 1), (46, 1), (47, 1), (48, 1), (49, 1), (50, 1), (51, 1), (52, 1), (53, 1), (54, 1), (55, 1), (56, 1), (57, 1), (58, 1), (59, 1), (60, 1), (61, 1), (62, 1), (63, 1), (64, 1), (65, 1), (66, 1), (67, 1), (68, 1), (69, 1), (70, 1), (71, 1), (72, 1), (73, 1), (74, 1), (75, 1), (76, 1), (77, 1), (78, 1), (79, 1), (80, 1), (81, 1), (82, 1), (83, 1), (84, 1), (85, 1), (86, 1), (87, 1), (88, 1), (89, 1), (90, 1), (91, 1), (92, 1), (93, 1), (94, 1), (95, 1), (96, 1), (97, 1), (98, 1), (99, 1), (100, 1), (101, 1), (102, 1), (103, 1), (104, 1), (105, 1), (106, 1), (107, 1), (108, 1), (109, 1), (110, 1), (111, 1), (112, 1), (113, 1), (114, 1), (115, 1), (116, 1), (117, 1), (118, 1), (119, 1), (120, 1), (121, 1), (122, 1), (123, 1), (124, 1), (125, 1), (126, 1), (127, 1), (128, 1), (129, 1), (130, 1), (131, 1), (132, 1), (133, 1), (134, 1), (135, 1), (136, 1), (137, 1), (138, 1)]
 m=140 phi= 48 mu= 0 sqfree=0 rank= 24 Qspan=0 Zlat=0  NEVER (X>m): target not in step lattice
 m=141 phi= 92 mu= 1 sqfree=1 rank= 92 Qspan=1 Zlat=1  FINITE: forced counts [(1, 0), (2, 1), (4, 0), (5, 1), (7, 0), (8, 1), (10, 0), (11, 1), (13, 0), (14, 1), (16, 0), (17, 1), (19, 0), (20, 1), (22, 0), (23, 1), (25, 0), (26, 1), (28, 0), (29, 1), (31, 0), (32, 1), (34, 0), (35, 1), (37, 0), (38, 1), (40, 0), (41, 1), (43, 0), (44, 1), (46, 0), (49, 0), (50, 2), (52, 0), (53, 1), (55, 0), (56, 1), (58, 0), (59, 1), (61, 0), (62, 1), (64, 0), (65, 1), (67, 0), (68, 1), (70, 0), (71, 1), (73, 0), (74, 1), (76, 0), (77, 1), (79, 0), (80, 1), (82, 0), (83, 1), (85, 0), (86, 1), (88, 0), (89, 1), (91, 0), (92, 1), (95, 1), (97, 1), (98, 1), (100, 0), (101, 1), (103, 0), (104, 1), (106, 0), (107, 1), (109, 0), (110, 1), (112, 0), (113, 1), (115, 0), (116, 1), (118, 0), (119, 1), (121, 0), (122, 1), (124, 0), (125, 1), (127, 0), (128, 1), (130, 0), (131, 1), (133, 0), (134, 1), (136, 0), (137, 1), (139, 0), (140, 1)]
 m=142 phi= 70 mu= 1 sqfree=1 rank= 70 Qspan=1 Zlat=1  FINITE: forced counts [(1, 1), (3, 1), (5, 1), (7, 1), (9, 1), (11, 1), (13, 1), (15, 1), (17, 1), (19, 1), (21, 1), (23, 1), (25, 1), (27, 1), (29, 1), (31, 1), (33, 1), (35, 1), (37, 1), (39, 1), (41, 1), (43, 1), (45, 1), (47, 1), (49, 1), (51, 1), (53, 1), (55, 1), (57, 1), (59, 1), (61, 1), (63, 1), (65, 1), (67, 1), (69, 1), (73, 2), (75, 1), (77, 1), (79, 1), (81, 1), (83, 1), (85, 1), (87, 1), (89, 1), (91, 1), (93, 1), (95, 1), (97, 1), (99, 1), (101, 1), (103, 1), (105, 1), (107, 1), (109, 1), (111, 1), (113, 1), (115, 1), (117, 1), (119, 1), (121, 1), (123, 1), (125, 1), (127, 1), (129, 1), (131, 1), (133, 1), (135, 1), (137, 1), (139, 1), (141, 1)]
 m=143 phi=120 mu= 1 sqfree=1 rank=120 Qspan=1 Zlat=1  FINITE: forced counts [(1, 0), (2, 1), (3, 0), (4, 0), (5, 0), (6, 0), (7, 0), (8, 0), (9, 0), (10, 0), (12, 0), (14, 0), (15, 0), (16, 0), (17, 0), (18, 0), (19, 0), (20, 0), (21, 0), (23, 0), (24, 2), (25, 0), (27, 0), (28, 0), (29, 0), (30, 0), (31, 0), (32, 0), (34, 0), (35, 1), (36, 0), (37, 1), (38, 0), (40, 0), (41, 0), (42, 0), (43, 0), (45, 0), (46, 1), (47, 0), (48, 0), (49, 0), (50, 1), (51, 0), (53, 0), (54, 0), (56, 0), (57, 1), (58, 0), (59, 0), (60, 0), (61, 0), (62, 0), (63, 1), (64, 0), (67, 0), (68, 1), (69, 0), (70, 0), (71, 0), (72, 0), (73, 0), (74, 0), (75, 0), (76, 1), (79, 1), (80, 0), (81, 0), (82, 0), (83, 0), (84, 0), (85, 0), (86, 0), (87, 0), (89, 1), (90, 1), (92, 0), (93, 0), (94, 0), (95, 0), (96, 0), (97, 0), (98, 0), (100, 0), (101, 1), (102, 1), (103, 0), (105, 0), (106, 0), (107, 0), (108, 0), (109, 0), (111, 0), (112, 1), (113, 0), (114, 0), (115, 1), (116, 0), (118, 0), (119, 0), (120, 0), (122, 0), (123, 1), (124, 0), (125, 0), (126, 0), (127, 0), (128, 1), (129, 0), (131, 0), (133, 0), (134, 1), (135, 0), (136, 0), (137, 0), (138, 0), (139, 0), (140, 0), (141, 1), (142, 0)]
 m=144 phi= 48 mu= 0 sqfree=0 rank= 16 Qspan=0 Zlat=0  NEVER (X>m): target not in step lattice
 m=145 phi=112 mu= 1 sqfree=1 rank=112 Qspan=1 Zlat=1  FINITE: forced counts [(1, 0), (2, 0), (3, 0), (4, 1), (6, 0), (7, 0), (8, 0), (9, 1), (11, 0), (12, 0), (13, 0), (14, 1), (16, 0), (17, 0), (18, 0), (19, 1), (21, 0), (22, 0), (23, 0), (24, 1), (26, 0), (27, 0), (28, 0), (31, 0), (32, 0), (33, 0), (34, 2), (36, 0), (37, 0), (38, 0), (39, 1), (41, 0), (42, 0), (43, 0), (44, 1), (46, 0), (47, 0), (48, 0), (49, 1), (51, 0), (52, 0), (53, 0), (54, 1), (56, 0), (57, 0), (59, 1), (61, 0), (62, 0), (63, 1), (64, 1), (66, 0), (67, 0), (68, 0), (69, 1), (71, 0), (72, 0), (73, 0), (74, 1), (76, 0), (77, 0), (78, 0), (79, 1), (81, 0), (82, 0), (83, 0), (84, 1), (86, 0), (88, 0), (89, 1), (91, 0), (92, 1), (93, 0), (94, 1), (96, 0), (97, 0), (98, 0), (99, 1), (101, 0), (102, 0), (103, 0), (104, 1), (106, 0), (107, 0), (108, 0), (109, 1), (111, 0), (112, 0), (113, 0), (114, 1), (117, 0), (118, 0), (119, 1), (121, 1), (122, 0), (123, 0), (124, 1), (126, 0), (127, 0), (128, 0), (129, 1), (131, 0), (132, 0), (133, 0), (134, 1), (136, 0), (137, 0), (138, 0), (139, 1), (141, 0), (142, 0), (143, 0), (144, 1)]
 m=146 phi= 72 mu= 1 sqfree=1 rank= 72 Qspan=1 Zlat=1  FINITE: forced counts [(1, 1), (3, 1), (5, 1), (7, 1), (9, 1), (11, 1), (13, 1), (15, 1), (17, 1), (19, 1), (21, 1), (23, 1), (25, 1), (27, 1), (29, 1), (31, 1), (33, 1), (35, 1), (37, 1), (39, 1), (41, 1), (43, 1), (45, 1), (47, 1), (49, 1), (51, 1), (53, 1), (55, 1), (57, 1), (59, 1), (61, 1), (63, 1), (65, 1), (67, 1), (69, 1), (71, 1), (75, 2), (77, 1), (79, 1), (81, 1), (83, 1), (85, 1), (87, 1), (89, 1), (91, 1), (93, 1), (95, 1), (97, 1), (99, 1), (101, 1), (103, 1), (105, 1), (107, 1), (109, 1), (111, 1), (113, 1), (115, 1), (117, 1), (119, 1), (121, 1), (123, 1), (125, 1), (127, 1), (129, 1), (131, 1), (133, 1), (135, 1), (137, 1), (139, 1), (141, 1), (143, 1), (145, 1)]
 m=147 phi= 84 mu= 0 sqfree=0 rank= 72 Qspan=0 Zlat=0  NEVER (X>m): target not in step lattice
 m=148 phi= 72 mu= 0 sqfree=0 rank= 36 Qspan=0 Zlat=0  NEVER (X>m): target not in step lattice
 m=149 phi=148 mu=-1 sqfree=1 rank=148 Qspan=1 Zlat=1  FINITE: forced counts [(1, 1), (2, 1), (3, 1), (4, 1), (5, 1), (6, 1), (7, 1), (8, 1), (9, 1), (10, 1), (11, 1), (12, 1), (13, 1), (14, 1), (15, 1), (16, 1), (17, 1), (18, 1), (19, 1), (20, 1), (21, 1), (22, 1), (23, 1), (24, 1), (25, 1), (26, 1), (27, 1), (28, 1), (29, 1), (30, 1), (31, 1), (32, 1), (33, 1), (34, 1), (35, 1), (36, 1), (37, 1), (38, 1), (39, 1), (40, 1), (41, 1), (42, 1), (43, 1), (44, 1), (45, 1), (46, 1), (47, 1), (48, 1), (49, 1), (50, 1), (51, 1), (52, 1), (53, 1), (54, 1), (55, 1), (56, 1), (57, 1), (58, 1), (59, 1), (60, 1), (61, 1), (62, 1), (63, 1), (64, 1), (65, 1), (66, 1), (67, 1), (68, 1), (69, 1), (70, 1), (71, 1), (72, 1), (73, 1), (74, 1), (75, 1), (76, 1), (77, 1), (78, 1), (79, 1), (80, 1), (81, 1), (82, 1), (83, 1), (84, 1), (85, 1), (86, 1), (87, 1), (88, 1), (89, 1), (90, 1), (91, 1), (92, 1), (93, 1), (94, 1), (95, 1), (96, 1), (97, 1), (98, 1), (99, 1), (100, 1), (101, 1), (102, 1), (103, 1), (104, 1), (105, 1), (106, 1), (107, 1), (108, 1), (109, 1), (110, 1), (111, 1), (112, 1), (113, 1), (114, 1), (115, 1), (116, 1), (117, 1), (118, 1), (119, 1), (120, 1), (121, 1), (122, 1), (123, 1), (124, 1), (125, 1), (126, 1), (127, 1), (128, 1), (129, 1), (130, 1), (131, 1), (132, 1), (133, 1), (134, 1), (135, 1), (136, 1), (137, 1), (138, 1), (139, 1), (140, 1), (141, 1), (142, 1), (143, 1), (144, 1), (145, 1), (146, 1), (147, 1), (148, 1)]
 m=150 phi= 40 mu= 0 sqfree=0 rank= 32 Qspan=0 Zlat=0  NEVER (X>m): target not in step lattice
 m=151 phi=150 mu=-1 sqfree=1 rank=150 Qspan=1 Zlat=1  FINITE: forced counts [(1, 1), (2, 1), (3, 1), (4, 1), (5, 1), (6, 1), (7, 1), (8, 1), (9, 1), (10, 1), (11, 1), (12, 1), (13, 1), (14, 1), (15, 1), (16, 1), (17, 1), (18, 1), (19, 1), (20, 1), (21, 1), (22, 1), (23, 1), (24, 1), (25, 1), (26, 1), (27, 1), (28, 1), (29, 1), (30, 1), (31, 1), (32, 1), (33, 1), (34, 1), (35, 1), (36, 1), (37, 1), (38, 1), (39, 1), (40, 1), (41, 1), (42, 1), (43, 1), (44, 1), (45, 1), (46, 1), (47, 1), (48, 1), (49, 1), (50, 1), (51, 1), (52, 1), (53, 1), (54, 1), (55, 1), (56, 1), (57, 1), (58, 1), (59, 1), (60, 1), (61, 1), (62, 1), (63, 1), (64, 1), (65, 1), (66, 1), (67, 1), (68, 1), (69, 1), (70, 1), (71, 1), (72, 1), (73, 1), (74, 1), (75, 1), (76, 1), (77, 1), (78, 1), (79, 1), (80, 1), (81, 1), (82, 1), (83, 1), (84, 1), (85, 1), (86, 1), (87, 1), (88, 1), (89, 1), (90, 1), (91, 1), (92, 1), (93, 1), (94, 1), (95, 1), (96, 1), (97, 1), (98, 1), (99, 1), (100, 1), (101, 1), (102, 1), (103, 1), (104, 1), (105, 1), (106, 1), (107, 1), (108, 1), (109, 1), (110, 1), (111, 1), (112, 1), (113, 1), (114, 1), (115, 1), (116, 1), (117, 1), (118, 1), (119, 1), (120, 1), (121, 1), (122, 1), (123, 1), (124, 1), (125, 1), (126, 1), (127, 1), (128, 1), (129, 1), (130, 1), (131, 1), (132, 1), (133, 1), (134, 1), (135, 1), (136, 1), (137, 1), (138, 1), (139, 1), (140, 1), (141, 1), (142, 1), (143, 1), (144, 1), (145, 1), (146, 1), (147, 1), (148, 1), (149, 1), (150, 1)]
 m=152 phi= 72 mu= 0 sqfree=0 rank= 36 Qspan=0 Zlat=0  NEVER (X>m): target not in step lattice
 m=153 phi= 96 mu= 0 sqfree=0 rank= 64 Qspan=0 Zlat=0  NEVER (X>m): target not in step lattice
 m=154 phi= 60 mu=-1 sqfree=1 rank= 60 Qspan=1 Zlat=1  FINITE: forced counts [(1, 0), (3, 0), (5, 0), (9, 0), (13, 0), (15, 0), (17, 0), (19, 0), (23, 0), (25, 1), (27, 0), (29, 1), (31, 0), (37, 0), (39, 1), (41, 0), (43, 0), (45, 0), (47, 0), (51, 1), (53, 1), (57, 0), (59, 0), (61, 0), (65, 0), (67, 1), (69, 0), (71, 0), (73, 1), (75, 0), (79, 1), (81, 1), (83, 0), (85, 0), (87, 0), (89, 0), (93, 0), (95, 2), (97, 0), (101, 0), (103, 0), (107, 0), (109, 1), (111, 0), (113, 0), (115, 0), (117, 1), (123, 1), (125, 0), (127, 0), (129, 0), (131, 0), (135, 0), (137, 1), (139, 1), (141, 0), (145, 0), (149, 0), (151, 1), (153, 0)]
 m=155 phi=120 mu= 1 sqfree=1 rank=120 Qspan=1 Zlat=1  FINITE: forced counts [(1, 1), (2, 0), (3, 0), (4, 0), (6, 1), (7, 0), (8, 0), (9, 0), (11, 1), (12, 0), (13, 0), (14, 0), (16, 1), (17, 0), (18, 0), (19, 0), (21, 1), (22, 0), (23, 0), (24, 0), (26, 1), (27, 0), (28, 0), (29, 0), (32, 0), (33, 0), (34, 0), (36, 2), (37, 0), (38, 0), (39, 0), (41, 1), (42, 0), (43, 0), (44, 0), (46, 1), (47, 0), (48, 0), (49, 0), (51, 1), (52, 0), (53, 0), (54, 0), (56, 1), (57, 0), (58, 0), (59, 0), (61, 1), (63, 0), (64, 0), (66, 1), (67, 1), (68, 0), (69, 0), (71, 1), (72, 0), (73, 0), (74, 0), (76, 1), (77, 0), (78, 0), (79, 0), (81, 1), (82, 0), (83, 0), (84, 0), (86, 1), (87, 0), (88, 0), (89, 0), (91, 1), (92, 0), (94, 0), (96, 1), (97, 0), (98, 1), (99, 0), (101, 1), (102, 0), (103, 0), (104, 0), (106, 1), (107, 0), (108, 0), (109, 0), (111, 1), (112, 0), (113, 0), (114, 0), (116, 1), (117, 0), (118, 0), (119, 0), (121, 1), (122, 0), (123, 0), (126, 1), (127, 0), (128, 0), (129, 1), (131, 1), (132, 0), (133, 0), (134, 0), (136, 1), (137, 0), (138, 0), (139, 0), (141, 1), (142, 0), (143, 0), (144, 0), (146, 1), (147, 0), (148, 0), (149, 0), (151, 1), (152, 0), (153, 0), (154, 0)]
 m=156 phi= 48 mu= 0 sqfree=0 rank= 24 Qspan=0 Zlat=0  NEVER (X>m): target not in step lattice
 m=157 phi=156 mu=-1 sqfree=1 rank=156 Qspan=1 Zlat=1  FINITE: forced counts [(1, 1), (2, 1), (3, 1), (4, 1), (5, 1), (6, 1), (7, 1), (8, 1), (9, 1), (10, 1), (11, 1), (12, 1), (13, 1), (14, 1), (15, 1), (16, 1), (17, 1), (18, 1), (19, 1), (20, 1), (21, 1), (22, 1), (23, 1), (24, 1), (25, 1), (26, 1), (27, 1), (28, 1), (29, 1), (30, 1), (31, 1), (32, 1), (33, 1), (34, 1), (35, 1), (36, 1), (37, 1), (38, 1), (39, 1), (40, 1), (41, 1), (42, 1), (43, 1), (44, 1), (45, 1), (46, 1), (47, 1), (48, 1), (49, 1), (50, 1), (51, 1), (52, 1), (53, 1), (54, 1), (55, 1), (56, 1), (57, 1), (58, 1), (59, 1), (60, 1), (61, 1), (62, 1), (63, 1), (64, 1), (65, 1), (66, 1), (67, 1), (68, 1), (69, 1), (70, 1), (71, 1), (72, 1), (73, 1), (74, 1), (75, 1), (76, 1), (77, 1), (78, 1), (79, 1), (80, 1), (81, 1), (82, 1), (83, 1), (84, 1), (85, 1), (86, 1), (87, 1), (88, 1), (89, 1), (90, 1), (91, 1), (92, 1), (93, 1), (94, 1), (95, 1), (96, 1), (97, 1), (98, 1), (99, 1), (100, 1), (101, 1), (102, 1), (103, 1), (104, 1), (105, 1), (106, 1), (107, 1), (108, 1), (109, 1), (110, 1), (111, 1), (112, 1), (113, 1), (114, 1), (115, 1), (116, 1), (117, 1), (118, 1), (119, 1), (120, 1), (121, 1), (122, 1), (123, 1), (124, 1), (125, 1), (126, 1), (127, 1), (128, 1), (129, 1), (130, 1), (131, 1), (132, 1), (133, 1), (134, 1), (135, 1), (136, 1), (137, 1), (138, 1), (139, 1), (140, 1), (141, 1), (142, 1), (143, 1), (144, 1), (145, 1), (146, 1), (147, 1), (148, 1), (149, 1), (150, 1), (151, 1), (152, 1), (153, 1), (154, 1), (155, 1), (156, 1)]
 m=158 phi= 78 mu= 1 sqfree=1 rank= 78 Qspan=1 Zlat=1  FINITE: forced counts [(1, 1), (3, 1), (5, 1), (7, 1), (9, 1), (11, 1), (13, 1), (15, 1), (17, 1), (19, 1), (21, 1), (23, 1), (25, 1), (27, 1), (29, 1), (31, 1), (33, 1), (35, 1), (37, 1), (39, 1), (41, 1), (43, 1), (45, 1), (47, 1), (49, 1), (51, 1), (53, 1), (55, 1), (57, 1), (59, 1), (61, 1), (63, 1), (65, 1), (67, 1), (69, 1), (71, 1), (73, 1), (75, 1), (77, 1), (81, 2), (83, 1), (85, 1), (87, 1), (89, 1), (91, 1), (93, 1), (95, 1), (97, 1), (99, 1), (101, 1), (103, 1), (105, 1), (107, 1), (109, 1), (111, 1), (113, 1), (115, 1), (117, 1), (119, 1), (121, 1), (123, 1), (125, 1), (127, 1), (129, 1), (131, 1), (133, 1), (135, 1), (137, 1), (139, 1), (141, 1), (143, 1), (145, 1), (147, 1), (149, 1), (151, 1), (153, 1), (155, 1), (157, 1)]
 m=159 phi=104 mu= 1 sqfree=1 rank=104 Qspan=1 Zlat=1  FINITE: forced counts [(1, 0), (2, 1), (4, 0), (5, 1), (7, 0), (8, 1), (10, 0), (11, 1), (13, 0), (14, 1), (16, 0), (17, 1), (19, 0), (20, 1), (22, 0), (23, 1), (25, 0), (26, 1), (28, 0), (29, 1), (31, 0), (32, 1), (34, 0), (35, 1), (37, 0), (38, 1), (40, 0), (41, 1), (43, 0), (44, 1), (46, 0), (47, 1), (49, 0), (50, 1), (52, 0), (55, 0), (56, 2), (58, 0), (59, 1), (61, 0), (62, 1), (64, 0), (65, 1), (67, 0), (68, 1), (70, 0), (71, 1), (73, 0), (74, 1), (76, 0), (77, 1), (79, 0), (80, 1), (82, 0), (83, 1), (85, 0), (86, 1), (88, 0), (89, 1), (91, 0), (92, 1), (94, 0), (95, 1), (97, 0), (98, 1), (100, 0), (101, 1), (103, 0), (104, 1), (107, 1), (109, 1), (110, 1), (112, 0), (113, 1), (115, 0), (116, 1), (118, 0), (119, 1), (121, 0), (122, 1), (124, 0), (125, 1), (127, 0), (128, 1), (130, 0), (131, 1), (133, 0), (134, 1), (136, 0), (137, 1), (139, 0), (140, 1), (142, 0), (143, 1), (145, 0), (146, 1), (148, 0), (149, 1), (151, 0), (152, 1), (154, 0), (155, 1), (157, 0), (158, 1)]
 m=160 phi= 64 mu= 0 sqfree=0 rank= 32 Qspan=0 Zlat=0  NEVER (X>m): target not in step lattice
 m=161 phi=132 mu= 1 sqfree=1 rank=132 Qspan=1 Zlat=1  FINITE: forced counts [(1, 0), (2, 1), (3, 0), (4, 0), (5, 0), (6, 0), (8, 0), (9, 1), (10, 0), (11, 0), (12, 0), (13, 0), (15, 0), (16, 1), (17, 0), (18, 0), (19, 0), (20, 0), (22, 0), (24, 0), (25, 0), (26, 0), (27, 0), (29, 0), (30, 2), (31, 0), (32, 0), (33, 0), (34, 0), (36, 0), (37, 1), (38, 0), (39, 0), (40, 0), (41, 0), (43, 0), (44, 1), (45, 0), (47, 0), (48, 0), (50, 0), (51, 1), (52, 0), (53, 1), (54, 0), (55, 0), (57, 0), (58, 1), (59, 0), (60, 0), (61, 0), (62, 0), (64, 0), (65, 1), (66, 0), (67, 0), (68, 0), (71, 0), (72, 1), (73, 0), (74, 0), (75, 0), (76, 1), (78, 0), (79, 1), (80, 0), (81, 0), (82, 0), (83, 0), (85, 0), (86, 1), (87, 0), (88, 0), (89, 0), (90, 0), (93, 1), (94, 0), (95, 0), (96, 0), (97, 0), (99, 1), (100, 1), (101, 0), (102, 0), (103, 0), (104, 0), (106, 0), (107, 1), (108, 0), (109, 0), (110, 0), (111, 0), (113, 0), (114, 1), (116, 0), (117, 0), (118, 0), (120, 0), (121, 1), (122, 1), (123, 0), (124, 0), (125, 0), (127, 0), (128, 1), (129, 0), (130, 0), (131, 0), (132, 0), (134, 0), (135, 1), (136, 0), (137, 0), (139, 0), (141, 0), (142, 1), (143, 0), (144, 0), (145, 1), (146, 0), (148, 0), (149, 1), (150, 0), (151, 0), (152, 0), (153, 0), (155, 0), (156, 1), (157, 0), (158, 0), (159, 0), (160, 0)]
 m=162 phi= 54 mu= 0 sqfree=0 rank= 36 Qspan=0 Zlat=0  NEVER (X>m): target not in step lattice
 m=163 phi=162 mu=-1 sqfree=1 rank=162 Qspan=1 Zlat=1  FINITE: forced counts [(1, 1), (2, 1), (3, 1), (4, 1), (5, 1), (6, 1), (7, 1), (8, 1), (9, 1), (10, 1), (11, 1), (12, 1), (13, 1), (14, 1), (15, 1), (16, 1), (17, 1), (18, 1), (19, 1), (20, 1), (21, 1), (22, 1), (23, 1), (24, 1), (25, 1), (26, 1), (27, 1), (28, 1), (29, 1), (30, 1), (31, 1), (32, 1), (33, 1), (34, 1), (35, 1), (36, 1), (37, 1), (38, 1), (39, 1), (40, 1), (41, 1), (42, 1), (43, 1), (44, 1), (45, 1), (46, 1), (47, 1), (48, 1), (49, 1), (50, 1), (51, 1), (52, 1), (53, 1), (54, 1), (55, 1), (56, 1), (57, 1), (58, 1), (59, 1), (60, 1), (61, 1), (62, 1), (63, 1), (64, 1), (65, 1), (66, 1), (67, 1), (68, 1), (69, 1), (70, 1), (71, 1), (72, 1), (73, 1), (74, 1), (75, 1), (76, 1), (77, 1), (78, 1), (79, 1), (80, 1), (81, 1), (82, 1), (83, 1), (84, 1), (85, 1), (86, 1), (87, 1), (88, 1), (89, 1), (90, 1), (91, 1), (92, 1), (93, 1), (94, 1), (95, 1), (96, 1), (97, 1), (98, 1), (99, 1), (100, 1), (101, 1), (102, 1), (103, 1), (104, 1), (105, 1), (106, 1), (107, 1), (108, 1), (109, 1), (110, 1), (111, 1), (112, 1), (113, 1), (114, 1), (115, 1), (116, 1), (117, 1), (118, 1), (119, 1), (120, 1), (121, 1), (122, 1), (123, 1), (124, 1), (125, 1), (126, 1), (127, 1), (128, 1), (129, 1), (130, 1), (131, 1), (132, 1), (133, 1), (134, 1), (135, 1), (136, 1), (137, 1), (138, 1), (139, 1), (140, 1), (141, 1), (142, 1), (143, 1), (144, 1), (145, 1), (146, 1), (147, 1), (148, 1), (149, 1), (150, 1), (151, 1), (152, 1), (153, 1), (154, 1), (155, 1), (156, 1), (157, 1), (158, 1), (159, 1), (160, 1), (161, 1), (162, 1)]
 m=164 phi= 80 mu= 0 sqfree=0 rank= 40 Qspan=0 Zlat=0  NEVER (X>m): target not in step lattice
 m=165 phi= 80 mu=-1 sqfree=1 rank= 80 Qspan=1 Zlat=1  FINITE: forced counts [(1, 0), (2, 0), (4, 0), (7, 0), (8, 0), (13, 0), (14, 0), (16, 0), (17, 0), (19, 0), (23, 0), (26, 1), (28, 0), (29, 0), (31, 0), (32, 0), (34, 0), (37, 0), (38, 1), (41, 1), (43, 0), (46, 0), (47, 0), (49, 0), (52, 0), (53, 0), (56, 1), (58, 1), (59, 0), (61, 0), (62, 0), (64, 0), (67, 0), (68, 0), (71, 2), (73, 0), (74, 0), (76, 0), (79, 0), (82, 0), (83, 0), (86, 1), (89, 0), (91, 0), (92, 0), (94, 0), (97, 0), (98, 0), (101, 1), (103, 0), (104, 1), (106, 0), (107, 0), (109, 0), (112, 0), (113, 1), (116, 1), (118, 0), (119, 0), (122, 0), (124, 0), (127, 0), (128, 0), (131, 1), (133, 0), (134, 0), (136, 0), (137, 1), (139, 0), (142, 0), (146, 1), (148, 0), (149, 0), (151, 0), (152, 0), (157, 0), (158, 0), (161, 1), (163, 0), (164, 0)]
 m=166 phi= 82 mu= 1 sqfree=1 rank= 82 Qspan=1 Zlat=1  FINITE: forced counts [(1, 1), (3, 1), (5, 1), (7, 1), (9, 1), (11, 1), (13, 1), (15, 1), (17, 1), (19, 1), (21, 1), (23, 1), (25, 1), (27, 1), (29, 1), (31, 1), (33, 1), (35, 1), (37, 1), (39, 1), (41, 1), (43, 1), (45, 1), (47, 1), (49, 1), (51, 1), (53, 1), (55, 1), (57, 1), (59, 1), (61, 1), (63, 1), (65, 1), (67, 1), (69, 1), (71, 1), (73, 1), (75, 1), (77, 1), (79, 1), (81, 1), (85, 2), (87, 1), (89, 1), (91, 1), (93, 1), (95, 1), (97, 1), (99, 1), (101, 1), (103, 1), (105, 1), (107, 1), (109, 1), (111, 1), (113, 1), (115, 1), (117, 1), (119, 1), (121, 1), (123, 1), (125, 1), (127, 1), (129, 1), (131, 1), (133, 1), (135, 1), (137, 1), (139, 1), (141, 1), (143, 1), (145, 1), (147, 1), (149, 1), (151, 1), (153, 1), (155, 1), (157, 1), (159, 1), (161, 1), (163, 1), (165, 1)]
 m=167 phi=166 mu=-1 sqfree=1 rank=166 Qspan=1 Zlat=1  FINITE: forced counts [(1, 1), (2, 1), (3, 1), (4, 1), (5, 1), (6, 1), (7, 1), (8, 1), (9, 1), (10, 1), (11, 1), (12, 1), (13, 1), (14, 1), (15, 1), (16, 1), (17, 1), (18, 1), (19, 1), (20, 1), (21, 1), (22, 1), (23, 1), (24, 1), (25, 1), (26, 1), (27, 1), (28, 1), (29, 1), (30, 1), (31, 1), (32, 1), (33, 1), (34, 1), (35, 1), (36, 1), (37, 1), (38, 1), (39, 1), (40, 1), (41, 1), (42, 1), (43, 1), (44, 1), (45, 1), (46, 1), (47, 1), (48, 1), (49, 1), (50, 1), (51, 1), (52, 1), (53, 1), (54, 1), (55, 1), (56, 1), (57, 1), (58, 1), (59, 1), (60, 1), (61, 1), (62, 1), (63, 1), (64, 1), (65, 1), (66, 1), (67, 1), (68, 1), (69, 1), (70, 1), (71, 1), (72, 1), (73, 1), (74, 1), (75, 1), (76, 1), (77, 1), (78, 1), (79, 1), (80, 1), (81, 1), (82, 1), (83, 1), (84, 1), (85, 1), (86, 1), (87, 1), (88, 1), (89, 1), (90, 1), (91, 1), (92, 1), (93, 1), (94, 1), (95, 1), (96, 1), (97, 1), (98, 1), (99, 1), (100, 1), (101, 1), (102, 1), (103, 1), (104, 1), (105, 1), (106, 1), (107, 1), (108, 1), (109, 1), (110, 1), (111, 1), (112, 1), (113, 1), (114, 1), (115, 1), (116, 1), (117, 1), (118, 1), (119, 1), (120, 1), (121, 1), (122, 1), (123, 1), (124, 1), (125, 1), (126, 1), (127, 1), (128, 1), (129, 1), (130, 1), (131, 1), (132, 1), (133, 1), (134, 1), (135, 1), (136, 1), (137, 1), (138, 1), (139, 1), (140, 1), (141, 1), (142, 1), (143, 1), (144, 1), (145, 1), (146, 1), (147, 1), (148, 1), (149, 1), (150, 1), (151, 1), (152, 1), (153, 1), (154, 1), (155, 1), (156, 1), (157, 1), (158, 1), (159, 1), (160, 1), (161, 1), (162, 1), (163, 1), (164, 1), (165, 1), (166, 1)]
 m=168 phi= 48 mu= 0 sqfree=0 rank= 24 Qspan=0 Zlat=0  NEVER (X>m): target not in step lattice
 m=169 phi=156 mu= 0 sqfree=0 rank=144 Qspan=0 Zlat=0  NEVER (X>m): target not in step lattice
 m=170 phi= 64 mu=-1 sqfree=1 rank= 64 Qspan=1 Zlat=1  FINITE: forced counts [(1, 0), (3, 0), (7, 1), (9, 0), (11, 0), (13, 0), (19, 0), (21, 0), (23, 0), (27, 1), (29, 0), (31, 0), (33, 0), (37, 1), (39, 1), (41, 0), (43, 0), (47, 1), (49, 0), (53, 0), (57, 1), (59, 0), (61, 0), (63, 0), (67, 1), (69, 0), (71, 0), (73, 1), (77, 1), (79, 0), (81, 0), (83, 0), (87, 2), (89, 0), (91, 0), (93, 0), (97, 1), (99, 0), (101, 0), (103, 0), (107, 2), (109, 0), (111, 0), (113, 0), (117, 1), (121, 0), (123, 0), (127, 1), (129, 0), (131, 0), (133, 0), (137, 1), (139, 0), (141, 1), (143, 0), (147, 1), (149, 0), (151, 0), (157, 1), (159, 0), (161, 0), (163, 0), (167, 1), (169, 0)]
 m=171 phi=108 mu= 0 sqfree=0 rank= 72 Qspan=0 Zlat=0  NEVER (X>m): target not in step lattice
 m=172 phi= 84 mu= 0 sqfree=0 rank= 42 Qspan=0 Zlat=0  NEVER (X>m): target not in step lattice
 m=173 phi=172 mu=-1 sqfree=1 rank=172 Qspan=1 Zlat=1  FINITE: forced counts [(1, 1), (2, 1), (3, 1), (4, 1), (5, 1), (6, 1), (7, 1), (8, 1), (9, 1), (10, 1), (11, 1), (12, 1), (13, 1), (14, 1), (15, 1), (16, 1), (17, 1), (18, 1), (19, 1), (20, 1), (21, 1), (22, 1), (23, 1), (24, 1), (25, 1), (26, 1), (27, 1), (28, 1), (29, 1), (30, 1), (31, 1), (32, 1), (33, 1), (34, 1), (35, 1), (36, 1), (37, 1), (38, 1), (39, 1), (40, 1), (41, 1), (42, 1), (43, 1), (44, 1), (45, 1), (46, 1), (47, 1), (48, 1), (49, 1), (50, 1), (51, 1), (52, 1), (53, 1), (54, 1), (55, 1), (56, 1), (57, 1), (58, 1), (59, 1), (60, 1), (61, 1), (62, 1), (63, 1), (64, 1), (65, 1), (66, 1), (67, 1), (68, 1), (69, 1), (70, 1), (71, 1), (72, 1), (73, 1), (74, 1), (75, 1), (76, 1), (77, 1), (78, 1), (79, 1), (80, 1), (81, 1), (82, 1), (83, 1), (84, 1), (85, 1), (86, 1), (87, 1), (88, 1), (89, 1), (90, 1), (91, 1), (92, 1), (93, 1), (94, 1), (95, 1), (96, 1), (97, 1), (98, 1), (99, 1), (100, 1), (101, 1), (102, 1), (103, 1), (104, 1), (105, 1), (106, 1), (107, 1), (108, 1), (109, 1), (110, 1), (111, 1), (112, 1), (113, 1), (114, 1), (115, 1), (116, 1), (117, 1), (118, 1), (119, 1), (120, 1), (121, 1), (122, 1), (123, 1), (124, 1), (125, 1), (126, 1), (127, 1), (128, 1), (129, 1), (130, 1), (131, 1), (132, 1), (133, 1), (134, 1), (135, 1), (136, 1), (137, 1), (138, 1), (139, 1), (140, 1), (141, 1), (142, 1), (143, 1), (144, 1), (145, 1), (146, 1), (147, 1), (148, 1), (149, 1), (150, 1), (151, 1), (152, 1), (153, 1), (154, 1), (155, 1), (156, 1), (157, 1), (158, 1), (159, 1), (160, 1), (161, 1), (162, 1), (163, 1), (164, 1), (165, 1), (166, 1), (167, 1), (168, 1), (169, 1), (170, 1), (171, 1), (172, 1)]
 m=174 phi= 56 mu=-1 sqfree=1 rank= 56 Qspan=1 Zlat=1  FINITE: forced counts [(1, 0), (5, 1), (7, 0), (11, 1), (13, 0), (17, 1), (19, 0), (23, 1), (25, 0), (31, 0), (35, 1), (37, 0), (41, 1), (43, 0), (47, 1), (49, 0), (53, 1), (55, 0), (59, 1), (61, 1), (65, 1), (67, 0), (71, 1), (73, 0), (77, 1), (79, 0), (83, 1), (85, 0), (89, 2), (91, 0), (95, 1), (97, 0), (101, 1), (103, 0), (107, 1), (109, 0), (113, 1), (115, 0), (119, 2), (121, 0), (125, 1), (127, 0), (131, 1), (133, 0), (137, 1), (139, 0), (143, 1), (149, 1), (151, 0), (155, 1), (157, 0), (161, 1), (163, 0), (167, 1), (169, 0), (173, 1)]
 m=175 phi=120 mu= 0 sqfree=0 rank= 96 Qspan=0 Zlat=0  NEVER (X>m): target not in step lattice
 m=176 phi= 80 mu= 0 sqfree=0 rank= 40 Qspan=0 Zlat=0  NEVER (X>m): target not in step lattice
 m=177 phi=116 mu= 1 sqfree=1 rank=116 Qspan=1 Zlat=1  FINITE: forced counts [(1, 0), (2, 1), (4, 0), (5, 1), (7, 0), (8, 1), (10, 0), (11, 1), (13, 0), (14, 1), (16, 0), (17, 1), (19, 0), (20, 1), (22, 0), (23, 1), (25, 0), (26, 1), (28, 0), (29, 1), (31, 0), (32, 1), (34, 0), (35, 1), (37, 0), (38, 1), (40, 0), (41, 1), (43, 0), (44, 1), (46, 0), (47, 1), (49, 0), (50, 1), (52, 0), (53, 1), (55, 0), (56, 1), (58, 0), (61, 0), (62, 2), (64, 0), (65, 1), (67, 0), (68, 1), (70, 0), (71, 1), (73, 0), (74, 1), (76, 0), (77, 1), (79, 0), (80, 1), (82, 0), (83, 1), (85, 0), (86, 1), (88, 0), (89, 1), (91, 0), (92, 1), (94, 0), (95, 1), (97, 0), (98, 1), (100, 0), (101, 1), (103, 0), (104, 1), (106, 0), (107, 1), (109, 0), (110, 1), (112, 0), (113, 1), (115, 0), (116, 1), (119, 1), (121, 1), (122, 1), (124, 0), (125, 1), (127, 0), (128, 1), (130, 0), (131, 1), (133, 0), (134, 1), (136, 0), (137, 1), (139, 0), (140, 1), (142, 0), (143, 1), (145, 0), (146, 1), (148, 0), (149, 1), (151, 0), (152, 1), (154, 0), (155, 1), (157, 0), (158, 1), (160, 0), (161, 1), (163, 0), (164, 1), (166, 0), (167, 1), (169, 0), (170, 1), (172, 0), (173, 1), (175, 0), (176, 1)]
 m=178 phi= 88 mu= 1 sqfree=1 rank= 88 Qspan=1 Zlat=1  FINITE: forced counts [(1, 1), (3, 1), (5, 1), (7, 1), (9, 1), (11, 1), (13, 1), (15, 1), (17, 1), (19, 1), (21, 1), (23, 1), (25, 1), (27, 1), (29, 1), (31, 1), (33, 1), (35, 1), (37, 1), (39, 1), (41, 1), (43, 1), (45, 1), (47, 1), (49, 1), (51, 1), (53, 1), (55, 1), (57, 1), (59, 1), (61, 1), (63, 1), (65, 1), (67, 1), (69, 1), (71, 1), (73, 1), (75, 1), (77, 1), (79, 1), (81, 1), (83, 1), (85, 1), (87, 1), (91, 2), (93, 1), (95, 1), (97, 1), (99, 1), (101, 1), (103, 1), (105, 1), (107, 1), (109, 1), (111, 1), (113, 1), (115, 1), (117, 1), (119, 1), (121, 1), (123, 1), (125, 1), (127, 1), (129, 1), (131, 1), (133, 1), (135, 1), (137, 1), (139, 1), (141, 1), (143, 1), (145, 1), (147, 1), (149, 1), (151, 1), (153, 1), (155, 1), (157, 1), (159, 1), (161, 1), (163, 1), (165, 1), (167, 1), (169, 1), (171, 1), (173, 1), (175, 1), (177, 1)]
 m=179 phi=178 mu=-1 sqfree=1 rank=178 Qspan=1 Zlat=1  FINITE: forced counts [(1, 1), (2, 1), (3, 1), (4, 1), (5, 1), (6, 1), (7, 1), (8, 1), (9, 1), (10, 1), (11, 1), (12, 1), (13, 1), (14, 1), (15, 1), (16, 1), (17, 1), (18, 1), (19, 1), (20, 1), (21, 1), (22, 1), (23, 1), (24, 1), (25, 1), (26, 1), (27, 1), (28, 1), (29, 1), (30, 1), (31, 1), (32, 1), (33, 1), (34, 1), (35, 1), (36, 1), (37, 1), (38, 1), (39, 1), (40, 1), (41, 1), (42, 1), (43, 1), (44, 1), (45, 1), (46, 1), (47, 1), (48, 1), (49, 1), (50, 1), (51, 1), (52, 1), (53, 1), (54, 1), (55, 1), (56, 1), (57, 1), (58, 1), (59, 1), (60, 1), (61, 1), (62, 1), (63, 1), (64, 1), (65, 1), (66, 1), (67, 1), (68, 1), (69, 1), (70, 1), (71, 1), (72, 1), (73, 1), (74, 1), (75, 1), (76, 1), (77, 1), (78, 1), (79, 1), (80, 1), (81, 1), (82, 1), (83, 1), (84, 1), (85, 1), (86, 1), (87, 1), (88, 1), (89, 1), (90, 1), (91, 1), (92, 1), (93, 1), (94, 1), (95, 1), (96, 1), (97, 1), (98, 1), (99, 1), (100, 1), (101, 1), (102, 1), (103, 1), (104, 1), (105, 1), (106, 1), (107, 1), (108, 1), (109, 1), (110, 1), (111, 1), (112, 1), (113, 1), (114, 1), (115, 1), (116, 1), (117, 1), (118, 1), (119, 1), (120, 1), (121, 1), (122, 1), (123, 1), (124, 1), (125, 1), (126, 1), (127, 1), (128, 1), (129, 1), (130, 1), (131, 1), (132, 1), (133, 1), (134, 1), (135, 1), (136, 1), (137, 1), (138, 1), (139, 1), (140, 1), (141, 1), (142, 1), (143, 1), (144, 1), (145, 1), (146, 1), (147, 1), (148, 1), (149, 1), (150, 1), (151, 1), (152, 1), (153, 1), (154, 1), (155, 1), (156, 1), (157, 1), (158, 1), (159, 1), (160, 1), (161, 1), (162, 1), (163, 1), (164, 1), (165, 1), (166, 1), (167, 1), (168, 1), (169, 1), (170, 1), (171, 1), (172, 1), (173, 1), (174, 1), (175, 1), (176, 1), (177, 1), (178, 1)]
 m=180 phi= 48 mu= 0 sqfree=0 rank= 16 Qspan=0 Zlat=0  NEVER (X>m): target not in step lattice
 m=181 phi=180 mu=-1 sqfree=1 rank=180 Qspan=1 Zlat=1  FINITE: forced counts [(1, 1), (2, 1), (3, 1), (4, 1), (5, 1), (6, 1), (7, 1), (8, 1), (9, 1), (10, 1), (11, 1), (12, 1), (13, 1), (14, 1), (15, 1), (16, 1), (17, 1), (18, 1), (19, 1), (20, 1), (21, 1), (22, 1), (23, 1), (24, 1), (25, 1), (26, 1), (27, 1), (28, 1), (29, 1), (30, 1), (31, 1), (32, 1), (33, 1), (34, 1), (35, 1), (36, 1), (37, 1), (38, 1), (39, 1), (40, 1), (41, 1), (42, 1), (43, 1), (44, 1), (45, 1), (46, 1), (47, 1), (48, 1), (49, 1), (50, 1), (51, 1), (52, 1), (53, 1), (54, 1), (55, 1), (56, 1), (57, 1), (58, 1), (59, 1), (60, 1), (61, 1), (62, 1), (63, 1), (64, 1), (65, 1), (66, 1), (67, 1), (68, 1), (69, 1), (70, 1), (71, 1), (72, 1), (73, 1), (74, 1), (75, 1), (76, 1), (77, 1), (78, 1), (79, 1), (80, 1), (81, 1), (82, 1), (83, 1), (84, 1), (85, 1), (86, 1), (87, 1), (88, 1), (89, 1), (90, 1), (91, 1), (92, 1), (93, 1), (94, 1), (95, 1), (96, 1), (97, 1), (98, 1), (99, 1), (100, 1), (101, 1), (102, 1), (103, 1), (104, 1), (105, 1), (106, 1), (107, 1), (108, 1), (109, 1), (110, 1), (111, 1), (112, 1), (113, 1), (114, 1), (115, 1), (116, 1), (117, 1), (118, 1), (119, 1), (120, 1), (121, 1), (122, 1), (123, 1), (124, 1), (125, 1), (126, 1), (127, 1), (128, 1), (129, 1), (130, 1), (131, 1), (132, 1), (133, 1), (134, 1), (135, 1), (136, 1), (137, 1), (138, 1), (139, 1), (140, 1), (141, 1), (142, 1), (143, 1), (144, 1), (145, 1), (146, 1), (147, 1), (148, 1), (149, 1), (150, 1), (151, 1), (152, 1), (153, 1), (154, 1), (155, 1), (156, 1), (157, 1), (158, 1), (159, 1), (160, 1), (161, 1), (162, 1), (163, 1), (164, 1), (165, 1), (166, 1), (167, 1), (168, 1), (169, 1), (170, 1), (171, 1), (172, 1), (173, 1), (174, 1), (175, 1), (176, 1), (177, 1), (178, 1), (179, 1), (180, 1)]
 m=182 phi= 72 mu=-1 sqfree=1 rank= 72 Qspan=1 Zlat=1  FINITE: forced counts [(1, 0), (3, 0), (5, 0), (9, 0), (11, 0), (15, 0), (17, 0), (19, 0), (23, 0), (25, 0), (27, 1), (29, 0), (31, 0), (33, 1), (37, 0), (41, 1), (43, 0), (45, 0), (47, 0), (51, 0), (53, 0), (55, 1), (57, 0), (59, 1), (61, 0), (67, 0), (69, 1), (71, 0), (73, 0), (75, 0), (79, 0), (81, 0), (83, 1), (85, 1), (87, 0), (89, 0), (93, 1), (95, 0), (97, 1), (99, 0), (101, 0), (103, 0), (107, 0), (109, 0), (111, 2), (113, 0), (115, 0), (121, 0), (123, 0), (125, 1), (127, 0), (129, 0), (131, 0), (135, 0), (137, 1), (139, 1), (141, 0), (145, 0), (149, 0), (151, 0), (153, 1), (155, 0), (157, 0), (159, 0), (163, 1), (165, 0), (167, 1), (171, 0), (173, 0), (177, 0), (179, 0), (181, 1)]
 m=183 phi=120 mu= 1 sqfree=1 rank=120 Qspan=1 Zlat=1  FINITE: forced counts [(1, 1), (2, 0), (4, 1), (5, 0), (7, 1), (8, 0), (10, 1), (11, 0), (13, 1), (14, 0), (16, 1), (17, 0), (19, 1), (20, 0), (22, 1), (23, 0), (25, 1), (26, 0), (28, 1), (29, 0), (31, 1), (32, 0), (34, 1), (35, 0), (37, 1), (38, 0), (40, 1), (41, 0), (43, 1), (44, 0), (46, 1), (47, 0), (49, 1), (50, 0), (52, 1), (53, 0), (55, 1), (56, 0), (58, 1), (59, 0), (62, 0), (64, 2), (65, 0), (67, 1), (68, 0), (70, 1), (71, 0), (73, 1), (74, 0), (76, 1), (77, 0), (79, 1), (80, 0), (82, 1), (83, 0), (85, 1), (86, 0), (88, 1), (89, 0), (91, 1), (92, 0), (94, 1), (95, 0), (97, 1), (98, 0), (100, 1), (101, 0), (103, 1), (104, 0), (106, 1), (107, 0), (109, 1), (110, 0), (112, 1), (113, 0), (115, 1), (116, 0), (118, 1), (119, 0), (121, 1), (124, 1), (125, 1), (127, 1), (128, 0), (130, 1), (131, 0), (133, 1), (134, 0), (136, 1), (137, 0), (139, 1), (140, 0), (142, 1), (143, 0), (145, 1), (146, 0), (148, 1), (149, 0), (151, 1), (152, 0), (154, 1), (155, 0), (157, 1), (158, 0), (160, 1), (161, 0), (163, 1), (164, 0), (166, 1), (167, 0), (169, 1), (170, 0), (172, 1), (173, 0), (175, 1), (176, 0), (178, 1), (179, 0), (181, 1), (182, 0)]
 m=184 phi= 88 mu= 0 sqfree=0 rank= 44 Qspan=0 Zlat=0  NEVER (X>m): target not in step lattice
 m=185 phi=144 mu= 1 sqfree=1 rank=144 Qspan=1 Zlat=1  FINITE: forced counts [(1, 0), (2, 1), (3, 0), (4, 0), (6, 0), (7, 1), (8, 0), (9, 0), (11, 0), (12, 1), (13, 0), (14, 0), (16, 0), (17, 1), (18, 0), (19, 0), (21, 0), (22, 1), (23, 0), (24, 0), (26, 0), (27, 1), (28, 0), (29, 0), (31, 0), (32, 1), (33, 0), (34, 0), (36, 0), (38, 0), (39, 0), (41, 0), (42, 2), (43, 0), (44, 0), (46, 0), (47, 1), (48, 0), (49, 0), (51, 0), (52, 1), (53, 0), (54, 0), (56, 0), (57, 1), (58, 0), (59, 0), (61, 0), (62, 1), (63, 0), (64, 0), (66, 0), (67, 1), (68, 0), (69, 0), (71, 0), (72, 1), (73, 0), (76, 0), (77, 1), (78, 0), (79, 1), (81, 0), (82, 1), (83, 0), (84, 0), (86, 0), (87, 1), (88, 0), (89, 0), (91, 0), (92, 1), (93, 0), (94, 0), (96, 0), (97, 1), (98, 0), (99, 0), (101, 0), (102, 1), (103, 0), (104, 0), (106, 0), (107, 1), (108, 0), (109, 0), (112, 1), (113, 0), (114, 0), (116, 1), (117, 1), (118, 0), (119, 0), (121, 0), (122, 1), (123, 0), (124, 0), (126, 0), (127, 1), (128, 0), (129, 0), (131, 0), (132, 1), (133, 0), (134, 0), (136, 0), (137, 1), (138, 0), (139, 0), (141, 0), (142, 1), (143, 0), (144, 0), (146, 0), (147, 1), (149, 0), (151, 0), (152, 1), (153, 1), (154, 0), (156, 0), (157, 1), (158, 0), (159, 0), (161, 0), (162, 1), (163, 0), (164, 0), (166, 0), (167, 1), (168, 0), (169, 0), (171, 0), (172, 1), (173, 0), (174, 0), (176, 0), (177, 1), (178, 0), (179, 0), (181, 0), (182, 1), (183, 0), (184, 0)]
 m=186 phi= 60 mu=-1 sqfree=1 rank= 60 Qspan=1 Zlat=1  FINITE: forced counts [(1, 1), (5, 0), (7, 1), (11, 0), (13, 1), (17, 0), (19, 1), (23, 0), (25, 1), (29, 0), (35, 0), (37, 1), (41, 0), (43, 1), (47, 0), (49, 1), (53, 0), (55, 1), (59, 0), (61, 1), (65, 1), (67, 1), (71, 0), (73, 1), (77, 0), (79, 1), (83, 0), (85, 1), (89, 0), (91, 1), (95, 1), (97, 1), (101, 0), (103, 1), (107, 0), (109, 1), (113, 0), (115, 1), (119, 0), (121, 1), (125, 0), (127, 2), (131, 0), (133, 1), (137, 0), (139, 1), (143, 0), (145, 1), (149, 0), (151, 1), (157, 1), (161, 0), (163, 1), (167, 0), (169, 1), (173, 0), (175, 1), (179, 0), (181, 1), (185, 0)]
 m=187 phi=160 mu= 1 sqfree=1 rank=160 Qspan=1 Zlat=1  FINITE: forced counts [(1, 0), (2, 0), (3, 0), (4, 0), (5, 0), (6, 1), (7, 0), (8, 0), (9, 0), (10, 0), (12, 0), (13, 0), (14, 0), (15, 0), (16, 0), (18, 0), (19, 0), (20, 0), (21, 0), (23, 0), (24, 0), (25, 0), (26, 0), (27, 0), (28, 2), (29, 0), (30, 0), (31, 0), (32, 0), (35, 0), (36, 0), (37, 0), (38, 0), (39, 1), (40, 0), (41, 0), (42, 0), (43, 0), (45, 1), (46, 0), (47, 0), (48, 0), (49, 0), (50, 1), (52, 0), (53, 0), (54, 0), (56, 0), (57, 0), (58, 0), (59, 0), (60, 0), (61, 1), (62, 1), (63, 0), (64, 0), (65, 0), (67, 0), (69, 0), (70, 0), (71, 0), (72, 1), (73, 0), (74, 0), (75, 0), (76, 0), (78, 0), (79, 1), (80, 0), (81, 0), (82, 0), (83, 1), (84, 0), (86, 0), (87, 0), (89, 0), (90, 0), (91, 0), (92, 0), (93, 0), (94, 1), (95, 0), (96, 1), (97, 0), (98, 0), (100, 0), (101, 0), (103, 0), (104, 0), (105, 1), (106, 0), (107, 0), (108, 0), (109, 0), (111, 0), (112, 0), (113, 1), (114, 0), (115, 0), (116, 1), (117, 0), (118, 0), (120, 0), (122, 0), (123, 0), (124, 0), (125, 0), (126, 0), (127, 1), (128, 0), (129, 0), (130, 1), (131, 0), (133, 0), (134, 0), (135, 0), (137, 0), (138, 1), (139, 0), (140, 0), (141, 0), (142, 0), (144, 0), (145, 0), (146, 0), (147, 1), (148, 0), (149, 1), (150, 0), (151, 0), (152, 0), (155, 0), (156, 0), (157, 0), (158, 0), (159, 0), (160, 1), (161, 0), (162, 0), (163, 0), (164, 1), (166, 0), (167, 0), (168, 0), (169, 0), (171, 1), (172, 0), (173, 0), (174, 0), (175, 0), (177, 0), (178, 0), (179, 0), (180, 0), (181, 1), (182, 1), (183, 0), (184, 0), (185, 0), (186, 0)]
 m=188 phi= 92 mu= 0 sqfree=0 rank= 46 Qspan=0 Zlat=0  NEVER (X>m): target not in step lattice
 m=189 phi=108 mu= 0 sqfree=0 rank= 72 Qspan=0 Zlat=0  NEVER (X>m): target not in step lattice
 m=190 phi= 72 mu=-1 sqfree=1 rank= 72 Qspan=1 Zlat=1  FINITE: forced counts [(1, 0), (3, 0), (7, 0), (9, 1), (11, 0), (13, 0), (17, 0), (21, 0), (23, 0), (27, 0), (29, 1), (31, 0), (33, 0), (37, 0), (39, 1), (41, 0), (43, 1), (47, 0), (49, 1), (51, 0), (53, 0), (59, 1), (61, 0), (63, 0), (67, 0), (69, 1), (71, 0), (73, 0), (77, 0), (79, 1), (81, 1), (83, 0), (87, 0), (89, 1), (91, 0), (93, 0), (97, 1), (99, 1), (101, 0), (103, 0), (107, 0), (109, 1), (111, 0), (113, 0), (117, 0), (119, 2), (121, 0), (123, 0), (127, 0), (129, 1), (131, 0), (137, 0), (139, 1), (141, 0), (143, 0), (147, 0), (149, 1), (151, 0), (153, 0), (157, 1), (159, 1), (161, 0), (163, 0), (167, 0), (169, 1), (173, 0), (177, 0), (179, 1), (181, 0), (183, 0), (187, 0), (189, 1)]
 m=191 phi=190 mu=-1 sqfree=1 rank=190 Qspan=1 Zlat=1  FINITE: forced counts [(1, 1), (2, 1), (3, 1), (4, 1), (5, 1), (6, 1), (7, 1), (8, 1), (9, 1), (10, 1), (11, 1), (12, 1), (13, 1), (14, 1), (15, 1), (16, 1), (17, 1), (18, 1), (19, 1), (20, 1), (21, 1), (22, 1), (23, 1), (24, 1), (25, 1), (26, 1), (27, 1), (28, 1), (29, 1), (30, 1), (31, 1), (32, 1), (33, 1), (34, 1), (35, 1), (36, 1), (37, 1), (38, 1), (39, 1), (40, 1), (41, 1), (42, 1), (43, 1), (44, 1), (45, 1), (46, 1), (47, 1), (48, 1), (49, 1), (50, 1), (51, 1), (52, 1), (53, 1), (54, 1), (55, 1), (56, 1), (57, 1), (58, 1), (59, 1), (60, 1), (61, 1), (62, 1), (63, 1), (64, 1), (65, 1), (66, 1), (67, 1), (68, 1), (69, 1), (70, 1), (71, 1), (72, 1), (73, 1), (74, 1), (75, 1), (76, 1), (77, 1), (78, 1), (79, 1), (80, 1), (81, 1), (82, 1), (83, 1), (84, 1), (85, 1), (86, 1), (87, 1), (88, 1), (89, 1), (90, 1), (91, 1), (92, 1), (93, 1), (94, 1), (95, 1), (96, 1), (97, 1), (98, 1), (99, 1), (100, 1), (101, 1), (102, 1), (103, 1), (104, 1), (105, 1), (106, 1), (107, 1), (108, 1), (109, 1), (110, 1), (111, 1), (112, 1), (113, 1), (114, 1), (115, 1), (116, 1), (117, 1), (118, 1), (119, 1), (120, 1), (121, 1), (122, 1), (123, 1), (124, 1), (125, 1), (126, 1), (127, 1), (128, 1), (129, 1), (130, 1), (131, 1), (132, 1), (133, 1), (134, 1), (135, 1), (136, 1), (137, 1), (138, 1), (139, 1), (140, 1), (141, 1), (142, 1), (143, 1), (144, 1), (145, 1), (146, 1), (147, 1), (148, 1), (149, 1), (150, 1), (151, 1), (152, 1), (153, 1), (154, 1), (155, 1), (156, 1), (157, 1), (158, 1), (159, 1), (160, 1), (161, 1), (162, 1), (163, 1), (164, 1), (165, 1), (166, 1), (167, 1), (168, 1), (169, 1), (170, 1), (171, 1), (172, 1), (173, 1), (174, 1), (175, 1), (176, 1), (177, 1), (178, 1), (179, 1), (180, 1), (181, 1), (182, 1), (183, 1), (184, 1), (185, 1), (186, 1), (187, 1), (188, 1), (189, 1), (190, 1)]
 m=192 phi= 64 mu= 0 sqfree=0 rank= 32 Qspan=0 Zlat=0  NEVER (X>m): target not in step lattice
 m=193 phi=192 mu=-1 sqfree=1 rank=192 Qspan=1 Zlat=1  FINITE: forced counts [(1, 1), (2, 1), (3, 1), (4, 1), (5, 1), (6, 1), (7, 1), (8, 1), (9, 1), (10, 1), (11, 1), (12, 1), (13, 1), (14, 1), (15, 1), (16, 1), (17, 1), (18, 1), (19, 1), (20, 1), (21, 1), (22, 1), (23, 1), (24, 1), (25, 1), (26, 1), (27, 1), (28, 1), (29, 1), (30, 1), (31, 1), (32, 1), (33, 1), (34, 1), (35, 1), (36, 1), (37, 1), (38, 1), (39, 1), (40, 1), (41, 1), (42, 1), (43, 1), (44, 1), (45, 1), (46, 1), (47, 1), (48, 1), (49, 1), (50, 1), (51, 1), (52, 1), (53, 1), (54, 1), (55, 1), (56, 1), (57, 1), (58, 1), (59, 1), (60, 1), (61, 1), (62, 1), (63, 1), (64, 1), (65, 1), (66, 1), (67, 1), (68, 1), (69, 1), (70, 1), (71, 1), (72, 1), (73, 1), (74, 1), (75, 1), (76, 1), (77, 1), (78, 1), (79, 1), (80, 1), (81, 1), (82, 1), (83, 1), (84, 1), (85, 1), (86, 1), (87, 1), (88, 1), (89, 1), (90, 1), (91, 1), (92, 1), (93, 1), (94, 1), (95, 1), (96, 1), (97, 1), (98, 1), (99, 1), (100, 1), (101, 1), (102, 1), (103, 1), (104, 1), (105, 1), (106, 1), (107, 1), (108, 1), (109, 1), (110, 1), (111, 1), (112, 1), (113, 1), (114, 1), (115, 1), (116, 1), (117, 1), (118, 1), (119, 1), (120, 1), (121, 1), (122, 1), (123, 1), (124, 1), (125, 1), (126, 1), (127, 1), (128, 1), (129, 1), (130, 1), (131, 1), (132, 1), (133, 1), (134, 1), (135, 1), (136, 1), (137, 1), (138, 1), (139, 1), (140, 1), (141, 1), (142, 1), (143, 1), (144, 1), (145, 1), (146, 1), (147, 1), (148, 1), (149, 1), (150, 1), (151, 1), (152, 1), (153, 1), (154, 1), (155, 1), (156, 1), (157, 1), (158, 1), (159, 1), (160, 1), (161, 1), (162, 1), (163, 1), (164, 1), (165, 1), (166, 1), (167, 1), (168, 1), (169, 1), (170, 1), (171, 1), (172, 1), (173, 1), (174, 1), (175, 1), (176, 1), (177, 1), (178, 1), (179, 1), (180, 1), (181, 1), (182, 1), (183, 1), (184, 1), (185, 1), (186, 1), (187, 1), (188, 1), (189, 1), (190, 1), (191, 1), (192, 1)]
 m=194 phi= 96 mu= 1 sqfree=1 rank= 96 Qspan=1 Zlat=1  FINITE: forced counts [(1, 1), (3, 1), (5, 1), (7, 1), (9, 1), (11, 1), (13, 1), (15, 1), (17, 1), (19, 1), (21, 1), (23, 1), (25, 1), (27, 1), (29, 1), (31, 1), (33, 1), (35, 1), (37, 1), (39, 1), (41, 1), (43, 1), (45, 1), (47, 1), (49, 1), (51, 1), (53, 1), (55, 1), (57, 1), (59, 1), (61, 1), (63, 1), (65, 1), (67, 1), (69, 1), (71, 1), (73, 1), (75, 1), (77, 1), (79, 1), (81, 1), (83, 1), (85, 1), (87, 1), (89, 1), (91, 1), (93, 1), (95, 1), (99, 2), (101, 1), (103, 1), (105, 1), (107, 1), (109, 1), (111, 1), (113, 1), (115, 1), (117, 1), (119, 1), (121, 1), (123, 1), (125, 1), (127, 1), (129, 1), (131, 1), (133, 1), (135, 1), (137, 1), (139, 1), (141, 1), (143, 1), (145, 1), (147, 1), (149, 1), (151, 1), (153, 1), (155, 1), (157, 1), (159, 1), (161, 1), (163, 1), (165, 1), (167, 1), (169, 1), (171, 1), (173, 1), (175, 1), (177, 1), (179, 1), (181, 1), (183, 1), (185, 1), (187, 1), (189, 1), (191, 1), (193, 1)]
 m=195 phi= 96 mu=-1 sqfree=1 rank= 96 Qspan=1 Zlat=1  FINITE: forced counts [(1, 0), (2, 0), (4, 0), (7, 0), (8, 0), (11, 0), (14, 0), (16, 0), (17, 0), (19, 0), (22, 0), (23, 0), (28, 1), (29, 0), (31, 0), (32, 0), (34, 0), (37, 0), (38, 0), (41, 0), (43, 1), (44, 1), (46, 0), (47, 0), (49, 0), (53, 0), (56, 0), (58, 1), (59, 0), (61, 0), (62, 0), (64, 0), (67, 0), (68, 1), (71, 0), (73, 1), (74, 0), (76, 0), (77, 0), (79, 0), (82, 0), (83, 1), (86, 0), (88, 1), (89, 0), (92, 0), (94, 0), (97, 0), (98, 0), (101, 0), (103, 1), (106, 0), (107, 0), (109, 0), (112, 0), (113, 0), (116, 0), (118, 1), (119, 0), (121, 0), (122, 1), (124, 0), (127, 0), (128, 0), (131, 0), (133, 2), (134, 0), (136, 0), (137, 0), (139, 0), (142, 0), (146, 0), (148, 1), (149, 0), (151, 0), (152, 0), (154, 0), (157, 0), (158, 0), (161, 1), (163, 1), (164, 0), (166, 0), (167, 0), (172, 0), (173, 0), (176, 0), (178, 1), (179, 0), (181, 0), (184, 0), (187, 0), (188, 0), (191, 0), (193, 1), (194, 0)]
 m=196 phi= 84 mu= 0 sqfree=0 rank= 36 Qspan=0 Zlat=0  NEVER (X>m): target not in step lattice
 m=197 phi=196 mu=-1 sqfree=1 rank=196 Qspan=1 Zlat=1  FINITE: forced counts [(1, 1), (2, 1), (3, 1), (4, 1), (5, 1), (6, 1), (7, 1), (8, 1), (9, 1), (10, 1), (11, 1), (12, 1), (13, 1), (14, 1), (15, 1), (16, 1), (17, 1), (18, 1), (19, 1), (20, 1), (21, 1), (22, 1), (23, 1), (24, 1), (25, 1), (26, 1), (27, 1), (28, 1), (29, 1), (30, 1), (31, 1), (32, 1), (33, 1), (34, 1), (35, 1), (36, 1), (37, 1), (38, 1), (39, 1), (40, 1), (41, 1), (42, 1), (43, 1), (44, 1), (45, 1), (46, 1), (47, 1), (48, 1), (49, 1), (50, 1), (51, 1), (52, 1), (53, 1), (54, 1), (55, 1), (56, 1), (57, 1), (58, 1), (59, 1), (60, 1), (61, 1), (62, 1), (63, 1), (64, 1), (65, 1), (66, 1), (67, 1), (68, 1), (69, 1), (70, 1), (71, 1), (72, 1), (73, 1), (74, 1), (75, 1), (76, 1), (77, 1), (78, 1), (79, 1), (80, 1), (81, 1), (82, 1), (83, 1), (84, 1), (85, 1), (86, 1), (87, 1), (88, 1), (89, 1), (90, 1), (91, 1), (92, 1), (93, 1), (94, 1), (95, 1), (96, 1), (97, 1), (98, 1), (99, 1), (100, 1), (101, 1), (102, 1), (103, 1), (104, 1), (105, 1), (106, 1), (107, 1), (108, 1), (109, 1), (110, 1), (111, 1), (112, 1), (113, 1), (114, 1), (115, 1), (116, 1), (117, 1), (118, 1), (119, 1), (120, 1), (121, 1), (122, 1), (123, 1), (124, 1), (125, 1), (126, 1), (127, 1), (128, 1), (129, 1), (130, 1), (131, 1), (132, 1), (133, 1), (134, 1), (135, 1), (136, 1), (137, 1), (138, 1), (139, 1), (140, 1), (141, 1), (142, 1), (143, 1), (144, 1), (145, 1), (146, 1), (147, 1), (148, 1), (149, 1), (150, 1), (151, 1), (152, 1), (153, 1), (154, 1), (155, 1), (156, 1), (157, 1), (158, 1), (159, 1), (160, 1), (161, 1), (162, 1), (163, 1), (164, 1), (165, 1), (166, 1), (167, 1), (168, 1), (169, 1), (170, 1), (171, 1), (172, 1), (173, 1), (174, 1), (175, 1), (176, 1), (177, 1), (178, 1), (179, 1), (180, 1), (181, 1), (182, 1), (183, 1), (184, 1), (185, 1), (186, 1), (187, 1), (188, 1), (189, 1), (190, 1), (191, 1), (192, 1), (193, 1), (194, 1), (195, 1), (196, 1)]
 m=198 phi= 60 mu= 0 sqfree=0 rank= 40 Qspan=0 Zlat=0  NEVER (X>m): target not in step lattice
 m=199 phi=198 mu=-1 sqfree=1 rank=198 Qspan=1 Zlat=1  FINITE: forced counts [(1, 1), (2, 1), (3, 1), (4, 1), (5, 1), (6, 1), (7, 1), (8, 1), (9, 1), (10, 1), (11, 1), (12, 1), (13, 1), (14, 1), (15, 1), (16, 1), (17, 1), (18, 1), (19, 1), (20, 1), (21, 1), (22, 1), (23, 1), (24, 1), (25, 1), (26, 1), (27, 1), (28, 1), (29, 1), (30, 1), (31, 1), (32, 1), (33, 1), (34, 1), (35, 1), (36, 1), (37, 1), (38, 1), (39, 1), (40, 1), (41, 1), (42, 1), (43, 1), (44, 1), (45, 1), (46, 1), (47, 1), (48, 1), (49, 1), (50, 1), (51, 1), (52, 1), (53, 1), (54, 1), (55, 1), (56, 1), (57, 1), (58, 1), (59, 1), (60, 1), (61, 1), (62, 1), (63, 1), (64, 1), (65, 1), (66, 1), (67, 1), (68, 1), (69, 1), (70, 1), (71, 1), (72, 1), (73, 1), (74, 1), (75, 1), (76, 1), (77, 1), (78, 1), (79, 1), (80, 1), (81, 1), (82, 1), (83, 1), (84, 1), (85, 1), (86, 1), (87, 1), (88, 1), (89, 1), (90, 1), (91, 1), (92, 1), (93, 1), (94, 1), (95, 1), (96, 1), (97, 1), (98, 1), (99, 1), (100, 1), (101, 1), (102, 1), (103, 1), (104, 1), (105, 1), (106, 1), (107, 1), (108, 1), (109, 1), (110, 1), (111, 1), (112, 1), (113, 1), (114, 1), (115, 1), (116, 1), (117, 1), (118, 1), (119, 1), (120, 1), (121, 1), (122, 1), (123, 1), (124, 1), (125, 1), (126, 1), (127, 1), (128, 1), (129, 1), (130, 1), (131, 1), (132, 1), (133, 1), (134, 1), (135, 1), (136, 1), (137, 1), (138, 1), (139, 1), (140, 1), (141, 1), (142, 1), (143, 1), (144, 1), (145, 1), (146, 1), (147, 1), (148, 1), (149, 1), (150, 1), (151, 1), (152, 1), (153, 1), (154, 1), (155, 1), (156, 1), (157, 1), (158, 1), (159, 1), (160, 1), (161, 1), (162, 1), (163, 1), (164, 1), (165, 1), (166, 1), (167, 1), (168, 1), (169, 1), (170, 1), (171, 1), (172, 1), (173, 1), (174, 1), (175, 1), (176, 1), (177, 1), (178, 1), (179, 1), (180, 1), (181, 1), (182, 1), (183, 1), (184, 1), (185, 1), (186, 1), (187, 1), (188, 1), (189, 1), (190, 1), (191, 1), (192, 1), (193, 1), (194, 1), (195, 1), (196, 1), (197, 1), (198, 1)]
 m=200 phi= 80 mu= 0 sqfree=0 rank= 32 Qspan=0 Zlat=0  NEVER (X>m): target not in step lattice

classification time 3.3s
NEVER-tie m (proven, X>m; X<=m certified by scan): 78 values
  [4, 8, 9, 12, 16, 18, 20, 24, 25, 27, 28, 32, 36, 40, 44, 45, 48, 49, 50, 52, 54, 56, 60, 63, 64, 68, 72, 75, 76, 80, 81, 84, 88, 90, 92, 96, 98, 99, 100, 104, 108, 112, 116, 117, 120, 121, 124, 125, 126, 128, 132, 135, 136, 140, 144, 147, 148, 150, 152, 153, 156, 160, 162, 164, 168, 169, 171, 172, 175, 176, 180, 184, 188, 189, 192, 196, 198, 200]
squarefree m with forced finite counts: 121 values
  m=2: forced n_c = {1: '1'}
  m=3: forced n_c = {1: '1', 2: '1'}
  m=5: forced n_c = {1: '1', 2: '1', 3: '1', 4: '1'}
  m=6: forced n_c = {1: '1', 5: '2'}
  m=7: forced n_c = {1: '1', 2: '1', 3: '1', 4: '1', 5: '1', 6: '1'}
  m=10: forced n_c = {1: '1', 3: '1', 7: '2', 9: '1'}
  m=11: forced n_c = {1: '1', 2: '1', 3: '1', 4: '1', 5: '1', 6: '1', 7: '1', 8: '1', 9: '1', 10: '1'}
  m=13: forced n_c = {1: '1', 2: '1', 3: '1', 4: '1', 5: '1', 6: '1', 7: '1', 8: '1', 9: '1', 10: '1', 11: '1', 12: '1'}
  m=14: forced n_c = {1: '1', 3: '1', 5: '1', 9: '2', 11: '1', 13: '1'}
  m=15: forced n_c = {1: '0', 2: '1', 4: '0', 7: '0', 8: '2', 11: '1', 13: '1', 14: '1'}
  m=17: forced n_c = {1: '1', 2: '1', 3: '1', 4: '1', 5: '1', 6: '1', 7: '1', 8: '1', 9: '1', 10: '1', 11: '1', 12: '1', 13: '1', 14: '1', 15: '1', 16: '1'}
  m=19: forced n_c = {1: '1', 2: '1', 3: '1', 4: '1', 5: '1', 6: '1', 7: '1', 8: '1', 9: '1', 10: '1', 11: '1', 12: '1', 13: '1', 14: '1', 15: '1', 16: '1', 17: '1', 18: '1'}
  m=21: forced n_c = {1: '1', 2: '0', 4: '1', 5: '0', 8: '0', 10: '2', 11: '0', 13: '1', 16: '1', 17: '1', 19: '1', 20: '0'}
  m=22: forced n_c = {1: '1', 3: '1', 5: '1', 7: '1', 9: '1', 13: '2', 15: '1', 17: '1', 19: '1', 21: '1'}
  m=23: forced n_c = {1: '1', 2: '1', 3: '1', 4: '1', 5: '1', 6: '1', 7: '1', 8: '1', 9: '1', 10: '1', 11: '1', 12: '1', 13: '1', 14: '1', 15: '1', 16: '1', 17: '1', 18: '1', 19: '1', 20: '1', 21: '1', 22: '1'}
  m=26: forced n_c = {1: '1', 3: '1', 5: '1', 7: '1', 9: '1', 11: '1', 15: '2', 17: '1', 19: '1', 21: '1', 23: '1', 25: '1'}
  m=29: forced n_c = {1: '1', 2: '1', 3: '1', 4: '1', 5: '1', 6: '1', 7: '1', 8: '1', 9: '1', 10: '1', 11: '1', 12: '1', 13: '1', 14: '1', 15: '1', 16: '1', 17: '1', 18: '1', 19: '1', 20: '1', 21: '1', 22: '1', 23: '1', 24: '1', 25: '1', 26: '1', 27: '1', 28: '1'}
  m=30: forced n_c = {1: '0', 7: '0', 11: '1', 13: '1', 17: '2', 19: '0', 23: '2', 29: '1'}
  m=31: forced n_c = {1: '1', 2: '1', 3: '1', 4: '1', 5: '1', 6: '1', 7: '1', 8: '1', 9: '1', 10: '1', 11: '1', 12: '1', 13: '1', 14: '1', 15: '1', 16: '1', 17: '1', 18: '1', 19: '1', 20: '1', 21: '1', 22: '1', 23: '1', 24: '1', 25: '1', 26: '1', 27: '1', 28: '1', 29: '1', 30: '1'}
  m=33: forced n_c = {1: '0', 2: '1', 4: '0', 5: '1', 7: '0', 8: '1', 10: '0', 13: '0', 14: '2', 16: '0', 17: '1', 19: '0', 20: '1', 23: '1', 25: '1', 26: '1', 28: '0', 29: '1', 31: '0', 32: '1'}
  m=34: forced n_c = {1: '1', 3: '1', 5: '1', 7: '1', 9: '1', 11: '1', 13: '1', 15: '1', 19: '2', 21: '1', 23: '1', 25: '1', 27: '1', 29: '1', 31: '1', 33: '1'}
  m=35: forced n_c = {1: '0', 2: '1', 3: '0', 4: '0', 6: '0', 8: '0', 9: '0', 11: '0', 12: '2', 13: '0', 16: '0', 17: '1', 18: '0', 19: '1', 22: '1', 23: '0', 24: '0', 26: '1', 27: '1', 29: '0', 31: '0', 32: '1', 33: '1', 34: '0'}
  m=37: forced n_c = {1: '1', 2: '1', 3: '1', 4: '1', 5: '1', 6: '1', 7: '1', 8: '1', 9: '1', 10: '1', 11: '1', 12: '1', 13: '1', 14: '1', 15: '1', 16: '1', 17: '1', 18: '1', 19: '1', 20: '1', 21: '1', 22: '1', 23: '1', 24: '1', 25: '1', 26: '1', 27: '1', 28: '1', 29: '1', 30: '1', 31: '1', 32: '1', 33: '1', 34: '1', 35: '1', 36: '1'}
  m=38: forced n_c = {1: '1', 3: '1', 5: '1', 7: '1', 9: '1', 11: '1', 13: '1', 15: '1', 17: '1', 21: '2', 23: '1', 25: '1', 27: '1', 29: '1', 31: '1', 33: '1', 35: '1', 37: '1'}
  m=39: forced n_c = {1: '1', 2: '0', 4: '1', 5: '0', 7: '1', 8: '0', 10: '1', 11: '0', 14: '0', 16: '2', 17: '0', 19: '1', 20: '0', 22: '1', 23: '0', 25: '1', 28: '1', 29: '1', 31: '1', 32: '0', 34: '1', 35: '0', 37: '1', 38: '0'}
  m=41: forced n_c = {1: '1', 2: '1', 3: '1', 4: '1', 5: '1', 6: '1', 7: '1', 8: '1', 9: '1', 10: '1', 11: '1', 12: '1', 13: '1', 14: '1', 15: '1', 16: '1', 17: '1', 18: '1', 19: '1', 20: '1', 21: '1', 22: '1', 23: '1', 24: '1', 25: '1', 26: '1', 27: '1', 28: '1', 29: '1', 30: '1', 31: '1', 32: '1', 33: '1', 34: '1', 35: '1', 36: '1', 37: '1', 38: '1', 39: '1', 40: '1'}
  m=42: forced n_c = {1: '1', 5: '0', 11: '0', 13: '1', 17: '1', 19: '1', 23: '1', 25: '1', 29: '0', 31: '2', 37: '1', 41: '0'}
  m=43: forced n_c = {1: '1', 2: '1', 3: '1', 4: '1', 5: '1', 6: '1', 7: '1', 8: '1', 9: '1', 10: '1', 11: '1', 12: '1', 13: '1', 14: '1', 15: '1', 16: '1', 17: '1', 18: '1', 19: '1', 20: '1', 21: '1', 22: '1', 23: '1', 24: '1', 25: '1', 26: '1', 27: '1', 28: '1', 29: '1', 30: '1', 31: '1', 32: '1', 33: '1', 34: '1', 35: '1', 36: '1', 37: '1', 38: '1', 39: '1', 40: '1', 41: '1', 42: '1'}
  m=46: forced n_c = {1: '1', 3: '1', 5: '1', 7: '1', 9: '1', 11: '1', 13: '1', 15: '1', 17: '1', 19: '1', 21: '1', 25: '2', 27: '1', 29: '1', 31: '1', 33: '1', 35: '1', 37: '1', 39: '1', 41: '1', 43: '1', 45: '1'}
  m=47: forced n_c = {1: '1', 2: '1', 3: '1', 4: '1', 5: '1', 6: '1', 7: '1', 8: '1', 9: '1', 10: '1', 11: '1', 12: '1', 13: '1', 14: '1', 15: '1', 16: '1', 17: '1', 18: '1', 19: '1', 20: '1', 21: '1', 22: '1', 23: '1', 24: '1', 25: '1', 26: '1', 27: '1', 28: '1', 29: '1', 30: '1', 31: '1', 32: '1', 33: '1', 34: '1', 35: '1', 36: '1', 37: '1', 38: '1', 39: '1', 40: '1', 41: '1', 42: '1', 43: '1', 44: '1', 45: '1', 46: '1'}
  m=51: forced n_c = {1: '0', 2: '1', 4: '0', 5: '1', 7: '0', 8: '1', 10: '0', 11: '1', 13: '0', 14: '1', 16: '0', 19: '0', 20: '2', 22: '0', 23: '1', 25: '0', 26: '1', 28: '0', 29: '1', 31: '0', 32: '1', 35: '1', 37: '1', 38: '1', 40: '0', 41: '1', 43: '0', 44: '1', 46: '0', 47: '1', 49: '0', 50: '1'}
  m=53: forced n_c = {1: '1', 2: '1', 3: '1', 4: '1', 5: '1', 6: '1', 7: '1', 8: '1', 9: '1', 10: '1', 11: '1', 12: '1', 13: '1', 14: '1', 15: '1', 16: '1', 17: '1', 18: '1', 19: '1', 20: '1', 21: '1', 22: '1', 23: '1', 24: '1', 25: '1', 26: '1', 27: '1', 28: '1', 29: '1', 30: '1', 31: '1', 32: '1', 33: '1', 34: '1', 35: '1', 36: '1', 37: '1', 38: '1', 39: '1', 40: '1', 41: '1', 42: '1', 43: '1', 44: '1', 45: '1', 46: '1', 47: '1', 48: '1', 49: '1', 50: '1', 51: '1', 52: '1'}
  m=55: forced n_c = {1: '1', 2: '0', 3: '0', 4: '0', 6: '1', 7: '0', 8: '0', 9: '0', 12: '0', 13: '0', 14: '0', 16: '2', 17: '0', 18: '0', 19: '0', 21: '1', 23: '0', 24: '0', 26: '1', 27: '1', 28: '0', 29: '0', 31: '1', 32: '0', 34: '0', 36: '1', 37: '0', 38: '1', 39: '0', 41: '1', 42: '0', 43: '0', 46: '1', 47: '0', 48: '0', 49: '1', 51: '1', 52: '0', 53: '0', 54: '0'}
  m=57: forced n_c = {1: '1', 2: '0', 4: '1', 5: '0', 7: '1', 8: '0', 10: '1', 11: '0', 13: '1', 14: '0', 16: '1', 17: '0', 20: '0', 22: '2', 23: '0', 25: '1', 26: '0', 28: '1', 29: '0', 31: '1', 32: '0', 34: '1', 35: '0', 37: '1', 40: '1', 41: '1', 43: '1', 44: '0', 46: '1', 47: '0', 49: '1', 50: '0', 52: '1', 53: '0', 55: '1', 56: '0'}
  m=58: forced n_c = {1: '1', 3: '1', 5: '1', 7: '1', 9: '1', 11: '1', 13: '1', 15: '1', 17: '1', 19: '1', 21: '1', 23: '1', 25: '1', 27: '1', 31: '2', 33: '1', 35: '1', 37: '1', 39: '1', 41: '1', 43: '1', 45: '1', 47: '1', 49: '1', 51: '1', 53: '1', 55: '1', 57: '1'}
  m=59: forced n_c = {1: '1', 2: '1', 3: '1', 4: '1', 5: '1', 6: '1', 7: '1', 8: '1', 9: '1', 10: '1', 11: '1', 12: '1', 13: '1', 14: '1', 15: '1', 16: '1', 17: '1', 18: '1', 19: '1', 20: '1', 21: '1', 22: '1', 23: '1', 24: '1', 25: '1', 26: '1', 27: '1', 28: '1', 29: '1', 30: '1', 31: '1', 32: '1', 33: '1', 34: '1', 35: '1', 36: '1', 37: '1', 38: '1', 39: '1', 40: '1', 41: '1', 42: '1', 43: '1', 44: '1', 45: '1', 46: '1', 47: '1', 48: '1', 49: '1', 50: '1', 51: '1', 52: '1', 53: '1', 54: '1', 55: '1', 56: '1', 57: '1', 58: '1'}
  m=61: forced n_c = {1: '1', 2: '1', 3: '1', 4: '1', 5: '1', 6: '1', 7: '1', 8: '1', 9: '1', 10: '1', 11: '1', 12: '1', 13: '1', 14: '1', 15: '1', 16: '1', 17: '1', 18: '1', 19: '1', 20: '1', 21: '1', 22: '1', 23: '1', 24: '1', 25: '1', 26: '1', 27: '1', 28: '1', 29: '1', 30: '1', 31: '1', 32: '1', 33: '1', 34: '1', 35: '1', 36: '1', 37: '1', 38: '1', 39: '1', 40: '1', 41: '1', 42: '1', 43: '1', 44: '1', 45: '1', 46: '1', 47: '1', 48: '1', 49: '1', 50: '1', 51: '1', 52: '1', 53: '1', 54: '1', 55: '1', 56: '1', 57: '1', 58: '1', 59: '1', 60: '1'}
  m=62: forced n_c = {1: '1', 3: '1', 5: '1', 7: '1', 9: '1', 11: '1', 13: '1', 15: '1', 17: '1', 19: '1', 21: '1', 23: '1', 25: '1', 27: '1', 29: '1', 33: '2', 35: '1', 37: '1', 39: '1', 41: '1', 43: '1', 45: '1', 47: '1', 49: '1', 51: '1', 53: '1', 55: '1', 57: '1', 59: '1', 61: '1'}
  m=65: forced n_c = {1: '0', 2: '0', 3: '1', 4: '0', 6: '0', 7: '0', 8: '1', 9: '0', 11: '0', 12: '0', 14: '0', 16: '0', 17: '0', 18: '2', 19: '0', 21: '0', 22: '0', 23: '1', 24: '0', 27: '0', 28: '1', 29: '0', 31: '1', 32: '0', 33: '1', 34: '0', 36: '0', 37: '0', 38: '1', 41: '0', 42: '0', 43: '1', 44: '1', 46: '0', 47: '0', 48: '1', 49: '0', 51: '0', 53: '1', 54: '0', 56: '0', 57: '1', 58: '1', 59: '0', 61: '0', 62: '0', 63: '1', 64: '0'}
  m=66: forced n_c = {1: '0', 5: '1', 7: '0', 13: '0', 17: '1', 19: '0', 23: '1', 25: '1', 29: '1', 31: '0', 35: '2', 37: '0', 41: '1', 43: '0', 47: '2', 49: '0', 53: '1', 59: '1', 61: '0', 65: '1'}
  m=67: forced n_c = {1: '1', 2: '1', 3: '1', 4: '1', 5: '1', 6: '1', 7: '1', 8: '1', 9: '1', 10: '1', 11: '1', 12: '1', 13: '1', 14: '1', 15: '1', 16: '1', 17: '1', 18: '1', 19: '1', 20: '1', 21: '1', 22: '1', 23: '1', 24: '1', 25: '1', 26: '1', 27: '1', 28: '1', 29: '1', 30: '1', 31: '1', 32: '1', 33: '1', 34: '1', 35: '1', 36: '1', 37: '1', 38: '1', 39: '1', 40: '1', 41: '1', 42: '1', 43: '1', 44: '1', 45: '1', 46: '1', 47: '1', 48: '1', 49: '1', 50: '1', 51: '1', 52: '1', 53: '1', 54: '1', 55: '1', 56: '1', 57: '1', 58: '1', 59: '1', 60: '1', 61: '1', 62: '1', 63: '1', 64: '1', 65: '1', 66: '1'}
  m=69: forced n_c = {1: '0', 2: '1', 4: '0', 5: '1', 7: '0', 8: '1', 10: '0', 11: '1', 13: '0', 14: '1', 16: '0', 17: '1', 19: '0', 20: '1', 22: '0', 25: '0', 26: '2', 28: '0', 29: '1', 31: '0', 32: '1', 34: '0', 35: '1', 37: '0', 38: '1', 40: '0', 41: '1', 43: '0', 44: '1', 47: '1', 49: '1', 50: '1', 52: '0', 53: '1', 55: '0', 56: '1', 58: '0', 59: '1', 61: '0', 62: '1', 64: '0', 65: '1', 67: '0', 68: '1'}
  m=70: forced n_c = {1: '0', 3: '0', 9: '0', 11: '0', 13: '0', 17: '1', 19: '1', 23: '0', 27: '1', 29: '0', 31: '0', 33: '1', 37: '2', 39: '0', 41: '0', 43: '0', 47: '2', 51: '0', 53: '0', 57: '1', 59: '0', 61: '1', 67: '1', 69: '0'}
  m=71: forced n_c = {1: '1', 2: '1', 3: '1', 4: '1', 5: '1', 6: '1', 7: '1', 8: '1', 9: '1', 10: '1', 11: '1', 12: '1', 13: '1', 14: '1', 15: '1', 16: '1', 17: '1', 18: '1', 19: '1', 20: '1', 21: '1', 22: '1', 23: '1', 24: '1', 25: '1', 26: '1', 27: '1', 28: '1', 29: '1', 30: '1', 31: '1', 32: '1', 33: '1', 34: '1', 35: '1', 36: '1', 37: '1', 38: '1', 39: '1', 40: '1', 41: '1', 42: '1', 43: '1', 44: '1', 45: '1', 46: '1', 47: '1', 48: '1', 49: '1', 50: '1', 51: '1', 52: '1', 53: '1', 54: '1', 55: '1', 56: '1', 57: '1', 58: '1', 59: '1', 60: '1', 61: '1', 62: '1', 63: '1', 64: '1', 65: '1', 66: '1', 67: '1', 68: '1', 69: '1', 70: '1'}
  m=73: forced n_c = {1: '1', 2: '1', 3: '1', 4: '1', 5: '1', 6: '1', 7: '1', 8: '1', 9: '1', 10: '1', 11: '1', 12: '1', 13: '1', 14: '1', 15: '1', 16: '1', 17: '1', 18: '1', 19: '1', 20: '1', 21: '1', 22: '1', 23: '1', 24: '1', 25: '1', 26: '1', 27: '1', 28: '1', 29: '1', 30: '1', 31: '1', 32: '1', 33: '1', 34: '1', 35: '1', 36: '1', 37: '1', 38: '1', 39: '1', 40: '1', 41: '1', 42: '1', 43: '1', 44: '1', 45: '1', 46: '1', 47: '1', 48: '1', 49: '1', 50: '1', 51: '1', 52: '1', 53: '1', 54: '1', 55: '1', 56: '1', 57: '1', 58: '1', 59: '1', 60: '1', 61: '1', 62: '1', 63: '1', 64: '1', 65: '1', 66: '1', 67: '1', 68: '1', 69: '1', 70: '1', 71: '1', 72: '1'}
  m=74: forced n_c = {1: '1', 3: '1', 5: '1', 7: '1', 9: '1', 11: '1', 13: '1', 15: '1', 17: '1', 19: '1', 21: '1', 23: '1', 25: '1', 27: '1', 29: '1', 31: '1', 33: '1', 35: '1', 39: '2', 41: '1', 43: '1', 45: '1', 47: '1', 49: '1', 51: '1', 53: '1', 55: '1', 57: '1', 59: '1', 61: '1', 63: '1', 65: '1', 67: '1', 69: '1', 71: '1', 73: '1'}
  m=77: forced n_c = {1: '0', 2: '0', 3: '0', 4: '1', 5: '0', 6: '0', 8: '0', 9: '0', 10: '0', 12: '0', 13: '0', 15: '0', 16: '0', 17: '0', 18: '2', 19: '0', 20: '0', 23: '0', 24: '0', 25: '1', 26: '0', 27: '0', 29: '1', 30: '0', 31: '0', 32: '1', 34: '0', 36: '0', 37: '0', 38: '0', 39: '1', 40: '1', 41: '0', 43: '0', 45: '0', 46: '1', 47: '0', 48: '0', 50: '0', 51: '1', 52: '0', 53: '1', 54: '0', 57: '0', 58: '0', 59: '0', 60: '1', 61: '0', 62: '1', 64: '0', 65: '0', 67: '1', 68: '0', 69: '0', 71: '0', 72: '0', 73: '1', 74: '1', 75: '0', 76: '0'}
  m=78: forced n_c = {1: '1', 5: '0', 7: '1', 11: '0', 17: '0', 19: '1', 23: '0', 25: '1', 29: '1', 31: '1', 35: '0', 37: '1', 41: '1', 43: '1', 47: '0', 49: '1', 53: '0', 55: '2', 59: '0', 61: '1', 67: '1', 71: '0', 73: '1', 77: '0'}
  m=79: forced n_c = {1: '1', 2: '1', 3: '1', 4: '1', 5: '1', 6: '1', 7: '1', 8: '1', 9: '1', 10: '1', 11: '1', 12: '1', 13: '1', 14: '1', 15: '1', 16: '1', 17: '1', 18: '1', 19: '1', 20: '1', 21: '1', 22: '1', 23: '1', 24: '1', 25: '1', 26: '1', 27: '1', 28: '1', 29: '1', 30: '1', 31: '1', 32: '1', 33: '1', 34: '1', 35: '1', 36: '1', 37: '1', 38: '1', 39: '1', 40: '1', 41: '1', 42: '1', 43: '1', 44: '1', 45: '1', 46: '1', 47: '1', 48: '1', 49: '1', 50: '1', 51: '1', 52: '1', 53: '1', 54: '1', 55: '1', 56: '1', 57: '1', 58: '1', 59: '1', 60: '1', 61: '1', 62: '1', 63: '1', 64: '1', 65: '1', 66: '1', 67: '1', 68: '1', 69: '1', 70: '1', 71: '1', 72: '1', 73: '1', 74: '1', 75: '1', 76: '1', 77: '1', 78: '1'}
  m=82: forced n_c = {1: '1', 3: '1', 5: '1', 7: '1', 9: '1', 11: '1', 13: '1', 15: '1', 17: '1', 19: '1', 21: '1', 23: '1', 25: '1', 27: '1', 29: '1', 31: '1', 33: '1', 35: '1', 37: '1', 39: '1', 43: '2', 45: '1', 47: '1', 49: '1', 51: '1', 53: '1', 55: '1', 57: '1', 59: '1', 61: '1', 63: '1', 65: '1', 67: '1', 69: '1', 71: '1', 73: '1', 75: '1', 77: '1', 79: '1', 81: '1'}
  m=83: forced n_c = {1: '1', 2: '1', 3: '1', 4: '1', 5: '1', 6: '1', 7: '1', 8: '1', 9: '1', 10: '1', 11: '1', 12: '1', 13: '1', 14: '1', 15: '1', 16: '1', 17: '1', 18: '1', 19: '1', 20: '1', 21: '1', 22: '1', 23: '1', 24: '1', 25: '1', 26: '1', 27: '1', 28: '1', 29: '1', 30: '1', 31: '1', 32: '1', 33: '1', 34: '1', 35: '1', 36: '1', 37: '1', 38: '1', 39: '1', 40: '1', 41: '1', 42: '1', 43: '1', 44: '1', 45: '1', 46: '1', 47: '1', 48: '1', 49: '1', 50: '1', 51: '1', 52: '1', 53: '1', 54: '1', 55: '1', 56: '1', 57: '1', 58: '1', 59: '1', 60: '1', 61: '1', 62: '1', 63: '1', 64: '1', 65: '1', 66: '1', 67: '1', 68: '1', 69: '1', 70: '1', 71: '1', 72: '1', 73: '1', 74: '1', 75: '1', 76: '1', 77: '1', 78: '1', 79: '1', 80: '1', 81: '1', 82: '1'}
  m=85: forced n_c = {1: '0', 2: '1', 3: '0', 4: '0', 6: '0', 7: '1', 8: '0', 9: '0', 11: '0', 12: '1', 13: '0', 14: '0', 16: '0', 18: '0', 19: '0', 21: '0', 22: '2', 23: '0', 24: '0', 26: '0', 27: '1', 28: '0', 29: '0', 31: '0', 32: '1', 33: '0', 36: '0', 37: '1', 38: '0', 39: '1', 41: '0', 42: '1', 43: '0', 44: '0', 46: '0', 47: '1', 48: '0', 49: '0', 52: '1', 53: '0', 54: '0', 56: '1', 57: '1', 58: '0', 59: '0', 61: '0', 62: '1', 63: '0', 64: '0', 66: '0', 67: '1', 69: '0', 71: '0', 72: '1', 73: '1', 74: '0', 76: '0', 77: '1', 78: '0', 79: '0', 81: '0', 82: '1', 83: '0', 84: '0'}
  m=86: forced n_c = {1: '1', 3: '1', 5: '1', 7: '1', 9: '1', 11: '1', 13: '1', 15: '1', 17: '1', 19: '1', 21: '1', 23: '1', 25: '1', 27: '1', 29: '1', 31: '1', 33: '1', 35: '1', 37: '1', 39: '1', 41: '1', 45: '2', 47: '1', 49: '1', 51: '1', 53: '1', 55: '1', 57: '1', 59: '1', 61: '1', 63: '1', 65: '1', 67: '1', 69: '1', 71: '1', 73: '1', 75: '1', 77: '1', 79: '1', 81: '1', 83: '1', 85: '1'}
  m=87: forced n_c = {1: '0', 2: '1', 4: '0', 5: '1', 7: '0', 8: '1', 10: '0', 11: '1', 13: '0', 14: '1', 16: '0', 17: '1', 19: '0', 20: '1', 22: '0', 23: '1', 25: '0', 26: '1', 28: '0', 31: '0', 32: '2', 34: '0', 35: '1', 37: '0', 38: '1', 40: '0', 41: '1', 43: '0', 44: '1', 46: '0', 47: '1', 49: '0', 50: '1', 52: '0', 53: '1', 55: '0', 56: '1', 59: '1', 61: '1', 62: '1', 64: '0', 65: '1', 67: '0', 68: '1', 70: '0', 71: '1', 73: '0', 74: '1', 76: '0', 77: '1', 79: '0', 80: '1', 82: '0', 83: '1', 85: '0', 86: '1'}
  m=89: forced n_c = {1: '1', 2: '1', 3: '1', 4: '1', 5: '1', 6: '1', 7: '1', 8: '1', 9: '1', 10: '1', 11: '1', 12: '1', 13: '1', 14: '1', 15: '1', 16: '1', 17: '1', 18: '1', 19: '1', 20: '1', 21: '1', 22: '1', 23: '1', 24: '1', 25: '1', 26: '1', 27: '1', 28: '1', 29: '1', 30: '1', 31: '1', 32: '1', 33: '1', 34: '1', 35: '1', 36: '1', 37: '1', 38: '1', 39: '1', 40: '1', 41: '1', 42: '1', 43: '1', 44: '1', 45: '1', 46: '1', 47: '1', 48: '1', 49: '1', 50: '1', 51: '1', 52: '1', 53: '1', 54: '1', 55: '1', 56: '1', 57: '1', 58: '1', 59: '1', 60: '1', 61: '1', 62: '1', 63: '1', 64: '1', 65: '1', 66: '1', 67: '1', 68: '1', 69: '1', 70: '1', 71: '1', 72: '1', 73: '1', 74: '1', 75: '1', 76: '1', 77: '1', 78: '1', 79: '1', 80: '1', 81: '1', 82: '1', 83: '1', 84: '1', 85: '1', 86: '1', 87: '1', 88: '1'}
  m=91: forced n_c = {1: '0', 2: '0', 3: '0', 4: '0', 5: '0', 6: '1', 8: '0', 9: '0', 10: '0', 11: '0', 12: '0', 15: '0', 16: '0', 17: '0', 18: '0', 19: '0', 20: '2', 22: '0', 23: '0', 24: '0', 25: '0', 27: '1', 29: '0', 30: '0', 31: '0', 32: '0', 33: '1', 34: '1', 36: '0', 37: '0', 38: '0', 40: '0', 41: '1', 43: '0', 44: '0', 45: '0', 46: '1', 47: '0', 48: '1', 50: '0', 51: '0', 53: '0', 54: '0', 55: '1', 57: '0', 58: '0', 59: '1', 60: '0', 61: '0', 62: '1', 64: '0', 66: '0', 67: '0', 68: '0', 69: '1', 71: '0', 72: '1', 73: '0', 74: '0', 75: '0', 76: '1', 79: '0', 80: '0', 81: '0', 82: '0', 83: '1', 85: '1', 86: '0', 87: '0', 88: '0', 89: '0', 90: '1'}
  m=93: forced n_c = {1: '1', 2: '0', 4: '1', 5: '0', 7: '1', 8: '0', 10: '1', 11: '0', 13: '1', 14: '0', 16: '1', 17: '0', 19: '1', 20: '0', 22: '1', 23: '0', 25: '1', 26: '0', 28: '1', 29: '0', 32: '0', 34: '2', 35: '0', 37: '1', 38: '0', 40: '1', 41: '0', 43: '1', 44: '0', 46: '1', 47: '0', 49: '1', 50: '0', 52: '1', 53: '0', 55: '1', 56: '0', 58: '1', 59: '0', 61: '1', 64: '1', 65: '1', 67: '1', 68: '0', 70: '1', 71: '0', 73: '1', 74: '0', 76: '1', 77: '0', 79: '1', 80: '0', 82: '1', 83: '0', 85: '1', 86: '0', 88: '1', 89: '0', 91: '1', 92: '0'}
  m=94: forced n_c = {1: '1', 3: '1', 5: '1', 7: '1', 9: '1', 11: '1', 13: '1', 15: '1', 17: '1', 19: '1', 21: '1', 23: '1', 25: '1', 27: '1', 29: '1', 31: '1', 33: '1', 35: '1', 37: '1', 39: '1', 41: '1', 43: '1', 45: '1', 49: '2', 51: '1', 53: '1', 55: '1', 57: '1', 59: '1', 61: '1', 63: '1', 65: '1', 67: '1', 69: '1', 71: '1', 73: '1', 75: '1', 77: '1', 79: '1', 81: '1', 83: '1', 85: '1', 87: '1', 89: '1', 91: '1', 93: '1'}
  m=95: forced n_c = {1: '0', 2: '0', 3: '0', 4: '1', 6: '0', 7: '0', 8: '0', 9: '1', 11: '0', 12: '0', 13: '0', 14: '1', 16: '0', 17: '0', 18: '0', 21: '0', 22: '0', 23: '0', 24: '2', 26: '0', 27: '0', 28: '0', 29: '1', 31: '0', 32: '0', 33: '0', 34: '1', 36: '0', 37: '0', 39: '1', 41: '0', 42: '0', 43: '1', 44: '1', 46: '0', 47: '0', 48: '0', 49: '1', 51: '0', 52: '0', 53: '0', 54: '1', 56: '0', 58: '0', 59: '1', 61: '0', 62: '1', 63: '0', 64: '1', 66: '0', 67: '0', 68: '0', 69: '1', 71: '0', 72: '0', 73: '0', 74: '1', 77: '0', 78: '0', 79: '1', 81: '1', 82: '0', 83: '0', 84: '1', 86: '0', 87: '0', 88: '0', 89: '1', 91: '0', 92: '0', 93: '0', 94: '1'}
  m=97: forced n_c = {1: '1', 2: '1', 3: '1', 4: '1', 5: '1', 6: '1', 7: '1', 8: '1', 9: '1', 10: '1', 11: '1', 12: '1', 13: '1', 14: '1', 15: '1', 16: '1', 17: '1', 18: '1', 19: '1', 20: '1', 21: '1', 22: '1', 23: '1', 24: '1', 25: '1', 26: '1', 27: '1', 28: '1', 29: '1', 30: '1', 31: '1', 32: '1', 33: '1', 34: '1', 35: '1', 36: '1', 37: '1', 38: '1', 39: '1', 40: '1', 41: '1', 42: '1', 43: '1', 44: '1', 45: '1', 46: '1', 47: '1', 48: '1', 49: '1', 50: '1', 51: '1', 52: '1', 53: '1', 54: '1', 55: '1', 56: '1', 57: '1', 58: '1', 59: '1', 60: '1', 61: '1', 62: '1', 63: '1', 64: '1', 65: '1', 66: '1', 67: '1', 68: '1', 69: '1', 70: '1', 71: '1', 72: '1', 73: '1', 74: '1', 75: '1', 76: '1', 77: '1', 78: '1', 79: '1', 80: '1', 81: '1', 82: '1', 83: '1', 84: '1', 85: '1', 86: '1', 87: '1', 88: '1', 89: '1', 90: '1', 91: '1', 92: '1', 93: '1', 94: '1', 95: '1', 96: '1'}
  m=101: forced n_c = {1: '1', 2: '1', 3: '1', 4: '1', 5: '1', 6: '1', 7: '1', 8: '1', 9: '1', 10: '1', 11: '1', 12: '1', 13: '1', 14: '1', 15: '1', 16: '1', 17: '1', 18: '1', 19: '1', 20: '1', 21: '1', 22: '1', 23: '1', 24: '1', 25: '1', 26: '1', 27: '1', 28: '1', 29: '1', 30: '1', 31: '1', 32: '1', 33: '1', 34: '1', 35: '1', 36: '1', 37: '1', 38: '1', 39: '1', 40: '1', 41: '1', 42: '1', 43: '1', 44: '1', 45: '1', 46: '1', 47: '1', 48: '1', 49: '1', 50: '1', 51: '1', 52: '1', 53: '1', 54: '1', 55: '1', 56: '1', 57: '1', 58: '1', 59: '1', 60: '1', 61: '1', 62: '1', 63: '1', 64: '1', 65: '1', 66: '1', 67: '1', 68: '1', 69: '1', 70: '1', 71: '1', 72: '1', 73: '1', 74: '1', 75: '1', 76: '1', 77: '1', 78: '1', 79: '1', 80: '1', 81: '1', 82: '1', 83: '1', 84: '1', 85: '1', 86: '1', 87: '1', 88: '1', 89: '1', 90: '1', 91: '1', 92: '1', 93: '1', 94: '1', 95: '1', 96: '1', 97: '1', 98: '1', 99: '1', 100: '1'}
  m=102: forced n_c = {1: '0', 5: '1', 7: '0', 11: '1', 13: '0', 19: '0', 23: '1', 25: '0', 29: '1', 31: '0', 35: '1', 37: '1', 41: '1', 43: '0', 47: '1', 49: '0', 53: '2', 55: '0', 59: '1', 61: '0', 65: '1', 67: '0', 71: '2', 73: '0', 77: '1', 79: '0', 83: '1', 89: '1', 91: '0', 95: '1', 97: '0', 101: '1'}
  m=103: forced n_c = {1: '1', 2: '1', 3: '1', 4: '1', 5: '1', 6: '1', 7: '1', 8: '1', 9: '1', 10: '1', 11: '1', 12: '1', 13: '1', 14: '1', 15: '1', 16: '1', 17: '1', 18: '1', 19: '1', 20: '1', 21: '1', 22: '1', 23: '1', 24: '1', 25: '1', 26: '1', 27: '1', 28: '1', 29: '1', 30: '1', 31: '1', 32: '1', 33: '1', 34: '1', 35: '1', 36: '1', 37: '1', 38: '1', 39: '1', 40: '1', 41: '1', 42: '1', 43: '1', 44: '1', 45: '1', 46: '1', 47: '1', 48: '1', 49: '1', 50: '1', 51: '1', 52: '1', 53: '1', 54: '1', 55: '1', 56: '1', 57: '1', 58: '1', 59: '1', 60: '1', 61: '1', 62: '1', 63: '1', 64: '1', 65: '1', 66: '1', 67: '1', 68: '1', 69: '1', 70: '1', 71: '1', 72: '1', 73: '1', 74: '1', 75: '1', 76: '1', 77: '1', 78: '1', 79: '1', 80: '1', 81: '1', 82: '1', 83: '1', 84: '1', 85: '1', 86: '1', 87: '1', 88: '1', 89: '1', 90: '1', 91: '1', 92: '1', 93: '1', 94: '1', 95: '1', 96: '1', 97: '1', 98: '1', 99: '1', 100: '1', 101: '1', 102: '1'}
  m=105: forced n_c = {1: '0', 2: '0', 4: '0', 8: '0', 11: '0', 13: '0', 16: '0', 17: '0', 19: '0', 22: '1', 23: '0', 26: '1', 29: '0', 31: '0', 32: '0', 34: '0', 37: '1', 38: '1', 41: '0', 43: '0', 44: '0', 46: '0', 47: '1', 52: '1', 53: '0', 58: '0', 59: '0', 61: '0', 62: '0', 64: '0', 67: '1', 68: '1', 71: '0', 73: '1', 74: '0', 76: '0', 79: '0', 82: '1', 83: '0', 86: '0', 88: '0', 89: '1', 92: '0', 94: '0', 97: '1', 101: '0', 103: '0', 104: '0'}
  m=106: forced n_c = {1: '1', 3: '1', 5: '1', 7: '1', 9: '1', 11: '1', 13: '1', 15: '1', 17: '1', 19: '1', 21: '1', 23: '1', 25: '1', 27: '1', 29: '1', 31: '1', 33: '1', 35: '1', 37: '1', 39: '1', 41: '1', 43: '1', 45: '1', 47: '1', 49: '1', 51: '1', 55: '2', 57: '1', 59: '1', 61: '1', 63: '1', 65: '1', 67: '1', 69: '1', 71: '1', 73: '1', 75: '1', 77: '1', 79: '1', 81: '1', 83: '1', 85: '1', 87: '1', 89: '1', 91: '1', 93: '1', 95: '1', 97: '1', 99: '1', 101: '1', 103: '1', 105: '1'}
  m=107: forced n_c = {1: '1', 2: '1', 3: '1', 4: '1', 5: '1', 6: '1', 7: '1', 8: '1', 9: '1', 10: '1', 11: '1', 12: '1', 13: '1', 14: '1', 15: '1', 16: '1', 17: '1', 18: '1', 19: '1', 20: '1', 21: '1', 22: '1', 23: '1', 24: '1', 25: '1', 26: '1', 27: '1', 28: '1', 29: '1', 30: '1', 31: '1', 32: '1', 33: '1', 34: '1', 35: '1', 36: '1', 37: '1', 38: '1', 39: '1', 40: '1', 41: '1', 42: '1', 43: '1', 44: '1', 45: '1', 46: '1', 47: '1', 48: '1', 49: '1', 50: '1', 51: '1', 52: '1', 53: '1', 54: '1', 55: '1', 56: '1', 57: '1', 58: '1', 59: '1', 60: '1', 61: '1', 62: '1', 63: '1', 64: '1', 65: '1', 66: '1', 67: '1', 68: '1', 69: '1', 70: '1', 71: '1', 72: '1', 73: '1', 74: '1', 75: '1', 76: '1', 77: '1', 78: '1', 79: '1', 80: '1', 81: '1', 82: '1', 83: '1', 84: '1', 85: '1', 86: '1', 87: '1', 88: '1', 89: '1', 90: '1', 91: '1', 92: '1', 93: '1', 94: '1', 95: '1', 96: '1', 97: '1', 98: '1', 99: '1', 100: '1', 101: '1', 102: '1', 103: '1', 104: '1', 105: '1', 106: '1'}
  m=109: forced n_c = {1: '1', 2: '1', 3: '1', 4: '1', 5: '1', 6: '1', 7: '1', 8: '1', 9: '1', 10: '1', 11: '1', 12: '1', 13: '1', 14: '1', 15: '1', 16: '1', 17: '1', 18: '1', 19: '1', 20: '1', 21: '1', 22: '1', 23: '1', 24: '1', 25: '1', 26: '1', 27: '1', 28: '1', 29: '1', 30: '1', 31: '1', 32: '1', 33: '1', 34: '1', 35: '1', 36: '1', 37: '1', 38: '1', 39: '1', 40: '1', 41: '1', 42: '1', 43: '1', 44: '1', 45: '1', 46: '1', 47: '1', 48: '1', 49: '1', 50: '1', 51: '1', 52: '1', 53: '1', 54: '1', 55: '1', 56: '1', 57: '1', 58: '1', 59: '1', 60: '1', 61: '1', 62: '1', 63: '1', 64: '1', 65: '1', 66: '1', 67: '1', 68: '1', 69: '1', 70: '1', 71: '1', 72: '1', 73: '1', 74: '1', 75: '1', 76: '1', 77: '1', 78: '1', 79: '1', 80: '1', 81: '1', 82: '1', 83: '1', 84: '1', 85: '1', 86: '1', 87: '1', 88: '1', 89: '1', 90: '1', 91: '1', 92: '1', 93: '1', 94: '1', 95: '1', 96: '1', 97: '1', 98: '1', 99: '1', 100: '1', 101: '1', 102: '1', 103: '1', 104: '1', 105: '1', 106: '1', 107: '1', 108: '1'}
  m=110: forced n_c = {1: '1', 3: '0', 7: '0', 9: '0', 13: '0', 17: '0', 19: '0', 21: '1', 23: '0', 27: '1', 29: '0', 31: '1', 37: '0', 39: '0', 41: '1', 43: '0', 47: '0', 49: '1', 51: '1', 53: '0', 57: '1', 59: '0', 61: '1', 63: '0', 67: '0', 69: '0', 71: '2', 73: '0', 79: '0', 81: '1', 83: '0', 87: '0', 89: '0', 91: '1', 93: '1', 97: '0', 101: '1', 103: '0', 107: '0', 109: '0'}
  m=111: forced n_c = {1: '1', 2: '0', 4: '1', 5: '0', 7: '1', 8: '0', 10: '1', 11: '0', 13: '1', 14: '0', 16: '1', 17: '0', 19: '1', 20: '0', 22: '1', 23: '0', 25: '1', 26: '0', 28: '1', 29: '0', 31: '1', 32: '0', 34: '1', 35: '0', 38: '0', 40: '2', 41: '0', 43: '1', 44: '0', 46: '1', 47: '0', 49: '1', 50: '0', 52: '1', 53: '0', 55: '1', 56: '0', 58: '1', 59: '0', 61: '1', 62: '0', 64: '1', 65: '0', 67: '1', 68: '0', 70: '1', 71: '0', 73: '1', 76: '1', 77: '1', 79: '1', 80: '0', 82: '1', 83: '0', 85: '1', 86: '0', 88: '1', 89: '0', 91: '1', 92: '0', 94: '1', 95: '0', 97: '1', 98: '0', 100: '1', 101: '0', 103: '1', 104: '0', 106: '1', 107: '0', 109: '1', 110: '0'}
  m=113: forced n_c = {1: '1', 2: '1', 3: '1', 4: '1', 5: '1', 6: '1', 7: '1', 8: '1', 9: '1', 10: '1', 11: '1', 12: '1', 13: '1', 14: '1', 15: '1', 16: '1', 17: '1', 18: '1', 19: '1', 20: '1', 21: '1', 22: '1', 23: '1', 24: '1', 25: '1', 26: '1', 27: '1', 28: '1', 29: '1', 30: '1', 31: '1', 32: '1', 33: '1', 34: '1', 35: '1', 36: '1', 37: '1', 38: '1', 39: '1', 40: '1', 41: '1', 42: '1', 43: '1', 44: '1', 45: '1', 46: '1', 47: '1', 48: '1', 49: '1', 50: '1', 51: '1', 52: '1', 53: '1', 54: '1', 55: '1', 56: '1', 57: '1', 58: '1', 59: '1', 60: '1', 61: '1', 62: '1', 63: '1', 64: '1', 65: '1', 66: '1', 67: '1', 68: '1', 69: '1', 70: '1', 71: '1', 72: '1', 73: '1', 74: '1', 75: '1', 76: '1', 77: '1', 78: '1', 79: '1', 80: '1', 81: '1', 82: '1', 83: '1', 84: '1', 85: '1', 86: '1', 87: '1', 88: '1', 89: '1', 90: '1', 91: '1', 92: '1', 93: '1', 94: '1', 95: '1', 96: '1', 97: '1', 98: '1', 99: '1', 100: '1', 101: '1', 102: '1', 103: '1', 104: '1', 105: '1', 106: '1', 107: '1', 108: '1', 109: '1', 110: '1', 111: '1', 112: '1'}
  m=114: forced n_c = {1: '1', 5: '0', 7: '1', 11: '0', 13: '1', 17: '0', 23: '0', 25: '1', 29: '0', 31: '1', 35: '0', 37: '1', 41: '1', 43: '1', 47: '0', 49: '1', 53: '0', 55: '1', 59: '1', 61: '1', 65: '0', 67: '1', 71: '0', 73: '1', 77: '0', 79: '2', 83: '0', 85: '1', 89: '0', 91: '1', 97: '1', 101: '0', 103: '1', 107: '0', 109: '1', 113: '0'}
  m=115: forced n_c = {1: '0', 2: '0', 3: '1', 4: '0', 6: '0', 7: '0', 8: '1', 9: '0', 11: '0', 12: '0', 13: '1', 14: '0', 16: '0', 17: '0', 18: '1', 19: '0', 21: '0', 22: '0', 24: '0', 26: '0', 27: '0', 28: '2', 29: '0', 31: '0', 32: '0', 33: '1', 34: '0', 36: '0', 37: '0', 38: '1', 39: '0', 41: '0', 42: '0', 43: '1', 44: '0', 47: '0', 48: '1', 49: '0', 51: '1', 52: '0', 53: '1', 54: '0', 56: '0', 57: '0', 58: '1', 59: '0', 61: '0', 62: '0', 63: '1', 64: '0', 66: '0', 67: '0', 68: '1', 71: '0', 72: '0', 73: '1', 74: '1', 76: '0', 77: '0', 78: '1', 79: '0', 81: '0', 82: '0', 83: '1', 84: '0', 86: '0', 87: '0', 88: '1', 89: '0', 91: '0', 93: '1', 94: '0', 96: '0', 97: '1', 98: '1', 99: '0', 101: '0', 102: '0', 103: '1', 104: '0', 106: '0', 107: '0', 108: '1', 109: '0', 111: '0', 112: '0', 113: '1', 114: '0'}
  m=118: forced n_c = {1: '1', 3: '1', 5: '1', 7: '1', 9: '1', 11: '1', 13: '1', 15: '1', 17: '1', 19: '1', 21: '1', 23: '1', 25: '1', 27: '1', 29: '1', 31: '1', 33: '1', 35: '1', 37: '1', 39: '1', 41: '1', 43: '1', 45: '1', 47: '1', 49: '1', 51: '1', 53: '1', 55: '1', 57: '1', 61: '2', 63: '1', 65: '1', 67: '1', 69: '1', 71: '1', 73: '1', 75: '1', 77: '1', 79: '1', 81: '1', 83: '1', 85: '1', 87: '1', 89: '1', 91: '1', 93: '1', 95: '1', 97: '1', 99: '1', 101: '1', 103: '1', 105: '1', 107: '1', 109: '1', 111: '1', 113: '1', 115: '1', 117: '1'}
  m=119: forced n_c = {1: '0', 2: '0', 3: '1', 4: '0', 5: '0', 6: '0', 8: '0', 9: '0', 10: '1', 11: '0', 12: '0', 13: '0', 15: '0', 16: '0', 18: '0', 19: '0', 20: '0', 22: '0', 23: '0', 24: '2', 25: '0', 26: '0', 27: '0', 29: '0', 30: '0', 31: '1', 32: '0', 33: '0', 36: '0', 37: '0', 38: '1', 39: '0', 40: '0', 41: '1', 43: '0', 44: '0', 45: '1', 46: '0', 47: '0', 48: '0', 50: '0', 52: '1', 53: '0', 54: '0', 55: '0', 57: '0', 58: '1', 59: '1', 60: '0', 61: '0', 62: '0', 64: '0', 65: '0', 66: '1', 67: '0', 69: '0', 71: '0', 72: '0', 73: '1', 74: '0', 75: '1', 76: '0', 78: '0', 79: '0', 80: '1', 81: '0', 82: '0', 83: '0', 86: '0', 87: '1', 88: '0', 89: '0', 90: '0', 92: '1', 93: '0', 94: '1', 95: '0', 96: '0', 97: '0', 99: '0', 100: '0', 101: '1', 103: '0', 104: '0', 106: '0', 107: '0', 108: '1', 109: '1', 110: '0', 111: '0', 113: '0', 114: '0', 115: '1', 116: '0', 117: '0', 118: '0'}
  m=122: forced n_c = {1: '1', 3: '1', 5: '1', 7: '1', 9: '1', 11: '1', 13: '1', 15: '1', 17: '1', 19: '1', 21: '1', 23: '1', 25: '1', 27: '1', 29: '1', 31: '1', 33: '1', 35: '1', 37: '1', 39: '1', 41: '1', 43: '1', 45: '1', 47: '1', 49: '1', 51: '1', 53: '1', 55: '1', 57: '1', 59: '1', 63: '2', 65: '1', 67: '1', 69: '1', 71: '1', 73: '1', 75: '1', 77: '1', 79: '1', 81: '1', 83: '1', 85: '1', 87: '1', 89: '1', 91: '1', 93: '1', 95: '1', 97: '1', 99: '1', 101: '1', 103: '1', 105: '1', 107: '1', 109: '1', 111: '1', 113: '1', 115: '1', 117: '1', 119: '1', 121: '1'}
  m=123: forced n_c = {1: '0', 2: '1', 4: '0', 5: '1', 7: '0', 8: '1', 10: '0', 11: '1', 13: '0', 14: '1', 16: '0', 17: '1', 19: '0', 20: '1', 22: '0', 23: '1', 25: '0', 26: '1', 28: '0', 29: '1', 31: '0', 32: '1', 34: '0', 35: '1', 37: '0', 38: '1', 40: '0', 43: '0', 44: '2', 46: '0', 47: '1', 49: '0', 50: '1', 52: '0', 53: '1', 55: '0', 56: '1', 58: '0', 59: '1', 61: '0', 62: '1', 64: '0', 65: '1', 67: '0', 68: '1', 70: '0', 71: '1', 73: '0', 74: '1', 76: '0', 77: '1', 79: '0', 80: '1', 83: '1', 85: '1', 86: '1', 88: '0', 89: '1', 91: '0', 92: '1', 94: '0', 95: '1', 97: '0', 98: '1', 100: '0', 101: '1', 103: '0', 104: '1', 106: '0', 107: '1', 109: '0', 110: '1', 112: '0', 113: '1', 115: '0', 116: '1', 118: '0', 119: '1', 121: '0', 122: '1'}
  m=127: forced n_c = {1: '1', 2: '1', 3: '1', 4: '1', 5: '1', 6: '1', 7: '1', 8: '1', 9: '1', 10: '1', 11: '1', 12: '1', 13: '1', 14: '1', 15: '1', 16: '1', 17: '1', 18: '1', 19: '1', 20: '1', 21: '1', 22: '1', 23: '1', 24: '1', 25: '1', 26: '1', 27: '1', 28: '1', 29: '1', 30: '1', 31: '1', 32: '1', 33: '1', 34: '1', 35: '1', 36: '1', 37: '1', 38: '1', 39: '1', 40: '1', 41: '1', 42: '1', 43: '1', 44: '1', 45: '1', 46: '1', 47: '1', 48: '1', 49: '1', 50: '1', 51: '1', 52: '1', 53: '1', 54: '1', 55: '1', 56: '1', 57: '1', 58: '1', 59: '1', 60: '1', 61: '1', 62: '1', 63: '1', 64: '1', 65: '1', 66: '1', 67: '1', 68: '1', 69: '1', 70: '1', 71: '1', 72: '1', 73: '1', 74: '1', 75: '1', 76: '1', 77: '1', 78: '1', 79: '1', 80: '1', 81: '1', 82: '1', 83: '1', 84: '1', 85: '1', 86: '1', 87: '1', 88: '1', 89: '1', 90: '1', 91: '1', 92: '1', 93: '1', 94: '1', 95: '1', 96: '1', 97: '1', 98: '1', 99: '1', 100: '1', 101: '1', 102: '1', 103: '1', 104: '1', 105: '1', 106: '1', 107: '1', 108: '1', 109: '1', 110: '1', 111: '1', 112: '1', 113: '1', 114: '1', 115: '1', 116: '1', 117: '1', 118: '1', 119: '1', 120: '1', 121: '1', 122: '1', 123: '1', 124: '1', 125: '1', 126: '1'}
  m=129: forced n_c = {1: '1', 2: '0', 4: '1', 5: '0', 7: '1', 8: '0', 10: '1', 11: '0', 13: '1', 14: '0', 16: '1', 17: '0', 19: '1', 20: '0', 22: '1', 23: '0', 25: '1', 26: '0', 28: '1', 29: '0', 31: '1', 32: '0', 34: '1', 35: '0', 37: '1', 38: '0', 40: '1', 41: '0', 44: '0', 46: '2', 47: '0', 49: '1', 50: '0', 52: '1', 53: '0', 55: '1', 56: '0', 58: '1', 59: '0', 61: '1', 62: '0', 64: '1', 65: '0', 67: '1', 68: '0', 70: '1', 71: '0', 73: '1', 74: '0', 76: '1', 77: '0', 79: '1', 80: '0', 82: '1', 83: '0', 85: '1', 88: '1', 89: '1', 91: '1', 92: '0', 94: '1', 95: '0', 97: '1', 98: '0', 100: '1', 101: '0', 103: '1', 104: '0', 106: '1', 107: '0', 109: '1', 110: '0', 112: '1', 113: '0', 115: '1', 116: '0', 118: '1', 119: '0', 121: '1', 122: '0', 124: '1', 125: '0', 127: '1', 128: '0'}
  m=130: forced n_c = {1: '0', 3: '1', 7: '0', 9: '0', 11: '0', 17: '0', 19: '0', 21: '0', 23: '1', 27: '0', 29: '0', 31: '1', 33: '1', 37: '0', 41: '0', 43: '1', 47: '0', 49: '0', 51: '0', 53: '1', 57: '1', 59: '0', 61: '0', 63: '1', 67: '1', 69: '0', 71: '0', 73: '1', 77: '0', 79: '0', 81: '0', 83: '2', 87: '0', 89: '0', 93: '1', 97: '0', 99: '0', 101: '0', 103: '1', 107: '0', 109: '1', 111: '0', 113: '1', 119: '0', 121: '0', 123: '1', 127: '0', 129: '0'}
  m=131: forced n_c = {1: '1', 2: '1', 3: '1', 4: '1', 5: '1', 6: '1', 7: '1', 8: '1', 9: '1', 10: '1', 11: '1', 12: '1', 13: '1', 14: '1', 15: '1', 16: '1', 17: '1', 18: '1', 19: '1', 20: '1', 21: '1', 22: '1', 23: '1', 24: '1', 25: '1', 26: '1', 27: '1', 28: '1', 29: '1', 30: '1', 31: '1', 32: '1', 33: '1', 34: '1', 35: '1', 36: '1', 37: '1', 38: '1', 39: '1', 40: '1', 41: '1', 42: '1', 43: '1', 44: '1', 45: '1', 46: '1', 47: '1', 48: '1', 49: '1', 50: '1', 51: '1', 52: '1', 53: '1', 54: '1', 55: '1', 56: '1', 57: '1', 58: '1', 59: '1', 60: '1', 61: '1', 62: '1', 63: '1', 64: '1', 65: '1', 66: '1', 67: '1', 68: '1', 69: '1', 70: '1', 71: '1', 72: '1', 73: '1', 74: '1', 75: '1', 76: '1', 77: '1', 78: '1', 79: '1', 80: '1', 81: '1', 82: '1', 83: '1', 84: '1', 85: '1', 86: '1', 87: '1', 88: '1', 89: '1', 90: '1', 91: '1', 92: '1', 93: '1', 94: '1', 95: '1', 96: '1', 97: '1', 98: '1', 99: '1', 100: '1', 101: '1', 102: '1', 103: '1', 104: '1', 105: '1', 106: '1', 107: '1', 108: '1', 109: '1', 110: '1', 111: '1', 112: '1', 113: '1', 114: '1', 115: '1', 116: '1', 117: '1', 118: '1', 119: '1', 120: '1', 121: '1', 122: '1', 123: '1', 124: '1', 125: '1', 126: '1', 127: '1', 128: '1', 129: '1', 130: '1'}
  m=133: forced n_c = {1: '0', 2: '0', 3: '0', 4: '0', 5: '1', 6: '0', 8: '0', 9: '0', 10: '0', 11: '0', 12: '1', 13: '0', 15: '0', 16: '0', 17: '0', 18: '0', 20: '0', 22: '0', 23: '0', 24: '0', 25: '0', 26: '2', 27: '0', 29: '0', 30: '0', 31: '0', 32: '0', 33: '1', 34: '0', 36: '0', 37: '0', 39: '0', 40: '1', 41: '0', 43: '0', 44: '0', 45: '1', 46: '0', 47: '1', 48: '0', 50: '0', 51: '0', 52: '0', 53: '0', 54: '1', 55: '0', 58: '0', 59: '0', 60: '0', 61: '1', 62: '0', 64: '1', 65: '0', 66: '0', 67: '0', 68: '1', 69: '0', 71: '0', 72: '0', 73: '0', 74: '0', 75: '1', 78: '0', 79: '0', 80: '0', 81: '0', 82: '1', 83: '1', 85: '0', 86: '0', 87: '0', 88: '0', 89: '1', 90: '0', 92: '0', 93: '0', 94: '0', 96: '1', 97: '0', 99: '0', 100: '0', 101: '0', 102: '1', 103: '1', 104: '0', 106: '0', 107: '0', 108: '0', 109: '0', 110: '1', 111: '0', 113: '0', 115: '0', 116: '0', 117: '1', 118: '0', 120: '0', 121: '1', 122: '0', 123: '0', 124: '1', 125: '0', 127: '0', 128: '0', 129: '0', 130: '0', 131: '1', 132: '0'}
  m=134: forced n_c = {1: '1', 3: '1', 5: '1', 7: '1', 9: '1', 11: '1', 13: '1', 15: '1', 17: '1', 19: '1', 21: '1', 23: '1', 25: '1', 27: '1', 29: '1', 31: '1', 33: '1', 35: '1', 37: '1', 39: '1', 41: '1', 43: '1', 45: '1', 47: '1', 49: '1', 51: '1', 53: '1', 55: '1', 57: '1', 59: '1', 61: '1', 63: '1', 65: '1', 69: '2', 71: '1', 73: '1', 75: '1', 77: '1', 79: '1', 81: '1', 83: '1', 85: '1', 87: '1', 89: '1', 91: '1', 93: '1', 95: '1', 97: '1', 99: '1', 101: '1', 103: '1', 105: '1', 107: '1', 109: '1', 111: '1', 113: '1', 115: '1', 117: '1', 119: '1', 121: '1', 123: '1', 125: '1', 127: '1', 129: '1', 131: '1', 133: '1'}
  m=137: forced n_c = {1: '1', 2: '1', 3: '1', 4: '1', 5: '1', 6: '1', 7: '1', 8: '1', 9: '1', 10: '1', 11: '1', 12: '1', 13: '1', 14: '1', 15: '1', 16: '1', 17: '1', 18: '1', 19: '1', 20: '1', 21: '1', 22: '1', 23: '1', 24: '1', 25: '1', 26: '1', 27: '1', 28: '1', 29: '1', 30: '1', 31: '1', 32: '1', 33: '1', 34: '1', 35: '1', 36: '1', 37: '1', 38: '1', 39: '1', 40: '1', 41: '1', 42: '1', 43: '1', 44: '1', 45: '1', 46: '1', 47: '1', 48: '1', 49: '1', 50: '1', 51: '1', 52: '1', 53: '1', 54: '1', 55: '1', 56: '1', 57: '1', 58: '1', 59: '1', 60: '1', 61: '1', 62: '1', 63: '1', 64: '1', 65: '1', 66: '1', 67: '1', 68: '1', 69: '1', 70: '1', 71: '1', 72: '1', 73: '1', 74: '1', 75: '1', 76: '1', 77: '1', 78: '1', 79: '1', 80: '1', 81: '1', 82: '1', 83: '1', 84: '1', 85: '1', 86: '1', 87: '1', 88: '1', 89: '1', 90: '1', 91: '1', 92: '1', 93: '1', 94: '1', 95: '1', 96: '1', 97: '1', 98: '1', 99: '1', 100: '1', 101: '1', 102: '1', 103: '1', 104: '1', 105: '1', 106: '1', 107: '1', 108: '1', 109: '1', 110: '1', 111: '1', 112: '1', 113: '1', 114: '1', 115: '1', 116: '1', 117: '1', 118: '1', 119: '1', 120: '1', 121: '1', 122: '1', 123: '1', 124: '1', 125: '1', 126: '1', 127: '1', 128: '1', 129: '1', 130: '1', 131: '1', 132: '1', 133: '1', 134: '1', 135: '1', 136: '1'}
  m=138: forced n_c = {1: '0', 5: '1', 7: '0', 11: '1', 13: '0', 17: '1', 19: '0', 25: '0', 29: '1', 31: '0', 35: '1', 37: '0', 41: '1', 43: '0', 47: '1', 49: '1', 53: '1', 55: '0', 59: '1', 61: '0', 65: '1', 67: '0', 71: '2', 73: '0', 77: '1', 79: '0', 83: '1', 85: '0', 89: '1', 91: '0', 95: '2', 97: '0', 101: '1', 103: '0', 107: '1', 109: '0', 113: '1', 119: '1', 121: '0', 125: '1', 127: '0', 131: '1', 133: '0', 137: '1'}
  m=139: forced n_c = {1: '1', 2: '1', 3: '1', 4: '1', 5: '1', 6: '1', 7: '1', 8: '1', 9: '1', 10: '1', 11: '1', 12: '1', 13: '1', 14: '1', 15: '1', 16: '1', 17: '1', 18: '1', 19: '1', 20: '1', 21: '1', 22: '1', 23: '1', 24: '1', 25: '1', 26: '1', 27: '1', 28: '1', 29: '1', 30: '1', 31: '1', 32: '1', 33: '1', 34: '1', 35: '1', 36: '1', 37: '1', 38: '1', 39: '1', 40: '1', 41: '1', 42: '1', 43: '1', 44: '1', 45: '1', 46: '1', 47: '1', 48: '1', 49: '1', 50: '1', 51: '1', 52: '1', 53: '1', 54: '1', 55: '1', 56: '1', 57: '1', 58: '1', 59: '1', 60: '1', 61: '1', 62: '1', 63: '1', 64: '1', 65: '1', 66: '1', 67: '1', 68: '1', 69: '1', 70: '1', 71: '1', 72: '1', 73: '1', 74: '1', 75: '1', 76: '1', 77: '1', 78: '1', 79: '1', 80: '1', 81: '1', 82: '1', 83: '1', 84: '1', 85: '1', 86: '1', 87: '1', 88: '1', 89: '1', 90: '1', 91: '1', 92: '1', 93: '1', 94: '1', 95: '1', 96: '1', 97: '1', 98: '1', 99: '1', 100: '1', 101: '1', 102: '1', 103: '1', 104: '1', 105: '1', 106: '1', 107: '1', 108: '1', 109: '1', 110: '1', 111: '1', 112: '1', 113: '1', 114: '1', 115: '1', 116: '1', 117: '1', 118: '1', 119: '1', 120: '1', 121: '1', 122: '1', 123: '1', 124: '1', 125: '1', 126: '1', 127: '1', 128: '1', 129: '1', 130: '1', 131: '1', 132: '1', 133: '1', 134: '1', 135: '1', 136: '1', 137: '1', 138: '1'}
  m=141: forced n_c = {1: '0', 2: '1', 4: '0', 5: '1', 7: '0', 8: '1', 10: '0', 11: '1', 13: '0', 14: '1', 16: '0', 17: '1', 19: '0', 20: '1', 22: '0', 23: '1', 25: '0', 26: '1', 28: '0', 29: '1', 31: '0', 32: '1', 34: '0', 35: '1', 37: '0', 38: '1', 40: '0', 41: '1', 43: '0', 44: '1', 46: '0', 49: '0', 50: '2', 52: '0', 53: '1', 55: '0', 56: '1', 58: '0', 59: '1', 61: '0', 62: '1', 64: '0', 65: '1', 67: '0', 68: '1', 70: '0', 71: '1', 73: '0', 74: '1', 76: '0', 77: '1', 79: '0', 80: '1', 82: '0', 83: '1', 85: '0', 86: '1', 88: '0', 89: '1', 91: '0', 92: '1', 95: '1', 97: '1', 98: '1', 100: '0', 101: '1', 103: '0', 104: '1', 106: '0', 107: '1', 109: '0', 110: '1', 112: '0', 113: '1', 115: '0', 116: '1', 118: '0', 119: '1', 121: '0', 122: '1', 124: '0', 125: '1', 127: '0', 128: '1', 130: '0', 131: '1', 133: '0', 134: '1', 136: '0', 137: '1', 139: '0', 140: '1'}
  m=142: forced n_c = {1: '1', 3: '1', 5: '1', 7: '1', 9: '1', 11: '1', 13: '1', 15: '1', 17: '1', 19: '1', 21: '1', 23: '1', 25: '1', 27: '1', 29: '1', 31: '1', 33: '1', 35: '1', 37: '1', 39: '1', 41: '1', 43: '1', 45: '1', 47: '1', 49: '1', 51: '1', 53: '1', 55: '1', 57: '1', 59: '1', 61: '1', 63: '1', 65: '1', 67: '1', 69: '1', 73: '2', 75: '1', 77: '1', 79: '1', 81: '1', 83: '1', 85: '1', 87: '1', 89: '1', 91: '1', 93: '1', 95: '1', 97: '1', 99: '1', 101: '1', 103: '1', 105: '1', 107: '1', 109: '1', 111: '1', 113: '1', 115: '1', 117: '1', 119: '1', 121: '1', 123: '1', 125: '1', 127: '1', 129: '1', 131: '1', 133: '1', 135: '1', 137: '1', 139: '1', 141: '1'}
  m=143: forced n_c = {1: '0', 2: '1', 3: '0', 4: '0', 5: '0', 6: '0', 7: '0', 8: '0', 9: '0', 10: '0', 12: '0', 14: '0', 15: '0', 16: '0', 17: '0', 18: '0', 19: '0', 20: '0', 21: '0', 23: '0', 24: '2', 25: '0', 27: '0', 28: '0', 29: '0', 30: '0', 31: '0', 32: '0', 34: '0', 35: '1', 36: '0', 37: '1', 38: '0', 40: '0', 41: '0', 42: '0', 43: '0', 45: '0', 46: '1', 47: '0', 48: '0', 49: '0', 50: '1', 51: '0', 53: '0', 54: '0', 56: '0', 57: '1', 58: '0', 59: '0', 60: '0', 61: '0', 62: '0', 63: '1', 64: '0', 67: '0', 68: '1', 69: '0', 70: '0', 71: '0', 72: '0', 73: '0', 74: '0', 75: '0', 76: '1', 79: '1', 80: '0', 81: '0', 82: '0', 83: '0', 84: '0', 85: '0', 86: '0', 87: '0', 89: '1', 90: '1', 92: '0', 93: '0', 94: '0', 95: '0', 96: '0', 97: '0', 98: '0', 100: '0', 101: '1', 102: '1', 103: '0', 105: '0', 106: '0', 107: '0', 108: '0', 109: '0', 111: '0', 112: '1', 113: '0', 114: '0', 115: '1', 116: '0', 118: '0', 119: '0', 120: '0', 122: '0', 123: '1', 124: '0', 125: '0', 126: '0', 127: '0', 128: '1', 129: '0', 131: '0', 133: '0', 134: '1', 135: '0', 136: '0', 137: '0', 138: '0', 139: '0', 140: '0', 141: '1', 142: '0'}
  m=145: forced n_c = {1: '0', 2: '0', 3: '0', 4: '1', 6: '0', 7: '0', 8: '0', 9: '1', 11: '0', 12: '0', 13: '0', 14: '1', 16: '0', 17: '0', 18: '0', 19: '1', 21: '0', 22: '0', 23: '0', 24: '1', 26: '0', 27: '0', 28: '0', 31: '0', 32: '0', 33: '0', 34: '2', 36: '0', 37: '0', 38: '0', 39: '1', 41: '0', 42: '0', 43: '0', 44: '1', 46: '0', 47: '0', 48: '0', 49: '1', 51: '0', 52: '0', 53: '0', 54: '1', 56: '0', 57: '0', 59: '1', 61: '0', 62: '0', 63: '1', 64: '1', 66: '0', 67: '0', 68: '0', 69: '1', 71: '0', 72: '0', 73: '0', 74: '1', 76: '0', 77: '0', 78: '0', 79: '1', 81: '0', 82: '0', 83: '0', 84: '1', 86: '0', 88: '0', 89: '1', 91: '0', 92: '1', 93: '0', 94: '1', 96: '0', 97: '0', 98: '0', 99: '1', 101: '0', 102: '0', 103: '0', 104: '1', 106: '0', 107: '0', 108: '0', 109: '1', 111: '0', 112: '0', 113: '0', 114: '1', 117: '0', 118: '0', 119: '1', 121: '1', 122: '0', 123: '0', 124: '1', 126: '0', 127: '0', 128: '0', 129: '1', 131: '0', 132: '0', 133: '0', 134: '1', 136: '0', 137: '0', 138: '0', 139: '1', 141: '0', 142: '0', 143: '0', 144: '1'}
  m=146: forced n_c = {1: '1', 3: '1', 5: '1', 7: '1', 9: '1', 11: '1', 13: '1', 15: '1', 17: '1', 19: '1', 21: '1', 23: '1', 25: '1', 27: '1', 29: '1', 31: '1', 33: '1', 35: '1', 37: '1', 39: '1', 41: '1', 43: '1', 45: '1', 47: '1', 49: '1', 51: '1', 53: '1', 55: '1', 57: '1', 59: '1', 61: '1', 63: '1', 65: '1', 67: '1', 69: '1', 71: '1', 75: '2', 77: '1', 79: '1', 81: '1', 83: '1', 85: '1', 87: '1', 89: '1', 91: '1', 93: '1', 95: '1', 97: '1', 99: '1', 101: '1', 103: '1', 105: '1', 107: '1', 109: '1', 111: '1', 113: '1', 115: '1', 117: '1', 119: '1', 121: '1', 123: '1', 125: '1', 127: '1', 129: '1', 131: '1', 133: '1', 135: '1', 137: '1', 139: '1', 141: '1', 143: '1', 145: '1'}
  m=149: forced n_c = {1: '1', 2: '1', 3: '1', 4: '1', 5: '1', 6: '1', 7: '1', 8: '1', 9: '1', 10: '1', 11: '1', 12: '1', 13: '1', 14: '1', 15: '1', 16: '1', 17: '1', 18: '1', 19: '1', 20: '1', 21: '1', 22: '1', 23: '1', 24: '1', 25: '1', 26: '1', 27: '1', 28: '1', 29: '1', 30: '1', 31: '1', 32: '1', 33: '1', 34: '1', 35: '1', 36: '1', 37: '1', 38: '1', 39: '1', 40: '1', 41: '1', 42: '1', 43: '1', 44: '1', 45: '1', 46: '1', 47: '1', 48: '1', 49: '1', 50: '1', 51: '1', 52: '1', 53: '1', 54: '1', 55: '1', 56: '1', 57: '1', 58: '1', 59: '1', 60: '1', 61: '1', 62: '1', 63: '1', 64: '1', 65: '1', 66: '1', 67: '1', 68: '1', 69: '1', 70: '1', 71: '1', 72: '1', 73: '1', 74: '1', 75: '1', 76: '1', 77: '1', 78: '1', 79: '1', 80: '1', 81: '1', 82: '1', 83: '1', 84: '1', 85: '1', 86: '1', 87: '1', 88: '1', 89: '1', 90: '1', 91: '1', 92: '1', 93: '1', 94: '1', 95: '1', 96: '1', 97: '1', 98: '1', 99: '1', 100: '1', 101: '1', 102: '1', 103: '1', 104: '1', 105: '1', 106: '1', 107: '1', 108: '1', 109: '1', 110: '1', 111: '1', 112: '1', 113: '1', 114: '1', 115: '1', 116: '1', 117: '1', 118: '1', 119: '1', 120: '1', 121: '1', 122: '1', 123: '1', 124: '1', 125: '1', 126: '1', 127: '1', 128: '1', 129: '1', 130: '1', 131: '1', 132: '1', 133: '1', 134: '1', 135: '1', 136: '1', 137: '1', 138: '1', 139: '1', 140: '1', 141: '1', 142: '1', 143: '1', 144: '1', 145: '1', 146: '1', 147: '1', 148: '1'}
  m=151: forced n_c = {1: '1', 2: '1', 3: '1', 4: '1', 5: '1', 6: '1', 7: '1', 8: '1', 9: '1', 10: '1', 11: '1', 12: '1', 13: '1', 14: '1', 15: '1', 16: '1', 17: '1', 18: '1', 19: '1', 20: '1', 21: '1', 22: '1', 23: '1', 24: '1', 25: '1', 26: '1', 27: '1', 28: '1', 29: '1', 30: '1', 31: '1', 32: '1', 33: '1', 34: '1', 35: '1', 36: '1', 37: '1', 38: '1', 39: '1', 40: '1', 41: '1', 42: '1', 43: '1', 44: '1', 45: '1', 46: '1', 47: '1', 48: '1', 49: '1', 50: '1', 51: '1', 52: '1', 53: '1', 54: '1', 55: '1', 56: '1', 57: '1', 58: '1', 59: '1', 60: '1', 61: '1', 62: '1', 63: '1', 64: '1', 65: '1', 66: '1', 67: '1', 68: '1', 69: '1', 70: '1', 71: '1', 72: '1', 73: '1', 74: '1', 75: '1', 76: '1', 77: '1', 78: '1', 79: '1', 80: '1', 81: '1', 82: '1', 83: '1', 84: '1', 85: '1', 86: '1', 87: '1', 88: '1', 89: '1', 90: '1', 91: '1', 92: '1', 93: '1', 94: '1', 95: '1', 96: '1', 97: '1', 98: '1', 99: '1', 100: '1', 101: '1', 102: '1', 103: '1', 104: '1', 105: '1', 106: '1', 107: '1', 108: '1', 109: '1', 110: '1', 111: '1', 112: '1', 113: '1', 114: '1', 115: '1', 116: '1', 117: '1', 118: '1', 119: '1', 120: '1', 121: '1', 122: '1', 123: '1', 124: '1', 125: '1', 126: '1', 127: '1', 128: '1', 129: '1', 130: '1', 131: '1', 132: '1', 133: '1', 134: '1', 135: '1', 136: '1', 137: '1', 138: '1', 139: '1', 140: '1', 141: '1', 142: '1', 143: '1', 144: '1', 145: '1', 146: '1', 147: '1', 148: '1', 149: '1', 150: '1'}
  m=154: forced n_c = {1: '0', 3: '0', 5: '0', 9: '0', 13: '0', 15: '0', 17: '0', 19: '0', 23: '0', 25: '1', 27: '0', 29: '1', 31: '0', 37: '0', 39: '1', 41: '0', 43: '0', 45: '0', 47: '0', 51: '1', 53: '1', 57: '0', 59: '0', 61: '0', 65: '0', 67: '1', 69: '0', 71: '0', 73: '1', 75: '0', 79: '1', 81: '1', 83: '0', 85: '0', 87: '0', 89: '0', 93: '0', 95: '2', 97: '0', 101: '0', 103: '0', 107: '0', 109: '1', 111: '0', 113: '0', 115: '0', 117: '1', 123: '1', 125: '0', 127: '0', 129: '0', 131: '0', 135: '0', 137: '1', 139: '1', 141: '0', 145: '0', 149: '0', 151: '1', 153: '0'}
  m=155: forced n_c = {1: '1', 2: '0', 3: '0', 4: '0', 6: '1', 7: '0', 8: '0', 9: '0', 11: '1', 12: '0', 13: '0', 14: '0', 16: '1', 17: '0', 18: '0', 19: '0', 21: '1', 22: '0', 23: '0', 24: '0', 26: '1', 27: '0', 28: '0', 29: '0', 32: '0', 33: '0', 34: '0', 36: '2', 37: '0', 38: '0', 39: '0', 41: '1', 42: '0', 43: '0', 44: '0', 46: '1', 47: '0', 48: '0', 49: '0', 51: '1', 52: '0', 53: '0', 54: '0', 56: '1', 57: '0', 58: '0', 59: '0', 61: '1', 63: '0', 64: '0', 66: '1', 67: '1', 68: '0', 69: '0', 71: '1', 72: '0', 73: '0', 74: '0', 76: '1', 77: '0', 78: '0', 79: '0', 81: '1', 82: '0', 83: '0', 84: '0', 86: '1', 87: '0', 88: '0', 89: '0', 91: '1', 92: '0', 94: '0', 96: '1', 97: '0', 98: '1', 99: '0', 101: '1', 102: '0', 103: '0', 104: '0', 106: '1', 107: '0', 108: '0', 109: '0', 111: '1', 112: '0', 113: '0', 114: '0', 116: '1', 117: '0', 118: '0', 119: '0', 121: '1', 122: '0', 123: '0', 126: '1', 127: '0', 128: '0', 129: '1', 131: '1', 132: '0', 133: '0', 134: '0', 136: '1', 137: '0', 138: '0', 139: '0', 141: '1', 142: '0', 143: '0', 144: '0', 146: '1', 147: '0', 148: '0', 149: '0', 151: '1', 152: '0', 153: '0', 154: '0'}
  m=157: forced n_c = {1: '1', 2: '1', 3: '1', 4: '1', 5: '1', 6: '1', 7: '1', 8: '1', 9: '1', 10: '1', 11: '1', 12: '1', 13: '1', 14: '1', 15: '1', 16: '1', 17: '1', 18: '1', 19: '1', 20: '1', 21: '1', 22: '1', 23: '1', 24: '1', 25: '1', 26: '1', 27: '1', 28: '1', 29: '1', 30: '1', 31: '1', 32: '1', 33: '1', 34: '1', 35: '1', 36: '1', 37: '1', 38: '1', 39: '1', 40: '1', 41: '1', 42: '1', 43: '1', 44: '1', 45: '1', 46: '1', 47: '1', 48: '1', 49: '1', 50: '1', 51: '1', 52: '1', 53: '1', 54: '1', 55: '1', 56: '1', 57: '1', 58: '1', 59: '1', 60: '1', 61: '1', 62: '1', 63: '1', 64: '1', 65: '1', 66: '1', 67: '1', 68: '1', 69: '1', 70: '1', 71: '1', 72: '1', 73: '1', 74: '1', 75: '1', 76: '1', 77: '1', 78: '1', 79: '1', 80: '1', 81: '1', 82: '1', 83: '1', 84: '1', 85: '1', 86: '1', 87: '1', 88: '1', 89: '1', 90: '1', 91: '1', 92: '1', 93: '1', 94: '1', 95: '1', 96: '1', 97: '1', 98: '1', 99: '1', 100: '1', 101: '1', 102: '1', 103: '1', 104: '1', 105: '1', 106: '1', 107: '1', 108: '1', 109: '1', 110: '1', 111: '1', 112: '1', 113: '1', 114: '1', 115: '1', 116: '1', 117: '1', 118: '1', 119: '1', 120: '1', 121: '1', 122: '1', 123: '1', 124: '1', 125: '1', 126: '1', 127: '1', 128: '1', 129: '1', 130: '1', 131: '1', 132: '1', 133: '1', 134: '1', 135: '1', 136: '1', 137: '1', 138: '1', 139: '1', 140: '1', 141: '1', 142: '1', 143: '1', 144: '1', 145: '1', 146: '1', 147: '1', 148: '1', 149: '1', 150: '1', 151: '1', 152: '1', 153: '1', 154: '1', 155: '1', 156: '1'}
  m=158: forced n_c = {1: '1', 3: '1', 5: '1', 7: '1', 9: '1', 11: '1', 13: '1', 15: '1', 17: '1', 19: '1', 21: '1', 23: '1', 25: '1', 27: '1', 29: '1', 31: '1', 33: '1', 35: '1', 37: '1', 39: '1', 41: '1', 43: '1', 45: '1', 47: '1', 49: '1', 51: '1', 53: '1', 55: '1', 57: '1', 59: '1', 61: '1', 63: '1', 65: '1', 67: '1', 69: '1', 71: '1', 73: '1', 75: '1', 77: '1', 81: '2', 83: '1', 85: '1', 87: '1', 89: '1', 91: '1', 93: '1', 95: '1', 97: '1', 99: '1', 101: '1', 103: '1', 105: '1', 107: '1', 109: '1', 111: '1', 113: '1', 115: '1', 117: '1', 119: '1', 121: '1', 123: '1', 125: '1', 127: '1', 129: '1', 131: '1', 133: '1', 135: '1', 137: '1', 139: '1', 141: '1', 143: '1', 145: '1', 147: '1', 149: '1', 151: '1', 153: '1', 155: '1', 157: '1'}
  m=159: forced n_c = {1: '0', 2: '1', 4: '0', 5: '1', 7: '0', 8: '1', 10: '0', 11: '1', 13: '0', 14: '1', 16: '0', 17: '1', 19: '0', 20: '1', 22: '0', 23: '1', 25: '0', 26: '1', 28: '0', 29: '1', 31: '0', 32: '1', 34: '0', 35: '1', 37: '0', 38: '1', 40: '0', 41: '1', 43: '0', 44: '1', 46: '0', 47: '1', 49: '0', 50: '1', 52: '0', 55: '0', 56: '2', 58: '0', 59: '1', 61: '0', 62: '1', 64: '0', 65: '1', 67: '0', 68: '1', 70: '0', 71: '1', 73: '0', 74: '1', 76: '0', 77: '1', 79: '0', 80: '1', 82: '0', 83: '1', 85: '0', 86: '1', 88: '0', 89: '1', 91: '0', 92: '1', 94: '0', 95: '1', 97: '0', 98: '1', 100: '0', 101: '1', 103: '0', 104: '1', 107: '1', 109: '1', 110: '1', 112: '0', 113: '1', 115: '0', 116: '1', 118: '0', 119: '1', 121: '0', 122: '1', 124: '0', 125: '1', 127: '0', 128: '1', 130: '0', 131: '1', 133: '0', 134: '1', 136: '0', 137: '1', 139: '0', 140: '1', 142: '0', 143: '1', 145: '0', 146: '1', 148: '0', 149: '1', 151: '0', 152: '1', 154: '0', 155: '1', 157: '0', 158: '1'}
  m=161: forced n_c = {1: '0', 2: '1', 3: '0', 4: '0', 5: '0', 6: '0', 8: '0', 9: '1', 10: '0', 11: '0', 12: '0', 13: '0', 15: '0', 16: '1', 17: '0', 18: '0', 19: '0', 20: '0', 22: '0', 24: '0', 25: '0', 26: '0', 27: '0', 29: '0', 30: '2', 31: '0', 32: '0', 33: '0', 34: '0', 36: '0', 37: '1', 38: '0', 39: '0', 40: '0', 41: '0', 43: '0', 44: '1', 45: '0', 47: '0', 48: '0', 50: '0', 51: '1', 52: '0', 53: '1', 54: '0', 55: '0', 57: '0', 58: '1', 59: '0', 60: '0', 61: '0', 62: '0', 64: '0', 65: '1', 66: '0', 67: '0', 68: '0', 71: '0', 72: '1', 73: '0', 74: '0', 75: '0', 76: '1', 78: '0', 79: '1', 80: '0', 81: '0', 82: '0', 83: '0', 85: '0', 86: '1', 87: '0', 88: '0', 89: '0', 90: '0', 93: '1', 94: '0', 95: '0', 96: '0', 97: '0', 99: '1', 100: '1', 101: '0', 102: '0', 103: '0', 104: '0', 106: '0', 107: '1', 108: '0', 109: '0', 110: '0', 111: '0', 113: '0', 114: '1', 116: '0', 117: '0', 118: '0', 120: '0', 121: '1', 122: '1', 123: '0', 124: '0', 125: '0', 127: '0', 128: '1', 129: '0', 130: '0', 131: '0', 132: '0', 134: '0', 135: '1', 136: '0', 137: '0', 139: '0', 141: '0', 142: '1', 143: '0', 144: '0', 145: '1', 146: '0', 148: '0', 149: '1', 150: '0', 151: '0', 152: '0', 153: '0', 155: '0', 156: '1', 157: '0', 158: '0', 159: '0', 160: '0'}
  m=163: forced n_c = {1: '1', 2: '1', 3: '1', 4: '1', 5: '1', 6: '1', 7: '1', 8: '1', 9: '1', 10: '1', 11: '1', 12: '1', 13: '1', 14: '1', 15: '1', 16: '1', 17: '1', 18: '1', 19: '1', 20: '1', 21: '1', 22: '1', 23: '1', 24: '1', 25: '1', 26: '1', 27: '1', 28: '1', 29: '1', 30: '1', 31: '1', 32: '1', 33: '1', 34: '1', 35: '1', 36: '1', 37: '1', 38: '1', 39: '1', 40: '1', 41: '1', 42: '1', 43: '1', 44: '1', 45: '1', 46: '1', 47: '1', 48: '1', 49: '1', 50: '1', 51: '1', 52: '1', 53: '1', 54: '1', 55: '1', 56: '1', 57: '1', 58: '1', 59: '1', 60: '1', 61: '1', 62: '1', 63: '1', 64: '1', 65: '1', 66: '1', 67: '1', 68: '1', 69: '1', 70: '1', 71: '1', 72: '1', 73: '1', 74: '1', 75: '1', 76: '1', 77: '1', 78: '1', 79: '1', 80: '1', 81: '1', 82: '1', 83: '1', 84: '1', 85: '1', 86: '1', 87: '1', 88: '1', 89: '1', 90: '1', 91: '1', 92: '1', 93: '1', 94: '1', 95: '1', 96: '1', 97: '1', 98: '1', 99: '1', 100: '1', 101: '1', 102: '1', 103: '1', 104: '1', 105: '1', 106: '1', 107: '1', 108: '1', 109: '1', 110: '1', 111: '1', 112: '1', 113: '1', 114: '1', 115: '1', 116: '1', 117: '1', 118: '1', 119: '1', 120: '1', 121: '1', 122: '1', 123: '1', 124: '1', 125: '1', 126: '1', 127: '1', 128: '1', 129: '1', 130: '1', 131: '1', 132: '1', 133: '1', 134: '1', 135: '1', 136: '1', 137: '1', 138: '1', 139: '1', 140: '1', 141: '1', 142: '1', 143: '1', 144: '1', 145: '1', 146: '1', 147: '1', 148: '1', 149: '1', 150: '1', 151: '1', 152: '1', 153: '1', 154: '1', 155: '1', 156: '1', 157: '1', 158: '1', 159: '1', 160: '1', 161: '1', 162: '1'}
  m=165: forced n_c = {1: '0', 2: '0', 4: '0', 7: '0', 8: '0', 13: '0', 14: '0', 16: '0', 17: '0', 19: '0', 23: '0', 26: '1', 28: '0', 29: '0', 31: '0', 32: '0', 34: '0', 37: '0', 38: '1', 41: '1', 43: '0', 46: '0', 47: '0', 49: '0', 52: '0', 53: '0', 56: '1', 58: '1', 59: '0', 61: '0', 62: '0', 64: '0', 67: '0', 68: '0', 71: '2', 73: '0', 74: '0', 76: '0', 79: '0', 82: '0', 83: '0', 86: '1', 89: '0', 91: '0', 92: '0', 94: '0', 97: '0', 98: '0', 101: '1', 103: '0', 104: '1', 106: '0', 107: '0', 109: '0', 112: '0', 113: '1', 116: '1', 118: '0', 119: '0', 122: '0', 124: '0', 127: '0', 128: '0', 131: '1', 133: '0', 134: '0', 136: '0', 137: '1', 139: '0', 142: '0', 146: '1', 148: '0', 149: '0', 151: '0', 152: '0', 157: '0', 158: '0', 161: '1', 163: '0', 164: '0'}
  m=166: forced n_c = {1: '1', 3: '1', 5: '1', 7: '1', 9: '1', 11: '1', 13: '1', 15: '1', 17: '1', 19: '1', 21: '1', 23: '1', 25: '1', 27: '1', 29: '1', 31: '1', 33: '1', 35: '1', 37: '1', 39: '1', 41: '1', 43: '1', 45: '1', 47: '1', 49: '1', 51: '1', 53: '1', 55: '1', 57: '1', 59: '1', 61: '1', 63: '1', 65: '1', 67: '1', 69: '1', 71: '1', 73: '1', 75: '1', 77: '1', 79: '1', 81: '1', 85: '2', 87: '1', 89: '1', 91: '1', 93: '1', 95: '1', 97: '1', 99: '1', 101: '1', 103: '1', 105: '1', 107: '1', 109: '1', 111: '1', 113: '1', 115: '1', 117: '1', 119: '1', 121: '1', 123: '1', 125: '1', 127: '1', 129: '1', 131: '1', 133: '1', 135: '1', 137: '1', 139: '1', 141: '1', 143: '1', 145: '1', 147: '1', 149: '1', 151: '1', 153: '1', 155: '1', 157: '1', 159: '1', 161: '1', 163: '1', 165: '1'}
  m=167: forced n_c = {1: '1', 2: '1', 3: '1', 4: '1', 5: '1', 6: '1', 7: '1', 8: '1', 9: '1', 10: '1', 11: '1', 12: '1', 13: '1', 14: '1', 15: '1', 16: '1', 17: '1', 18: '1', 19: '1', 20: '1', 21: '1', 22: '1', 23: '1', 24: '1', 25: '1', 26: '1', 27: '1', 28: '1', 29: '1', 30: '1', 31: '1', 32: '1', 33: '1', 34: '1', 35: '1', 36: '1', 37: '1', 38: '1', 39: '1', 40: '1', 41: '1', 42: '1', 43: '1', 44: '1', 45: '1', 46: '1', 47: '1', 48: '1', 49: '1', 50: '1', 51: '1', 52: '1', 53: '1', 54: '1', 55: '1', 56: '1', 57: '1', 58: '1', 59: '1', 60: '1', 61: '1', 62: '1', 63: '1', 64: '1', 65: '1', 66: '1', 67: '1', 68: '1', 69: '1', 70: '1', 71: '1', 72: '1', 73: '1', 74: '1', 75: '1', 76: '1', 77: '1', 78: '1', 79: '1', 80: '1', 81: '1', 82: '1', 83: '1', 84: '1', 85: '1', 86: '1', 87: '1', 88: '1', 89: '1', 90: '1', 91: '1', 92: '1', 93: '1', 94: '1', 95: '1', 96: '1', 97: '1', 98: '1', 99: '1', 100: '1', 101: '1', 102: '1', 103: '1', 104: '1', 105: '1', 106: '1', 107: '1', 108: '1', 109: '1', 110: '1', 111: '1', 112: '1', 113: '1', 114: '1', 115: '1', 116: '1', 117: '1', 118: '1', 119: '1', 120: '1', 121: '1', 122: '1', 123: '1', 124: '1', 125: '1', 126: '1', 127: '1', 128: '1', 129: '1', 130: '1', 131: '1', 132: '1', 133: '1', 134: '1', 135: '1', 136: '1', 137: '1', 138: '1', 139: '1', 140: '1', 141: '1', 142: '1', 143: '1', 144: '1', 145: '1', 146: '1', 147: '1', 148: '1', 149: '1', 150: '1', 151: '1', 152: '1', 153: '1', 154: '1', 155: '1', 156: '1', 157: '1', 158: '1', 159: '1', 160: '1', 161: '1', 162: '1', 163: '1', 164: '1', 165: '1', 166: '1'}
  m=170: forced n_c = {1: '0', 3: '0', 7: '1', 9: '0', 11: '0', 13: '0', 19: '0', 21: '0', 23: '0', 27: '1', 29: '0', 31: '0', 33: '0', 37: '1', 39: '1', 41: '0', 43: '0', 47: '1', 49: '0', 53: '0', 57: '1', 59: '0', 61: '0', 63: '0', 67: '1', 69: '0', 71: '0', 73: '1', 77: '1', 79: '0', 81: '0', 83: '0', 87: '2', 89: '0', 91: '0', 93: '0', 97: '1', 99: '0', 101: '0', 103: '0', 107: '2', 109: '0', 111: '0', 113: '0', 117: '1', 121: '0', 123: '0', 127: '1', 129: '0', 131: '0', 133: '0', 137: '1', 139: '0', 141: '1', 143: '0', 147: '1', 149: '0', 151: '0', 157: '1', 159: '0', 161: '0', 163: '0', 167: '1', 169: '0'}
  m=173: forced n_c = {1: '1', 2: '1', 3: '1', 4: '1', 5: '1', 6: '1', 7: '1', 8: '1', 9: '1', 10: '1', 11: '1', 12: '1', 13: '1', 14: '1', 15: '1', 16: '1', 17: '1', 18: '1', 19: '1', 20: '1', 21: '1', 22: '1', 23: '1', 24: '1', 25: '1', 26: '1', 27: '1', 28: '1', 29: '1', 30: '1', 31: '1', 32: '1', 33: '1', 34: '1', 35: '1', 36: '1', 37: '1', 38: '1', 39: '1', 40: '1', 41: '1', 42: '1', 43: '1', 44: '1', 45: '1', 46: '1', 47: '1', 48: '1', 49: '1', 50: '1', 51: '1', 52: '1', 53: '1', 54: '1', 55: '1', 56: '1', 57: '1', 58: '1', 59: '1', 60: '1', 61: '1', 62: '1', 63: '1', 64: '1', 65: '1', 66: '1', 67: '1', 68: '1', 69: '1', 70: '1', 71: '1', 72: '1', 73: '1', 74: '1', 75: '1', 76: '1', 77: '1', 78: '1', 79: '1', 80: '1', 81: '1', 82: '1', 83: '1', 84: '1', 85: '1', 86: '1', 87: '1', 88: '1', 89: '1', 90: '1', 91: '1', 92: '1', 93: '1', 94: '1', 95: '1', 96: '1', 97: '1', 98: '1', 99: '1', 100: '1', 101: '1', 102: '1', 103: '1', 104: '1', 105: '1', 106: '1', 107: '1', 108: '1', 109: '1', 110: '1', 111: '1', 112: '1', 113: '1', 114: '1', 115: '1', 116: '1', 117: '1', 118: '1', 119: '1', 120: '1', 121: '1', 122: '1', 123: '1', 124: '1', 125: '1', 126: '1', 127: '1', 128: '1', 129: '1', 130: '1', 131: '1', 132: '1', 133: '1', 134: '1', 135: '1', 136: '1', 137: '1', 138: '1', 139: '1', 140: '1', 141: '1', 142: '1', 143: '1', 144: '1', 145: '1', 146: '1', 147: '1', 148: '1', 149: '1', 150: '1', 151: '1', 152: '1', 153: '1', 154: '1', 155: '1', 156: '1', 157: '1', 158: '1', 159: '1', 160: '1', 161: '1', 162: '1', 163: '1', 164: '1', 165: '1', 166: '1', 167: '1', 168: '1', 169: '1', 170: '1', 171: '1', 172: '1'}
  m=174: forced n_c = {1: '0', 5: '1', 7: '0', 11: '1', 13: '0', 17: '1', 19: '0', 23: '1', 25: '0', 31: '0', 35: '1', 37: '0', 41: '1', 43: '0', 47: '1', 49: '0', 53: '1', 55: '0', 59: '1', 61: '1', 65: '1', 67: '0', 71: '1', 73: '0', 77: '1', 79: '0', 83: '1', 85: '0', 89: '2', 91: '0', 95: '1', 97: '0', 101: '1', 103: '0', 107: '1', 109: '0', 113: '1', 115: '0', 119: '2', 121: '0', 125: '1', 127: '0', 131: '1', 133: '0', 137: '1', 139: '0', 143: '1', 149: '1', 151: '0', 155: '1', 157: '0', 161: '1', 163: '0', 167: '1', 169: '0', 173: '1'}
  m=177: forced n_c = {1: '0', 2: '1', 4: '0', 5: '1', 7: '0', 8: '1', 10: '0', 11: '1', 13: '0', 14: '1', 16: '0', 17: '1', 19: '0', 20: '1', 22: '0', 23: '1', 25: '0', 26: '1', 28: '0', 29: '1', 31: '0', 32: '1', 34: '0', 35: '1', 37: '0', 38: '1', 40: '0', 41: '1', 43: '0', 44: '1', 46: '0', 47: '1', 49: '0', 50: '1', 52: '0', 53: '1', 55: '0', 56: '1', 58: '0', 61: '0', 62: '2', 64: '0', 65: '1', 67: '0', 68: '1', 70: '0', 71: '1', 73: '0', 74: '1', 76: '0', 77: '1', 79: '0', 80: '1', 82: '0', 83: '1', 85: '0', 86: '1', 88: '0', 89: '1', 91: '0', 92: '1', 94: '0', 95: '1', 97: '0', 98: '1', 100: '0', 101: '1', 103: '0', 104: '1', 106: '0', 107: '1', 109: '0', 110: '1', 112: '0', 113: '1', 115: '0', 116: '1', 119: '1', 121: '1', 122: '1', 124: '0', 125: '1', 127: '0', 128: '1', 130: '0', 131: '1', 133: '0', 134: '1', 136: '0', 137: '1', 139: '0', 140: '1', 142: '0', 143: '1', 145: '0', 146: '1', 148: '0', 149: '1', 151: '0', 152: '1', 154: '0', 155: '1', 157: '0', 158: '1', 160: '0', 161: '1', 163: '0', 164: '1', 166: '0', 167: '1', 169: '0', 170: '1', 172: '0', 173: '1', 175: '0', 176: '1'}
  m=178: forced n_c = {1: '1', 3: '1', 5: '1', 7: '1', 9: '1', 11: '1', 13: '1', 15: '1', 17: '1', 19: '1', 21: '1', 23: '1', 25: '1', 27: '1', 29: '1', 31: '1', 33: '1', 35: '1', 37: '1', 39: '1', 41: '1', 43: '1', 45: '1', 47: '1', 49: '1', 51: '1', 53: '1', 55: '1', 57: '1', 59: '1', 61: '1', 63: '1', 65: '1', 67: '1', 69: '1', 71: '1', 73: '1', 75: '1', 77: '1', 79: '1', 81: '1', 83: '1', 85: '1', 87: '1', 91: '2', 93: '1', 95: '1', 97: '1', 99: '1', 101: '1', 103: '1', 105: '1', 107: '1', 109: '1', 111: '1', 113: '1', 115: '1', 117: '1', 119: '1', 121: '1', 123: '1', 125: '1', 127: '1', 129: '1', 131: '1', 133: '1', 135: '1', 137: '1', 139: '1', 141: '1', 143: '1', 145: '1', 147: '1', 149: '1', 151: '1', 153: '1', 155: '1', 157: '1', 159: '1', 161: '1', 163: '1', 165: '1', 167: '1', 169: '1', 171: '1', 173: '1', 175: '1', 177: '1'}
  m=179: forced n_c = {1: '1', 2: '1', 3: '1', 4: '1', 5: '1', 6: '1', 7: '1', 8: '1', 9: '1', 10: '1', 11: '1', 12: '1', 13: '1', 14: '1', 15: '1', 16: '1', 17: '1', 18: '1', 19: '1', 20: '1', 21: '1', 22: '1', 23: '1', 24: '1', 25: '1', 26: '1', 27: '1', 28: '1', 29: '1', 30: '1', 31: '1', 32: '1', 33: '1', 34: '1', 35: '1', 36: '1', 37: '1', 38: '1', 39: '1', 40: '1', 41: '1', 42: '1', 43: '1', 44: '1', 45: '1', 46: '1', 47: '1', 48: '1', 49: '1', 50: '1', 51: '1', 52: '1', 53: '1', 54: '1', 55: '1', 56: '1', 57: '1', 58: '1', 59: '1', 60: '1', 61: '1', 62: '1', 63: '1', 64: '1', 65: '1', 66: '1', 67: '1', 68: '1', 69: '1', 70: '1', 71: '1', 72: '1', 73: '1', 74: '1', 75: '1', 76: '1', 77: '1', 78: '1', 79: '1', 80: '1', 81: '1', 82: '1', 83: '1', 84: '1', 85: '1', 86: '1', 87: '1', 88: '1', 89: '1', 90: '1', 91: '1', 92: '1', 93: '1', 94: '1', 95: '1', 96: '1', 97: '1', 98: '1', 99: '1', 100: '1', 101: '1', 102: '1', 103: '1', 104: '1', 105: '1', 106: '1', 107: '1', 108: '1', 109: '1', 110: '1', 111: '1', 112: '1', 113: '1', 114: '1', 115: '1', 116: '1', 117: '1', 118: '1', 119: '1', 120: '1', 121: '1', 122: '1', 123: '1', 124: '1', 125: '1', 126: '1', 127: '1', 128: '1', 129: '1', 130: '1', 131: '1', 132: '1', 133: '1', 134: '1', 135: '1', 136: '1', 137: '1', 138: '1', 139: '1', 140: '1', 141: '1', 142: '1', 143: '1', 144: '1', 145: '1', 146: '1', 147: '1', 148: '1', 149: '1', 150: '1', 151: '1', 152: '1', 153: '1', 154: '1', 155: '1', 156: '1', 157: '1', 158: '1', 159: '1', 160: '1', 161: '1', 162: '1', 163: '1', 164: '1', 165: '1', 166: '1', 167: '1', 168: '1', 169: '1', 170: '1', 171: '1', 172: '1', 173: '1', 174: '1', 175: '1', 176: '1', 177: '1', 178: '1'}
  m=181: forced n_c = {1: '1', 2: '1', 3: '1', 4: '1', 5: '1', 6: '1', 7: '1', 8: '1', 9: '1', 10: '1', 11: '1', 12: '1', 13: '1', 14: '1', 15: '1', 16: '1', 17: '1', 18: '1', 19: '1', 20: '1', 21: '1', 22: '1', 23: '1', 24: '1', 25: '1', 26: '1', 27: '1', 28: '1', 29: '1', 30: '1', 31: '1', 32: '1', 33: '1', 34: '1', 35: '1', 36: '1', 37: '1', 38: '1', 39: '1', 40: '1', 41: '1', 42: '1', 43: '1', 44: '1', 45: '1', 46: '1', 47: '1', 48: '1', 49: '1', 50: '1', 51: '1', 52: '1', 53: '1', 54: '1', 55: '1', 56: '1', 57: '1', 58: '1', 59: '1', 60: '1', 61: '1', 62: '1', 63: '1', 64: '1', 65: '1', 66: '1', 67: '1', 68: '1', 69: '1', 70: '1', 71: '1', 72: '1', 73: '1', 74: '1', 75: '1', 76: '1', 77: '1', 78: '1', 79: '1', 80: '1', 81: '1', 82: '1', 83: '1', 84: '1', 85: '1', 86: '1', 87: '1', 88: '1', 89: '1', 90: '1', 91: '1', 92: '1', 93: '1', 94: '1', 95: '1', 96: '1', 97: '1', 98: '1', 99: '1', 100: '1', 101: '1', 102: '1', 103: '1', 104: '1', 105: '1', 106: '1', 107: '1', 108: '1', 109: '1', 110: '1', 111: '1', 112: '1', 113: '1', 114: '1', 115: '1', 116: '1', 117: '1', 118: '1', 119: '1', 120: '1', 121: '1', 122: '1', 123: '1', 124: '1', 125: '1', 126: '1', 127: '1', 128: '1', 129: '1', 130: '1', 131: '1', 132: '1', 133: '1', 134: '1', 135: '1', 136: '1', 137: '1', 138: '1', 139: '1', 140: '1', 141: '1', 142: '1', 143: '1', 144: '1', 145: '1', 146: '1', 147: '1', 148: '1', 149: '1', 150: '1', 151: '1', 152: '1', 153: '1', 154: '1', 155: '1', 156: '1', 157: '1', 158: '1', 159: '1', 160: '1', 161: '1', 162: '1', 163: '1', 164: '1', 165: '1', 166: '1', 167: '1', 168: '1', 169: '1', 170: '1', 171: '1', 172: '1', 173: '1', 174: '1', 175: '1', 176: '1', 177: '1', 178: '1', 179: '1', 180: '1'}
  m=182: forced n_c = {1: '0', 3: '0', 5: '0', 9: '0', 11: '0', 15: '0', 17: '0', 19: '0', 23: '0', 25: '0', 27: '1', 29: '0', 31: '0', 33: '1', 37: '0', 41: '1', 43: '0', 45: '0', 47: '0', 51: '0', 53: '0', 55: '1', 57: '0', 59: '1', 61: '0', 67: '0', 69: '1', 71: '0', 73: '0', 75: '0', 79: '0', 81: '0', 83: '1', 85: '1', 87: '0', 89: '0', 93: '1', 95: '0', 97: '1', 99: '0', 101: '0', 103: '0', 107: '0', 109: '0', 111: '2', 113: '0', 115: '0', 121: '0', 123: '0', 125: '1', 127: '0', 129: '0', 131: '0', 135: '0', 137: '1', 139: '1', 141: '0', 145: '0', 149: '0', 151: '0', 153: '1', 155: '0', 157: '0', 159: '0', 163: '1', 165: '0', 167: '1', 171: '0', 173: '0', 177: '0', 179: '0', 181: '1'}
  m=183: forced n_c = {1: '1', 2: '0', 4: '1', 5: '0', 7: '1', 8: '0', 10: '1', 11: '0', 13: '1', 14: '0', 16: '1', 17: '0', 19: '1', 20: '0', 22: '1', 23: '0', 25: '1', 26: '0', 28: '1', 29: '0', 31: '1', 32: '0', 34: '1', 35: '0', 37: '1', 38: '0', 40: '1', 41: '0', 43: '1', 44: '0', 46: '1', 47: '0', 49: '1', 50: '0', 52: '1', 53: '0', 55: '1', 56: '0', 58: '1', 59: '0', 62: '0', 64: '2', 65: '0', 67: '1', 68: '0', 70: '1', 71: '0', 73: '1', 74: '0', 76: '1', 77: '0', 79: '1', 80: '0', 82: '1', 83: '0', 85: '1', 86: '0', 88: '1', 89: '0', 91: '1', 92: '0', 94: '1', 95: '0', 97: '1', 98: '0', 100: '1', 101: '0', 103: '1', 104: '0', 106: '1', 107: '0', 109: '1', 110: '0', 112: '1', 113: '0', 115: '1', 116: '0', 118: '1', 119: '0', 121: '1', 124: '1', 125: '1', 127: '1', 128: '0', 130: '1', 131: '0', 133: '1', 134: '0', 136: '1', 137: '0', 139: '1', 140: '0', 142: '1', 143: '0', 145: '1', 146: '0', 148: '1', 149: '0', 151: '1', 152: '0', 154: '1', 155: '0', 157: '1', 158: '0', 160: '1', 161: '0', 163: '1', 164: '0', 166: '1', 167: '0', 169: '1', 170: '0', 172: '1', 173: '0', 175: '1', 176: '0', 178: '1', 179: '0', 181: '1', 182: '0'}
  m=185: forced n_c = {1: '0', 2: '1', 3: '0', 4: '0', 6: '0', 7: '1', 8: '0', 9: '0', 11: '0', 12: '1', 13: '0', 14: '0', 16: '0', 17: '1', 18: '0', 19: '0', 21: '0', 22: '1', 23: '0', 24: '0', 26: '0', 27: '1', 28: '0', 29: '0', 31: '0', 32: '1', 33: '0', 34: '0', 36: '0', 38: '0', 39: '0', 41: '0', 42: '2', 43: '0', 44: '0', 46: '0', 47: '1', 48: '0', 49: '0', 51: '0', 52: '1', 53: '0', 54: '0', 56: '0', 57: '1', 58: '0', 59: '0', 61: '0', 62: '1', 63: '0', 64: '0', 66: '0', 67: '1', 68: '0', 69: '0', 71: '0', 72: '1', 73: '0', 76: '0', 77: '1', 78: '0', 79: '1', 81: '0', 82: '1', 83: '0', 84: '0', 86: '0', 87: '1', 88: '0', 89: '0', 91: '0', 92: '1', 93: '0', 94: '0', 96: '0', 97: '1', 98: '0', 99: '0', 101: '0', 102: '1', 103: '0', 104: '0', 106: '0', 107: '1', 108: '0', 109: '0', 112: '1', 113: '0', 114: '0', 116: '1', 117: '1', 118: '0', 119: '0', 121: '0', 122: '1', 123: '0', 124: '0', 126: '0', 127: '1', 128: '0', 129: '0', 131: '0', 132: '1', 133: '0', 134: '0', 136: '0', 137: '1', 138: '0', 139: '0', 141: '0', 142: '1', 143: '0', 144: '0', 146: '0', 147: '1', 149: '0', 151: '0', 152: '1', 153: '1', 154: '0', 156: '0', 157: '1', 158: '0', 159: '0', 161: '0', 162: '1', 163: '0', 164: '0', 166: '0', 167: '1', 168: '0', 169: '0', 171: '0', 172: '1', 173: '0', 174: '0', 176: '0', 177: '1', 178: '0', 179: '0', 181: '0', 182: '1', 183: '0', 184: '0'}
  m=186: forced n_c = {1: '1', 5: '0', 7: '1', 11: '0', 13: '1', 17: '0', 19: '1', 23: '0', 25: '1', 29: '0', 35: '0', 37: '1', 41: '0', 43: '1', 47: '0', 49: '1', 53: '0', 55: '1', 59: '0', 61: '1', 65: '1', 67: '1', 71: '0', 73: '1', 77: '0', 79: '1', 83: '0', 85: '1', 89: '0', 91: '1', 95: '1', 97: '1', 101: '0', 103: '1', 107: '0', 109: '1', 113: '0', 115: '1', 119: '0', 121: '1', 125: '0', 127: '2', 131: '0', 133: '1', 137: '0', 139: '1', 143: '0', 145: '1', 149: '0', 151: '1', 157: '1', 161: '0', 163: '1', 167: '0', 169: '1', 173: '0', 175: '1', 179: '0', 181: '1', 185: '0'}
  m=187: forced n_c = {1: '0', 2: '0', 3: '0', 4: '0', 5: '0', 6: '1', 7: '0', 8: '0', 9: '0', 10: '0', 12: '0', 13: '0', 14: '0', 15: '0', 16: '0', 18: '0', 19: '0', 20: '0', 21: '0', 23: '0', 24: '0', 25: '0', 26: '0', 27: '0', 28: '2', 29: '0', 30: '0', 31: '0', 32: '0', 35: '0', 36: '0', 37: '0', 38: '0', 39: '1', 40: '0', 41: '0', 42: '0', 43: '0', 45: '1', 46: '0', 47: '0', 48: '0', 49: '0', 50: '1', 52: '0', 53: '0', 54: '0', 56: '0', 57: '0', 58: '0', 59: '0', 60: '0', 61: '1', 62: '1', 63: '0', 64: '0', 65: '0', 67: '0', 69: '0', 70: '0', 71: '0', 72: '1', 73: '0', 74: '0', 75: '0', 76: '0', 78: '0', 79: '1', 80: '0', 81: '0', 82: '0', 83: '1', 84: '0', 86: '0', 87: '0', 89: '0', 90: '0', 91: '0', 92: '0', 93: '0', 94: '1', 95: '0', 96: '1', 97: '0', 98: '0', 100: '0', 101: '0', 103: '0', 104: '0', 105: '1', 106: '0', 107: '0', 108: '0', 109: '0', 111: '0', 112: '0', 113: '1', 114: '0', 115: '0', 116: '1', 117: '0', 118: '0', 120: '0', 122: '0', 123: '0', 124: '0', 125: '0', 126: '0', 127: '1', 128: '0', 129: '0', 130: '1', 131: '0', 133: '0', 134: '0', 135: '0', 137: '0', 138: '1', 139: '0', 140: '0', 141: '0', 142: '0', 144: '0', 145: '0', 146: '0', 147: '1', 148: '0', 149: '1', 150: '0', 151: '0', 152: '0', 155: '0', 156: '0', 157: '0', 158: '0', 159: '0', 160: '1', 161: '0', 162: '0', 163: '0', 164: '1', 166: '0', 167: '0', 168: '0', 169: '0', 171: '1', 172: '0', 173: '0', 174: '0', 175: '0', 177: '0', 178: '0', 179: '0', 180: '0', 181: '1', 182: '1', 183: '0', 184: '0', 185: '0', 186: '0'}
  m=190: forced n_c = {1: '0', 3: '0', 7: '0', 9: '1', 11: '0', 13: '0', 17: '0', 21: '0', 23: '0', 27: '0', 29: '1', 31: '0', 33: '0', 37: '0', 39: '1', 41: '0', 43: '1', 47: '0', 49: '1', 51: '0', 53: '0', 59: '1', 61: '0', 63: '0', 67: '0', 69: '1', 71: '0', 73: '0', 77: '0', 79: '1', 81: '1', 83: '0', 87: '0', 89: '1', 91: '0', 93: '0', 97: '1', 99: '1', 101: '0', 103: '0', 107: '0', 109: '1', 111: '0', 113: '0', 117: '0', 119: '2', 121: '0', 123: '0', 127: '0', 129: '1', 131: '0', 137: '0', 139: '1', 141: '0', 143: '0', 147: '0', 149: '1', 151: '0', 153: '0', 157: '1', 159: '1', 161: '0', 163: '0', 167: '0', 169: '1', 173: '0', 177: '0', 179: '1', 181: '0', 183: '0', 187: '0', 189: '1'}
  m=191: forced n_c = {1: '1', 2: '1', 3: '1', 4: '1', 5: '1', 6: '1', 7: '1', 8: '1', 9: '1', 10: '1', 11: '1', 12: '1', 13: '1', 14: '1', 15: '1', 16: '1', 17: '1', 18: '1', 19: '1', 20: '1', 21: '1', 22: '1', 23: '1', 24: '1', 25: '1', 26: '1', 27: '1', 28: '1', 29: '1', 30: '1', 31: '1', 32: '1', 33: '1', 34: '1', 35: '1', 36: '1', 37: '1', 38: '1', 39: '1', 40: '1', 41: '1', 42: '1', 43: '1', 44: '1', 45: '1', 46: '1', 47: '1', 48: '1', 49: '1', 50: '1', 51: '1', 52: '1', 53: '1', 54: '1', 55: '1', 56: '1', 57: '1', 58: '1', 59: '1', 60: '1', 61: '1', 62: '1', 63: '1', 64: '1', 65: '1', 66: '1', 67: '1', 68: '1', 69: '1', 70: '1', 71: '1', 72: '1', 73: '1', 74: '1', 75: '1', 76: '1', 77: '1', 78: '1', 79: '1', 80: '1', 81: '1', 82: '1', 83: '1', 84: '1', 85: '1', 86: '1', 87: '1', 88: '1', 89: '1', 90: '1', 91: '1', 92: '1', 93: '1', 94: '1', 95: '1', 96: '1', 97: '1', 98: '1', 99: '1', 100: '1', 101: '1', 102: '1', 103: '1', 104: '1', 105: '1', 106: '1', 107: '1', 108: '1', 109: '1', 110: '1', 111: '1', 112: '1', 113: '1', 114: '1', 115: '1', 116: '1', 117: '1', 118: '1', 119: '1', 120: '1', 121: '1', 122: '1', 123: '1', 124: '1', 125: '1', 126: '1', 127: '1', 128: '1', 129: '1', 130: '1', 131: '1', 132: '1', 133: '1', 134: '1', 135: '1', 136: '1', 137: '1', 138: '1', 139: '1', 140: '1', 141: '1', 142: '1', 143: '1', 144: '1', 145: '1', 146: '1', 147: '1', 148: '1', 149: '1', 150: '1', 151: '1', 152: '1', 153: '1', 154: '1', 155: '1', 156: '1', 157: '1', 158: '1', 159: '1', 160: '1', 161: '1', 162: '1', 163: '1', 164: '1', 165: '1', 166: '1', 167: '1', 168: '1', 169: '1', 170: '1', 171: '1', 172: '1', 173: '1', 174: '1', 175: '1', 176: '1', 177: '1', 178: '1', 179: '1', 180: '1', 181: '1', 182: '1', 183: '1', 184: '1', 185: '1', 186: '1', 187: '1', 188: '1', 189: '1', 190: '1'}
  m=193: forced n_c = {1: '1', 2: '1', 3: '1', 4: '1', 5: '1', 6: '1', 7: '1', 8: '1', 9: '1', 10: '1', 11: '1', 12: '1', 13: '1', 14: '1', 15: '1', 16: '1', 17: '1', 18: '1', 19: '1', 20: '1', 21: '1', 22: '1', 23: '1', 24: '1', 25: '1', 26: '1', 27: '1', 28: '1', 29: '1', 30: '1', 31: '1', 32: '1', 33: '1', 34: '1', 35: '1', 36: '1', 37: '1', 38: '1', 39: '1', 40: '1', 41: '1', 42: '1', 43: '1', 44: '1', 45: '1', 46: '1', 47: '1', 48: '1', 49: '1', 50: '1', 51: '1', 52: '1', 53: '1', 54: '1', 55: '1', 56: '1', 57: '1', 58: '1', 59: '1', 60: '1', 61: '1', 62: '1', 63: '1', 64: '1', 65: '1', 66: '1', 67: '1', 68: '1', 69: '1', 70: '1', 71: '1', 72: '1', 73: '1', 74: '1', 75: '1', 76: '1', 77: '1', 78: '1', 79: '1', 80: '1', 81: '1', 82: '1', 83: '1', 84: '1', 85: '1', 86: '1', 87: '1', 88: '1', 89: '1', 90: '1', 91: '1', 92: '1', 93: '1', 94: '1', 95: '1', 96: '1', 97: '1', 98: '1', 99: '1', 100: '1', 101: '1', 102: '1', 103: '1', 104: '1', 105: '1', 106: '1', 107: '1', 108: '1', 109: '1', 110: '1', 111: '1', 112: '1', 113: '1', 114: '1', 115: '1', 116: '1', 117: '1', 118: '1', 119: '1', 120: '1', 121: '1', 122: '1', 123: '1', 124: '1', 125: '1', 126: '1', 127: '1', 128: '1', 129: '1', 130: '1', 131: '1', 132: '1', 133: '1', 134: '1', 135: '1', 136: '1', 137: '1', 138: '1', 139: '1', 140: '1', 141: '1', 142: '1', 143: '1', 144: '1', 145: '1', 146: '1', 147: '1', 148: '1', 149: '1', 150: '1', 151: '1', 152: '1', 153: '1', 154: '1', 155: '1', 156: '1', 157: '1', 158: '1', 159: '1', 160: '1', 161: '1', 162: '1', 163: '1', 164: '1', 165: '1', 166: '1', 167: '1', 168: '1', 169: '1', 170: '1', 171: '1', 172: '1', 173: '1', 174: '1', 175: '1', 176: '1', 177: '1', 178: '1', 179: '1', 180: '1', 181: '1', 182: '1', 183: '1', 184: '1', 185: '1', 186: '1', 187: '1', 188: '1', 189: '1', 190: '1', 191: '1', 192: '1'}
  m=194: forced n_c = {1: '1', 3: '1', 5: '1', 7: '1', 9: '1', 11: '1', 13: '1', 15: '1', 17: '1', 19: '1', 21: '1', 23: '1', 25: '1', 27: '1', 29: '1', 31: '1', 33: '1', 35: '1', 37: '1', 39: '1', 41: '1', 43: '1', 45: '1', 47: '1', 49: '1', 51: '1', 53: '1', 55: '1', 57: '1', 59: '1', 61: '1', 63: '1', 65: '1', 67: '1', 69: '1', 71: '1', 73: '1', 75: '1', 77: '1', 79: '1', 81: '1', 83: '1', 85: '1', 87: '1', 89: '1', 91: '1', 93: '1', 95: '1', 99: '2', 101: '1', 103: '1', 105: '1', 107: '1', 109: '1', 111: '1', 113: '1', 115: '1', 117: '1', 119: '1', 121: '1', 123: '1', 125: '1', 127: '1', 129: '1', 131: '1', 133: '1', 135: '1', 137: '1', 139: '1', 141: '1', 143: '1', 145: '1', 147: '1', 149: '1', 151: '1', 153: '1', 155: '1', 157: '1', 159: '1', 161: '1', 163: '1', 165: '1', 167: '1', 169: '1', 171: '1', 173: '1', 175: '1', 177: '1', 179: '1', 181: '1', 183: '1', 185: '1', 187: '1', 189: '1', 191: '1', 193: '1'}
  m=195: forced n_c = {1: '0', 2: '0', 4: '0', 7: '0', 8: '0', 11: '0', 14: '0', 16: '0', 17: '0', 19: '0', 22: '0', 23: '0', 28: '1', 29: '0', 31: '0', 32: '0', 34: '0', 37: '0', 38: '0', 41: '0', 43: '1', 44: '1', 46: '0', 47: '0', 49: '0', 53: '0', 56: '0', 58: '1', 59: '0', 61: '0', 62: '0', 64: '0', 67: '0', 68: '1', 71: '0', 73: '1', 74: '0', 76: '0', 77: '0', 79: '0', 82: '0', 83: '1', 86: '0', 88: '1', 89: '0', 92: '0', 94: '0', 97: '0', 98: '0', 101: '0', 103: '1', 106: '0', 107: '0', 109: '0', 112: '0', 113: '0', 116: '0', 118: '1', 119: '0', 121: '0', 122: '1', 124: '0', 127: '0', 128: '0', 131: '0', 133: '2', 134: '0', 136: '0', 137: '0', 139: '0', 142: '0', 146: '0', 148: '1', 149: '0', 151: '0', 152: '0', 154: '0', 157: '0', 158: '0', 161: '1', 163: '1', 164: '0', 166: '0', 167: '0', 172: '0', 173: '0', 176: '0', 178: '1', 179: '0', 181: '0', 184: '0', 187: '0', 188: '0', 191: '0', 193: '1', 194: '0'}
  m=197: forced n_c = {1: '1', 2: '1', 3: '1', 4: '1', 5: '1', 6: '1', 7: '1', 8: '1', 9: '1', 10: '1', 11: '1', 12: '1', 13: '1', 14: '1', 15: '1', 16: '1', 17: '1', 18: '1', 19: '1', 20: '1', 21: '1', 22: '1', 23: '1', 24: '1', 25: '1', 26: '1', 27: '1', 28: '1', 29: '1', 30: '1', 31: '1', 32: '1', 33: '1', 34: '1', 35: '1', 36: '1', 37: '1', 38: '1', 39: '1', 40: '1', 41: '1', 42: '1', 43: '1', 44: '1', 45: '1', 46: '1', 47: '1', 48: '1', 49: '1', 50: '1', 51: '1', 52: '1', 53: '1', 54: '1', 55: '1', 56: '1', 57: '1', 58: '1', 59: '1', 60: '1', 61: '1', 62: '1', 63: '1', 64: '1', 65: '1', 66: '1', 67: '1', 68: '1', 69: '1', 70: '1', 71: '1', 72: '1', 73: '1', 74: '1', 75: '1', 76: '1', 77: '1', 78: '1', 79: '1', 80: '1', 81: '1', 82: '1', 83: '1', 84: '1', 85: '1', 86: '1', 87: '1', 88: '1', 89: '1', 90: '1', 91: '1', 92: '1', 93: '1', 94: '1', 95: '1', 96: '1', 97: '1', 98: '1', 99: '1', 100: '1', 101: '1', 102: '1', 103: '1', 104: '1', 105: '1', 106: '1', 107: '1', 108: '1', 109: '1', 110: '1', 111: '1', 112: '1', 113: '1', 114: '1', 115: '1', 116: '1', 117: '1', 118: '1', 119: '1', 120: '1', 121: '1', 122: '1', 123: '1', 124: '1', 125: '1', 126: '1', 127: '1', 128: '1', 129: '1', 130: '1', 131: '1', 132: '1', 133: '1', 134: '1', 135: '1', 136: '1', 137: '1', 138: '1', 139: '1', 140: '1', 141: '1', 142: '1', 143: '1', 144: '1', 145: '1', 146: '1', 147: '1', 148: '1', 149: '1', 150: '1', 151: '1', 152: '1', 153: '1', 154: '1', 155: '1', 156: '1', 157: '1', 158: '1', 159: '1', 160: '1', 161: '1', 162: '1', 163: '1', 164: '1', 165: '1', 166: '1', 167: '1', 168: '1', 169: '1', 170: '1', 171: '1', 172: '1', 173: '1', 174: '1', 175: '1', 176: '1', 177: '1', 178: '1', 179: '1', 180: '1', 181: '1', 182: '1', 183: '1', 184: '1', 185: '1', 186: '1', 187: '1', 188: '1', 189: '1', 190: '1', 191: '1', 192: '1', 193: '1', 194: '1', 195: '1', 196: '1'}
  m=199: forced n_c = {1: '1', 2: '1', 3: '1', 4: '1', 5: '1', 6: '1', 7: '1', 8: '1', 9: '1', 10: '1', 11: '1', 12: '1', 13: '1', 14: '1', 15: '1', 16: '1', 17: '1', 18: '1', 19: '1', 20: '1', 21: '1', 22: '1', 23: '1', 24: '1', 25: '1', 26: '1', 27: '1', 28: '1', 29: '1', 30: '1', 31: '1', 32: '1', 33: '1', 34: '1', 35: '1', 36: '1', 37: '1', 38: '1', 39: '1', 40: '1', 41: '1', 42: '1', 43: '1', 44: '1', 45: '1', 46: '1', 47: '1', 48: '1', 49: '1', 50: '1', 51: '1', 52: '1', 53: '1', 54: '1', 55: '1', 56: '1', 57: '1', 58: '1', 59: '1', 60: '1', 61: '1', 62: '1', 63: '1', 64: '1', 65: '1', 66: '1', 67: '1', 68: '1', 69: '1', 70: '1', 71: '1', 72: '1', 73: '1', 74: '1', 75: '1', 76: '1', 77: '1', 78: '1', 79: '1', 80: '1', 81: '1', 82: '1', 83: '1', 84: '1', 85: '1', 86: '1', 87: '1', 88: '1', 89: '1', 90: '1', 91: '1', 92: '1', 93: '1', 94: '1', 95: '1', 96: '1', 97: '1', 98: '1', 99: '1', 100: '1', 101: '1', 102: '1', 103: '1', 104: '1', 105: '1', 106: '1', 107: '1', 108: '1', 109: '1', 110: '1', 111: '1', 112: '1', 113: '1', 114: '1', 115: '1', 116: '1', 117: '1', 118: '1', 119: '1', 120: '1', 121: '1', 122: '1', 123: '1', 124: '1', 125: '1', 126: '1', 127: '1', 128: '1', 129: '1', 130: '1', 131: '1', 132: '1', 133: '1', 134: '1', 135: '1', 136: '1', 137: '1', 138: '1', 139: '1', 140: '1', 141: '1', 142: '1', 143: '1', 144: '1', 145: '1', 146: '1', 147: '1', 148: '1', 149: '1', 150: '1', 151: '1', 152: '1', 153: '1', 154: '1', 155: '1', 156: '1', 157: '1', 158: '1', 159: '1', 160: '1', 161: '1', 162: '1', 163: '1', 164: '1', 165: '1', 166: '1', 167: '1', 168: '1', 169: '1', 170: '1', 171: '1', 172: '1', 173: '1', 174: '1', 175: '1', 176: '1', 177: '1', 178: '1', 179: '1', 180: '1', 181: '1', 182: '1', 183: '1', 184: '1', 185: '1', 186: '1', 187: '1', 188: '1', 189: '1', 190: '1', 191: '1', 192: '1', 193: '1', 194: '1', 195: '1', 196: '1', 197: '1', 198: '1'}
non-squarefree m with target in lattice (potential recurrent walkers): []

== PART 3b: exact tie set for squarefree m (valid for ALL X > max prime | m) ==
tie iff n_c(X) = t_c for every class c; counts are monotone, so the tie set
is the interval [max_c L_c, min_c U_c) with L_c = t_c-th prime in class c,
U_c = (t_c+1)-th.  (X <= max prime | m <= 200 is separately certified by the scan.)
 m=2: tie interval [X in [3,5)) -> tie at prime cutoffs [3]
 m=3: tie interval empty -> NEVER (for X > max prime | m)
 m=5: tie interval empty -> NEVER (for X > max prime | m)
 m=6: tie interval [X in [11,13)) -> tie at prime cutoffs [11]
 m=7: tie interval empty -> NEVER (for X > max prime | m)
 m=10: tie interval empty -> NEVER (for X > max prime | m)
 m=11: tie interval empty -> NEVER (for X > max prime | m)
 m=13: tie interval empty -> NEVER (for X > max prime | m)
 m=14: tie interval empty -> NEVER (for X > max prime | m)
 m=15: tie interval empty -> NEVER (for X > max prime | m)
 m=17: tie interval empty -> NEVER (for X > max prime | m)
 m=19: tie interval empty -> NEVER (for X > max prime | m)
 m=21: tie interval empty -> NEVER (for X > max prime | m)
 m=22: tie interval empty -> NEVER (for X > max prime | m)
 m=23: tie interval empty -> NEVER (for X > max prime | m)
 m=26: tie interval empty -> NEVER (for X > max prime | m)
 m=29: tie interval empty -> NEVER (for X > max prime | m)
 m=30: tie interval empty -> NEVER (for X > max prime | m)
 m=31: tie interval empty -> NEVER (for X > max prime | m)
 m=33: tie interval empty -> NEVER (for X > max prime | m)
 m=34: tie interval empty -> NEVER (for X > max prime | m)
 m=35: tie interval empty -> NEVER (for X > max prime | m)
 m=37: tie interval empty -> NEVER (for X > max prime | m)
 m=38: tie interval empty -> NEVER (for X > max prime | m)
 m=39: tie interval empty -> NEVER (for X > max prime | m)
 m=41: tie interval empty -> NEVER (for X > max prime | m)
 m=42: tie interval empty -> NEVER (for X > max prime | m)
 m=43: tie interval empty -> NEVER (for X > max prime | m)
 m=46: tie interval empty -> NEVER (for X > max prime | m)
 m=47: tie interval empty -> NEVER (for X > max prime | m)
 m=51: tie interval empty -> NEVER (for X > max prime | m)
 m=53: tie interval empty -> NEVER (for X > max prime | m)
 m=55: tie interval empty -> NEVER (for X > max prime | m)
 m=57: tie interval empty -> NEVER (for X > max prime | m)
 m=58: tie interval empty -> NEVER (for X > max prime | m)
 m=59: tie interval empty -> NEVER (for X > max prime | m)
 m=61: tie interval empty -> NEVER (for X > max prime | m)
 m=62: tie interval empty -> NEVER (for X > max prime | m)
 m=65: tie interval empty -> NEVER (for X > max prime | m)
 m=66: tie interval empty -> NEVER (for X > max prime | m)
 m=67: tie interval empty -> NEVER (for X > max prime | m)
 m=69: tie interval empty -> NEVER (for X > max prime | m)
 m=70: tie interval empty -> NEVER (for X > max prime | m)
 m=71: tie interval empty -> NEVER (for X > max prime | m)
 m=73: tie interval empty -> NEVER (for X > max prime | m)
 m=74: tie interval empty -> NEVER (for X > max prime | m)
 m=77: tie interval empty -> NEVER (for X > max prime | m)
 m=78: tie interval empty -> NEVER (for X > max prime | m)
 m=79: tie interval empty -> NEVER (for X > max prime | m)
 m=82: tie interval empty -> NEVER (for X > max prime | m)
 m=83: tie interval empty -> NEVER (for X > max prime | m)
 m=85: tie interval empty -> NEVER (for X > max prime | m)
 m=86: tie interval empty -> NEVER (for X > max prime | m)
 m=87: tie interval empty -> NEVER (for X > max prime | m)
 m=89: tie interval empty -> NEVER (for X > max prime | m)
 m=91: tie interval empty -> NEVER (for X > max prime | m)
 m=93: tie interval empty -> NEVER (for X > max prime | m)
 m=94: tie interval empty -> NEVER (for X > max prime | m)
 m=95: tie interval empty -> NEVER (for X > max prime | m)
 m=97: tie interval empty -> NEVER (for X > max prime | m)
 m=101: tie interval empty -> NEVER (for X > max prime | m)
 m=102: tie interval empty -> NEVER (for X > max prime | m)
 m=103: tie interval empty -> NEVER (for X > max prime | m)
 m=105: tie interval empty -> NEVER (for X > max prime | m)
 m=106: tie interval empty -> NEVER (for X > max prime | m)
 m=107: tie interval empty -> NEVER (for X > max prime | m)
 m=109: tie interval empty -> NEVER (for X > max prime | m)
 m=110: tie interval empty -> NEVER (for X > max prime | m)
 m=111: tie interval empty -> NEVER (for X > max prime | m)
 m=113: tie interval empty -> NEVER (for X > max prime | m)
 m=114: tie interval empty -> NEVER (for X > max prime | m)
 m=115: tie interval empty -> NEVER (for X > max prime | m)
 m=118: tie interval empty -> NEVER (for X > max prime | m)
 m=119: tie interval empty -> NEVER (for X > max prime | m)
 m=122: tie interval empty -> NEVER (for X > max prime | m)
 m=123: tie interval empty -> NEVER (for X > max prime | m)
 m=127: tie interval empty -> NEVER (for X > max prime | m)
 m=129: tie interval empty -> NEVER (for X > max prime | m)
 m=130: tie interval empty -> NEVER (for X > max prime | m)
 m=131: tie interval empty -> NEVER (for X > max prime | m)
 m=133: tie interval empty -> NEVER (for X > max prime | m)
 m=134: tie interval empty -> NEVER (for X > max prime | m)
 m=137: tie interval empty -> NEVER (for X > max prime | m)
 m=138: tie interval empty -> NEVER (for X > max prime | m)
 m=139: tie interval empty -> NEVER (for X > max prime | m)
 m=141: tie interval empty -> NEVER (for X > max prime | m)
 m=142: tie interval empty -> NEVER (for X > max prime | m)
 m=143: tie interval empty -> NEVER (for X > max prime | m)
 m=145: tie interval empty -> NEVER (for X > max prime | m)
 m=146: tie interval empty -> NEVER (for X > max prime | m)
 m=149: tie interval empty -> NEVER (for X > max prime | m)
 m=151: tie interval empty -> NEVER (for X > max prime | m)
 m=154: tie interval empty -> NEVER (for X > max prime | m)
 m=155: tie interval empty -> NEVER (for X > max prime | m)
 m=157: tie interval empty -> NEVER (for X > max prime | m)
 m=158: tie interval empty -> NEVER (for X > max prime | m)
 m=159: tie interval empty -> NEVER (for X > max prime | m)
 m=161: tie interval empty -> NEVER (for X > max prime | m)
 m=163: tie interval empty -> NEVER (for X > max prime | m)
 m=165: tie interval empty -> NEVER (for X > max prime | m)
 m=166: tie interval empty -> NEVER (for X > max prime | m)
 m=167: tie interval empty -> NEVER (for X > max prime | m)
 m=170: tie interval empty -> NEVER (for X > max prime | m)
 m=173: tie interval empty -> NEVER (for X > max prime | m)
 m=174: tie interval empty -> NEVER (for X > max prime | m)
 m=177: tie interval empty -> NEVER (for X > max prime | m)
 m=178: tie interval empty -> NEVER (for X > max prime | m)
 m=179: tie interval empty -> NEVER (for X > max prime | m)
 m=181: tie interval empty -> NEVER (for X > max prime | m)
 m=182: tie interval empty -> NEVER (for X > max prime | m)
 m=183: tie interval empty -> NEVER (for X > max prime | m)
 m=185: tie interval empty -> NEVER (for X > max prime | m)
 m=186: tie interval empty -> NEVER (for X > max prime | m)
 m=187: tie interval empty -> NEVER (for X > max prime | m)
 m=190: tie interval empty -> NEVER (for X > max prime | m)
 m=191: tie interval empty -> NEVER (for X > max prime | m)
 m=193: tie interval empty -> NEVER (for X > max prime | m)
 m=194: tie interval empty -> NEVER (for X > max prime | m)
 m=195: tie interval empty -> NEVER (for X > max prime | m)
 m=197: tie interval empty -> NEVER (for X > max prime | m)
 m=199: tie interval empty -> NEVER (for X > max prime | m)

complete tie list over ALL X (m squarefree <= 200, X > max p|m): [(3, 2), (11, 6)]

total time 203.6s

== EXTENSION: exact classification m in [201,1000], ALL X (mini-scan X<=2000) ==
non-squarefree, target outside step lattice (NEVER): 314
squarefree, forced counts infeasible (NEVER): 486
solvable non-squarefree walkers: []
complete tie list (ALL X) in this m-range: []
time 166.2s
